frame,time,userId,cellBoundaryRisk,physicalBoundaryRisk,userRisk,seedMotionPenalty,cellShapePenaltyReserved,smoothRisk,weightedTotalRisk,dominantRisk,minCellClearance,minPhysicalClearance,minPairSeparation,minOccupancySeparation,seedDelta,frameMeanCellRisk,frameMeanPhysicalRisk,frameMeanUserRisk,frameMeanSmoothRisk,frameWeightedTotalRisk
10,0.111000,0,0.000000,0.000000,0.000000,0.000000,0.000000,0.000000,0.000000,None,1.866342,4.086370,3.732682,3.732682,0.000000,0.000000,0.000000,0.000000,0.000000,0.000000
10,0.111000,1,0.000000,0.000000,0.000000,0.000000,0.000000,0.000000,0.000000,None,3.942080,3.942080,7.891459,7.891459,0.000000,0.000000,0.000000,0.000000,0.000000,0.000000
10,0.111000,2,0.000000,0.000000,0.000000,0.000000,0.000000,0.000000,0.000000,None,0.640320,0.640320,3.732682,3.732682,0.000000,0.000000,0.000000,0.000000,0.000000,0.000000
10,0.111000,3,0.000000,0.000000,0.000000,0.000000,0.000000,0.000000,0.000000,None,2.310050,2.310050,7.891459,7.891459,0.000000,0.000000,0.000000,0.000000,0.000000,0.000000
20,0.222000,0,0.000000,0.000000,0.000000,0.000000,0.000000,0.000000,0.000000,None,1.866342,4.086370,3.732682,3.732682,0.000000,0.000000,0.000000,0.000000,0.000000,0.000000
20,0.222000,1,0.000000,0.000000,0.000000,0.000000,0.000000,0.000000,0.000000,None,3.942080,3.942080,7.891459,7.891459,0.000000,0.000000,0.000000,0.000000,0.000000,0.000000
20,0.222000,2,0.000000,0.000000,0.000000,0.000000,0.000000,0.000000,0.000000,None,0.640320,0.640320,3.732682,3.732682,0.000000,0.000000,0.000000,0.000000,0.000000,0.000000
20,0.222000,3,0.000000,0.000000,0.000000,0.000000,0.000000,0.000000,0.000000,None,2.310050,2.310050,7.891459,7.891459,0.000000,0.000000,0.000000,0.000000,0.000000,0.000000
30,0.333000,0,0.000000,0.000000,0.000000,0.000000,0.000000,0.000000,0.000000,None,1.866342,4.086370,3.732682,3.732682,0.000000,0.000000,0.000000,0.000000,0.004160,0.000832
30,0.333000,1,0.000000,0.000000,0.000000,0.016642,0.000000,0.016642,0.003328,None,3.662561,3.662561,7.987480,7.987480,0.004160,0.000000,0.000000,0.000000,0.004160,0.000832
30,0.333000,2,0.000000,0.000000,0.000000,0.000000,0.000000,0.000000,0.000000,None,0.640320,0.640320,3.732682,3.732682,0.000000,0.000000,0.000000,0.000000,0.004160,0.000832
30,0.333000,3,0.000000,0.000000,0.000000,0.000000,0.000000,0.000000,0.000000,None,2.310050,2.310050,7.987480,7.987480,0.000000,0.000000,0.000000,0.000000,0.004160,0.000832
40,0.444000,0,0.000000,0.000000,0.000000,0.000000,0.000000,0.000000,0.000000,None,1.866342,4.086370,3.732682,3.732682,0.000000,0.000000,0.000000,0.000000,0.016197,0.003239
40,0.444000,1,0.000000,0.000000,0.000000,0.035785,0.000000,0.035785,0.007157,None,2.807147,2.807147,8.881618,8.881618,0.008946,0.000000,0.000000,0.000000,0.016197,0.003239
40,0.444000,2,0.000000,0.000000,0.000000,0.000000,0.000000,0.000000,0.000000,None,0.640320,0.640320,3.732682,3.732682,0.000000,0.000000,0.000000,0.000000,0.016197,0.003239
40,0.444000,3,0.000000,0.000000,0.000000,0.029004,0.000000,0.029004,0.005801,None,1.871899,1.871899,8.881618,8.881618,0.007251,0.000000,0.000000,0.000000,0.016197,0.003239
50,0.555000,0,0.000000,0.000000,0.000000,0.013195,0.000000,0.013195,0.002639,None,2.023494,4.282563,4.003558,4.003558,0.003299,0.000000,0.000000,0.000000,0.025967,0.005193
50,0.555000,1,0.000000,0.000000,0.000000,0.041691,0.000000,0.041691,0.008338,None,2.365929,2.365929,9.119652,9.119652,0.010423,0.000000,0.000000,0.000000,0.025967,0.005193
50,0.555000,2,0.000000,0.000000,0.000000,0.009324,0.000000,0.009324,0.001865,None,0.572122,0.572122,4.003558,4.003558,0.002331,0.000000,0.000000,0.000000,0.025967,0.005193
50,0.555000,3,0.000000,0.000000,0.000000,0.039660,0.000000,0.039660,0.007932,None,1.526766,1.526766,9.167583,9.167583,0.009915,0.000000,0.000000,0.000000,0.025967,0.005193
60,0.666000,0,0.000000,0.000000,0.000000,0.034757,0.000000,0.034757,0.006951,None,2.463695,4.740396,4.956831,4.956831,0.008689,0.224733,0.232313,0.000000,0.038709,0.097635
60,0.666000,1,0.000000,0.000000,0.000000,0.043508,0.000000,0.043508,0.008702,None,2.150348,2.150348,9.040833,9.040833,0.010877,0.224733,0.232313,0.000000,0.038709,0.097635
60,0.666000,2,0.898932,0.929253,0.000000,0.033628,0.000000,0.033628,0.366299,Wall,0.035374,0.035374,4.956831,4.956831,0.008407,0.224733,0.232313,0.000000,0.038709,0.097635
60,0.666000,3,0.000000,0.000000,0.000000,0.042943,0.000000,0.042943,0.008589,None,1.395552,1.395552,9.371364,9.371364,0.010736,0.224733,0.232313,0.000000,0.038709,0.097635
70,0.777000,0,0.000000,0.000000,0.000000,0.041401,0.000000,0.041401,0.008280,None,2.629492,4.923253,5.304251,5.304251,0.010350,0.250000,0.250000,0.000000,0.042635,0.108527
70,0.777000,1,0.000000,0.000000,0.000000,0.044072,0.000000,0.044072,0.008814,None,2.008041,2.008041,8.892396,8.892396,0.011018,0.250000,0.250000,0.000000,0.042635,0.108527
70,0.777000,2,1.000000,1.000000,0.000000,0.041113,0.000000,0.041113,0.408223,Wall,-0.242452,-0.242452,5.304251,5.304251,0.010278,0.250000,0.250000,0.000000,0.042635,0.108527
70,0.777000,3,0.000000,0.000000,0.000000,0.043954,0.000000,0.043954,0.008791,None,1.344279,1.344279,9.545857,9.545857,0.010988,0.250000,0.250000,0.000000,0.042635,0.108527
80,0.888000,0,0.000000,0.000000,0.000000,0.043453,0.000000,0.043453,0.008691,None,2.755302,5.053892,5.553880,5.553880,0.010863,0.250000,0.250000,0.000000,0.043846,0.108769
80,0.888000,1,0.000000,0.000000,0.000000,0.044244,0.000000,0.044244,0.008849,None,1.886029,1.886029,8.842047,8.842047,0.011061,0.250000,0.250000,0.000000,0.043846,0.108769
80,0.888000,2,1.000000,1.000000,0.000000,0.043422,0.000000,0.043422,0.408684,Wall,-0.343947,-0.343947,5.553880,5.553880,0.010855,0.250000,0.250000,0.000000,0.043846,0.108769
80,0.888000,3,0.000000,0.000000,0.000000,0.044265,0.000000,0.044265,0.008853,None,1.317234,1.317234,9.713762,9.713762,0.011066,0.250000,0.250000,0.000000,0.043846,0.108769
90,0.999000,0,0.000000,0.000000,0.000000,0.044084,0.000000,0.044084,0.008817,None,2.867326,5.166888,5.770436,5.770436,0.011021,0.250000,0.250000,0.000000,0.044220,0.108844
90,0.999000,1,0.000000,0.000000,0.000000,0.044300,0.000000,0.044300,0.008860,None,1.769337,1.769337,8.831614,8.831614,0.011075,0.250000,0.250000,0.000000,0.044220,0.108844
90,0.999000,2,1.000000,1.000000,0.000000,0.044134,0.000000,0.044134,0.408827,Wall,-0.385263,-0.385263,5.770436,5.770436,0.011033,0.250000,0.250000,0.000000,0.044220,0.108844
90,0.999000,3,0.000000,0.000000,0.000000,0.044362,0.000000,0.044362,0.008872,None,1.298477,1.298477,9.881922,9.881922,0.011090,0.250000,0.250000,0.000000,0.044220,0.108844
100,1.110000,0,0.000000,0.000000,0.000000,0.044277,0.000000,0.044277,0.008855,None,2.975201,5.274408,5.977574,5.977574,0.011069,0.250000,0.250000,0.000000,0.044334,0.108867
100,1.110000,1,0.000000,0.000000,0.000000,0.044315,0.000000,0.044315,0.008863,None,1.654250,1.654250,8.831796,8.831796,0.011079,0.250000,0.250000,0.000000,0.044334,0.108867
100,1.110000,2,1.000000,1.000000,0.000000,0.044353,0.000000,0.044353,0.408871,Wall,-0.408106,-0.408106,5.977574,5.977574,0.011088,0.250000,0.250000,0.000000,0.044334,0.108867
100,1.110000,3,0.000000,0.000000,0.000000,0.044391,0.000000,0.044391,0.008878,None,1.283633,1.283633,10.052050,10.052050,0.011098,0.250000,0.250000,0.000000,0.044334,0.108867
110,1.221001,0,0.000000,0.000000,0.000000,0.044329,0.000000,0.044329,0.008866,None,3.048044,5.379905,6.181955,6.181955,0.011082,0.250000,0.250000,0.000000,0.044369,0.108874
110,1.221001,1,0.000000,0.000000,0.000000,0.044322,0.000000,0.044322,0.008864,None,1.539795,1.539795,8.834190,8.834190,0.011080,0.250000,0.250000,0.000000,0.044369,0.108874
110,1.221001,2,1.000000,1.000000,0.000000,0.044421,0.000000,0.044421,0.408884,Wall,-0.423754,-0.423754,6.181955,6.181955,0.011105,0.250000,0.250000,0.000000,0.044369,0.108874
110,1.221001,3,0.000000,0.000000,0.000000,0.044407,0.000000,0.044407,0.008881,None,1.272143,1.272143,10.224520,10.224520,0.011102,0.250000,0.250000,0.000000,0.044369,0.108874
120,1.332001,0,0.000000,0.000000,0.000000,0.044348,0.000000,0.044348,0.008870,None,3.046081,5.484255,6.385342,6.385342,0.011087,0.250000,0.250000,0.000000,0.044377,0.108876
120,1.332001,1,0.000000,0.000000,0.000000,0.044323,0.000000,0.044323,0.008865,None,1.426250,1.426250,8.837585,8.837585,0.011081,0.250000,0.250000,0.000000,0.044377,0.108876
120,1.332001,2,1.000000,1.000000,0.000000,0.044438,0.000000,0.044438,0.408888,Wall,-0.435333,-0.435333,6.385342,6.385342,0.011109,0.250000,0.250000,0.000000,0.044377,0.108876
120,1.332001,3,0.000000,0.000000,0.000000,0.044401,0.000000,0.044401,0.008880,None,1.263776,1.263776,10.398010,10.398010,0.011100,0.250000,0.250000,0.000000,0.044377,0.108876
130,1.443002,0,0.000000,0.000000,0.000000,0.044361,0.000000,0.044361,0.008872,None,3.044038,5.587676,6.588103,6.588103,0.011090,0.250000,0.250000,0.000000,0.044384,0.108877
130,1.443002,1,0.000000,0.000000,0.000000,0.044325,0.000000,0.044325,0.008865,None,1.316069,1.316069,8.848677,8.848677,0.011081,0.250000,0.250000,0.000000,0.044384,0.108877
130,1.443002,2,1.000000,1.000000,0.000000,0.044446,0.000000,0.044446,0.408889,Wall,-0.443292,-0.443292,6.588103,6.588103,0.011111,0.250000,0.250000,0.000000,0.044384,0.108877
130,1.443002,3,0.000000,0.000000,0.000000,0.044405,0.000000,0.044405,0.008881,None,1.258281,1.258281,10.354940,10.354940,0.011101,0.250000,0.250000,0.000000,0.044384,0.108877
140,1.554002,0,0.000000,0.000000,0.000000,0.044358,0.000000,0.044358,0.008872,None,3.042350,5.690073,6.790147,6.790147,0.011090,0.250000,0.250000,0.000000,0.044385,0.108877
140,1.554002,1,0.000000,0.000000,0.000000,0.044323,0.000000,0.044323,0.008865,None,1.208557,1.208557,8.864985,8.864985,0.011081,0.250000,0.250000,0.000000,0.044385,0.108877
140,1.554002,2,1.000000,1.000000,0.000000,0.044450,0.000000,0.044450,0.408890,Wall,-0.447750,-0.447750,6.790147,6.790147,0.011113,0.250000,0.250000,0.000000,0.044385,0.108877
140,1.554002,3,0.000000,0.000000,0.000000,0.044407,0.000000,0.044407,0.008881,None,1.255891,1.255891,10.278050,10.278050,0.011102,0.250000,0.250000,0.000000,0.044385,0.108877
150,1.665003,0,0.000000,0.000000,0.000000,0.044360,0.000000,0.044360,0.008872,None,3.040915,5.791450,6.991343,6.991343,0.011090,0.250000,0.250000,0.000000,0.044382,0.108876
150,1.665003,1,0.000000,0.000000,0.000000,0.044317,0.000000,0.044317,0.008863,None,1.102820,1.102820,8.882159,8.882159,0.011079,0.250000,0.250000,0.000000,0.044382,0.108876
150,1.665003,2,1.000000,1.000000,0.000000,0.044444,0.000000,0.044444,0.408889,Wall,-0.448719,-0.448719,6.991343,6.991343,0.011111,0.250000,0.250000,0.000000,0.044382,0.108876
150,1.665003,3,0.000000,0.000000,0.000000,0.044405,0.000000,0.044405,0.008881,None,1.256451,1.256451,10.203380,10.203380,0.011101,0.250000,0.250000,0.000000,0.044382,0.108876
160,1.776003,0,0.000000,0.000000,0.000000,0.044359,0.000000,0.044359,0.008872,None,3.039470,5.891779,7.191751,7.191751,0.011090,0.250000,0.250000,0.000000,0.044383,0.108877
160,1.776003,1,0.000000,0.000000,0.000000,0.044315,0.000000,0.044315,0.008863,None,0.998446,0.998446,8.898562,8.898562,0.011079,0.250000,0.250000,0.000000,0.044383,0.108877
160,1.776003,2,1.000000,1.000000,0.000000,0.044452,0.000000,0.044452,0.408891,Wall,-0.446258,-0.446258,7.191751,7.191751,0.011113,0.250000,0.250000,0.000000,0.044383,0.108877
160,1.776003,3,0.000000,0.000000,0.000000,0.044407,0.000000,0.044407,0.008881,None,1.260106,1.260106,10.130900,10.130900,0.011102,0.250000,0.250000,0.000000,0.044383,0.108877
170,1.887004,0,0.000000,0.000000,0.000000,0.044356,0.000000,0.044356,0.008871,None,3.032447,5.990986,7.391087,7.391087,0.011089,0.250000,0.250000,0.000000,0.040224,0.108045
170,1.887004,1,0.000000,0.000000,0.000000,0.027682,0.000000,0.027682,0.005536,None,0.936296,0.936296,8.867930,8.867930,0.006920,0.250000,0.250000,0.000000,0.040224,0.108045
170,1.887004,2,1.000000,1.000000,0.000000,0.044444,0.000000,0.044444,0.408889,Wall,-0.440146,-0.440146,7.391087,7.391087,0.011111,0.250000,0.250000,0.000000,0.040224,0.108045
170,1.887004,3,0.000000,0.000000,0.000000,0.044412,0.000000,0.044412,0.008882,None,1.266777,1.266777,10.061020,10.061020,0.011103,0.250000,0.250000,0.000000,0.040224,0.108045
180,1.998004,0,0.000000,0.000000,0.000000,0.044359,0.000000,0.044359,0.008872,None,2.993817,6.089087,7.589581,7.589581,0.011090,0.250000,0.250000,0.000000,0.035439,0.107088
180,1.998004,1,0.000000,0.000000,0.000000,0.008535,0.000000,0.008535,0.001707,None,0.936296,0.936296,8.767121,8.767121,0.002134,0.250000,0.250000,0.000000,0.035439,0.107088
180,1.998004,2,1.000000,1.000000,0.000000,0.044451,0.000000,0.044451,0.408890,Wall,-0.431173,-0.431173,7.589581,7.589581,0.011113,0.250000,0.250000,0.000000,0.035439,0.107088
180,1.998004,3,0.000000,0.000000,0.000000,0.044409,0.000000,0.044409,0.008882,None,1.276486,1.276486,9.993689,9.993689,0.011102,0.250000,0.250000,0.000000,0.035439,0.107088
190,2.109005,0,0.000000,0.000000,0.000000,0.044357,0.000000,0.044357,0.008871,None,2.942605,6.186221,7.786717,7.786717,0.011089,0.250000,0.250000,0.000000,0.033962,0.106792
190,2.109005,1,0.000000,0.000000,0.000000,0.002632,0.000000,0.002632,0.000526,None,0.936296,0.936296,8.666821,8.666821,0.000658,0.250000,0.250000,0.000000,0.033962,0.106792
190,2.109005,2,1.000000,1.000000,0.000000,0.044447,0.000000,0.044447,0.408889,Wall,-0.418525,-0.418525,7.786717,7.786717,0.011112,0.250000,0.250000,0.000000,0.033962,0.106792
190,2.109005,3,0.000000,0.000000,0.000000,0.044410,0.000000,0.044410,0.008882,None,1.289204,1.289204,9.928336,9.928336,0.011103,0.250000,0.250000,0.000000,0.033962,0.106792
200,2.220006,0,0.000000,0.000000,0.000000,0.044362,0.000000,0.044362,0.008872,None,2.904042,6.285946,7.980153,7.980153,0.011090,0.250000,0.250000,0.000000,0.033508,0.106702
200,2.220006,1,0.000000,0.000000,0.000000,0.000811,0.000000,0.000811,0.000162,None,0.936296,0.936296,8.586173,8.586173,0.000203,0.250000,0.250000,0.000000,0.033508,0.106702
200,2.220006,2,1.000000,1.000000,0.000000,0.044447,0.000000,0.044447,0.408889,Wall,-0.401914,-0.401914,7.980153,7.980153,0.011112,0.250000,0.250000,0.000000,0.033508,0.106702
200,2.220006,3,0.000000,0.000000,0.000000,0.044413,0.000000,0.044413,0.008883,None,1.304839,1.304839,9.848808,9.848808,0.011103,0.250000,0.250000,0.000000,0.033508,0.106702
210,2.331006,0,0.000000,0.000000,0.000000,0.013678,0.000000,0.013678,0.002736,None,2.934311,6.285946,8.066038,8.066038,0.003419,0.250000,0.250000,0.000000,0.028020,0.105604
210,2.331006,1,0.000000,0.000000,0.000000,0.009538,0.000000,0.009538,0.001908,None,0.922468,0.922468,8.609151,8.609151,0.002384,0.250000,0.250000,0.000000,0.028020,0.105604
210,2.331006,2,1.000000,1.000000,0.000000,0.044447,0.000000,0.044447,0.408889,Wall,-0.382346,-0.382346,8.066038,8.066038,0.011112,0.250000,0.250000,0.000000,0.028020,0.105604
210,2.331006,3,0.000000,0.000000,0.000000,0.044416,0.000000,0.044416,0.008883,None,1.323630,1.323630,9.853519,9.853519,0.011104,0.250000,0.250000,0.000000,0.028020,0.105604
220,2.442007,0,0.000000,0.000000,0.000000,0.004218,0.000000,0.004218,0.000844,None,2.974344,6.285946,8.150502,8.150502,0.001054,0.250000,0.250000,0.000000,0.031670,0.106334
220,2.442007,1,0.000000,0.000000,0.000000,0.033599,0.000000,0.033599,0.006720,None,0.881801,0.881801,8.723188,8.723188,0.008400,0.250000,0.250000,0.000000,0.031670,0.106334
220,2.442007,2,1.000000,1.000000,0.000000,0.044447,0.000000,0.044447,0.408889,Wall,-0.359336,-0.359336,8.150502,8.150502,0.011112,0.250000,0.250000,0.000000,0.031670,0.106334
220,2.442007,3,0.000000,0.000000,0.000000,0.044416,0.000000,0.044416,0.008883,None,1.345274,1.345274,9.856611,9.856611,0.011104,0.250000,0.250000,0.000000,0.031670,0.106334
230,2.553007,0,0.000000,0.000000,0.000000,0.001300,0.000000,0.001300,0.000260,None,3.024955,6.285946,8.233488,8.233488,0.000325,0.250000,0.250000,0.000000,0.032795,0.106559
230,2.553007,1,0.000000,0.000000,0.000000,0.041024,0.000000,0.041024,0.008205,None,0.824906,0.824906,8.833748,8.833748,0.010256,0.250000,0.250000,0.000000,0.032795,0.106559
230,2.553007,2,1.000000,1.000000,0.000000,0.044444,0.000000,0.044444,0.408889,Wall,-0.332997,-0.332997,8.233488,8.233488,0.011111,0.250000,0.250000,0.000000,0.032795,0.106559
230,2.553007,3,0.000000,0.000000,0.000000,0.044411,0.000000,0.044411,0.008882,None,1.369965,1.369965,9.857868,9.857868,0.011103,0.250000,0.250000,0.000000,0.032795,0.106559
240,2.664008,0,0.000000,0.000000,0.000000,0.031097,0.000000,0.031097,0.006219,None,3.083263,6.397820,8.407686,8.407686,0.007774,0.250000,0.250000,0.000000,0.040815,0.108163
240,2.664008,1,0.000000,0.000000,0.000000,0.043306,0.000000,0.043306,0.008661,None,0.752846,0.752846,8.938877,8.938877,0.010827,0.250000,0.250000,0.000000,0.040815,0.108163
240,2.664008,2,1.000000,1.000000,0.000000,0.044446,0.000000,0.044446,0.408889,Wall,-0.303253,-0.303253,8.407686,8.407686,0.011112,0.250000,0.250000,0.000000,0.040815,0.108163
240,2.664008,3,0.000000,0.000000,0.000000,0.044410,0.000000,0.044410,0.008882,None,1.397561,1.397561,9.711084,9.711084,0.011102,0.250000,0.250000,0.000000,0.040815,0.108163
250,2.775008,0,0.000000,0.000000,0.000000,0.040281,0.000000,0.040281,0.008056,None,3.119412,6.504389,8.585710,8.585710,0.010070,0.250000,0.250000,0.000000,0.043287,0.108657
250,2.775008,1,0.000000,0.000000,0.000000,0.044010,0.000000,0.044010,0.008802,None,0.675912,0.675912,8.995628,8.995628,0.011003,0.250000,0.250000,0.000000,0.043287,0.108657
250,2.775008,2,1.000000,1.000000,0.000000,0.044446,0.000000,0.044446,0.408889,Wall,-0.270131,-0.270131,8.585710,8.585710,0.011111,0.250000,0.250000,0.000000,0.043287,0.108657
250,2.775008,3,0.000000,0.000000,0.000000,0.044411,0.000000,0.044411,0.008882,None,1.428061,1.428061,9.597655,9.597655,0.011103,0.250000,0.250000,0.000000,0.043287,0.108657
260,2.886009,0,0.000000,0.000000,0.000000,0.043117,0.000000,0.043117,0.008623,None,3.146345,6.609297,8.763048,8.763048,0.010779,0.250000,0.250000,0.000000,0.044051,0.108810
260,2.886009,1,0.000000,0.000000,0.000000,0.044227,0.000000,0.044227,0.008845,None,0.598779,0.598779,9.033874,9.033874,0.011057,0.250000,0.250000,0.000000,0.044051,0.108810
260,2.886009,2,1.000000,1.000000,0.000000,0.044445,0.000000,0.044445,0.408889,Wall,-0.233733,-0.233733,8.763048,8.763048,0.011111,0.250000,0.250000,0.000000,0.044051,0.108810
260,2.886009,3,0.000000,0.000000,0.000000,0.044413,0.000000,0.044413,0.008883,None,1.461480,1.461480,9.498161,9.498161,0.011103,0.250000,0.250000,0.000000,0.044051,0.108810
270,2.997009,0,0.000000,0.000000,0.000000,0.043994,0.000000,0.043994,0.008799,None,3.185792,6.715689,8.913712,8.913712,0.010999,0.250000,0.250000,0.000000,0.036814,0.107363
270,2.997009,1,0.000000,0.000000,0.000000,0.044295,0.000000,0.044295,0.008859,None,0.523264,0.523264,9.082620,9.082620,0.011074,0.250000,0.250000,0.000000,0.036814,0.107363
270,2.997009,2,1.000000,1.000000,0.000000,0.031227,0.000000,0.031227,0.406246,Wall,-0.206286,-0.206286,8.913712,8.913712,0.007807,0.250000,0.250000,0.000000,0.036814,0.107363
270,2.997009,3,0.000000,0.000000,0.000000,0.027738,0.000000,0.027738,0.005548,None,1.482891,1.482891,9.392324,9.392324,0.006935,0.250000,0.250000,0.000000,0.036814,0.107363
280,3.108010,0,0.000000,0.000000,0.000000,0.044266,0.000000,0.044266,0.008853,None,3.232135,6.823129,9.010067,9.010067,0.011067,0.250000,0.275079,0.000000,0.026690,0.105338
280,3.108010,1,0.000000,0.100317,0.000000,0.044314,0.000000,0.044314,0.008863,None,0.449842,0.449842,9.137459,9.137459,0.011079,0.250000,0.275079,0.000000,0.026690,0.105338
280,3.108010,2,1.000000,1.000000,0.000000,0.009628,0.000000,0.009628,0.401926,Wall,-0.206286,-0.206286,9.010067,9.010067,0.002407,0.250000,0.275079,0.000000,0.026690,0.105338
280,3.108010,3,0.000000,0.000000,0.000000,0.008552,0.000000,0.008552,0.001710,None,1.482891,1.482891,9.284485,9.284485,0.002138,0.250000,0.275079,0.000000,0.026690,0.105338
290,3.219010,0,0.000000,0.000000,0.000000,0.044348,0.000000,0.044348,0.008870,None,3.279437,6.931005,9.105843,9.105843,0.011087,0.250000,0.310525,0.000000,0.023567,0.104713
290,3.219010,1,0.000000,0.242100,0.000000,0.044316,0.000000,0.044316,0.008863,None,0.378950,0.378950,9.192138,9.192138,0.011079,0.250000,0.310525,0.000000,0.023567,0.104713
290,3.219010,2,1.000000,1.000000,0.000000,0.002969,0.000000,0.002969,0.400594,Wall,-0.206286,-0.206286,9.105843,9.105843,0.000742,0.250000,0.310525,0.000000,0.023567,0.104713
290,3.219010,3,0.000000,0.000000,0.000000,0.002637,0.000000,0.002637,0.000527,None,1.482891,1.482891,9.176372,9.176372,0.000659,0.250000,0.310525,0.000000,0.023567,0.104713
300,3.330011,0,0.000000,0.000000,0.000000,0.044376,0.000000,0.044376,0.008875,None,3.323969,7.038940,9.070476,9.070476,0.011094,0.278264,0.344785,0.000000,0.022606,0.115827
300,3.330011,1,0.113056,0.379139,0.000000,0.044320,0.000000,0.044320,0.054086,Mixed,0.310431,0.310431,9.242970,9.242970,0.011080,0.278264,0.344785,0.000000,0.022606,0.115827
300,3.330011,2,1.000000,1.000000,0.000000,0.000916,0.000000,0.000916,0.400183,Wall,-0.206286,-0.206286,9.201659,9.201659,0.000229,0.278264,0.344785,0.000000,0.022606,0.115827
300,3.330011,3,0.000000,0.000000,0.000000,0.000813,0.000000,0.000813,0.000163,None,1.482891,1.482891,9.070476,9.070476,0.000203,0.278264,0.344785,0.000000,0.022606,0.115827
310,3.441011,0,0.000000,0.000000,0.000000,0.044381,0.000000,0.044381,0.008876,None,3.364600,7.146731,8.967625,8.967625,0.011095,0.325378,0.377764,0.000000,0.022308,0.134613
310,3.441011,1,0.301510,0.511057,0.000000,0.044319,0.000000,0.044319,0.129468,Wall,0.244472,0.244472,9.288583,9.288583,0.011080,0.325378,0.377764,0.000000,0.022308,0.134613
310,3.441011,2,1.000000,1.000000,0.000000,0.000283,0.000000,0.000283,0.400057,Wall,-0.206286,-0.206286,9.297762,9.297762,0.000071,0.325378,0.377764,0.000000,0.022308,0.134613
310,3.441011,3,0.000000,0.000000,0.000000,0.000251,0.000000,0.000251,0.000050,None,1.482891,1.482891,8.967625,8.967625,0.000063,0.325378,0.377764,0.000000,0.022308,0.134613
320,3.552012,0,0.000000,0.000000,0.000000,0.044384,0.000000,0.044384,0.008877,None,3.400630,7.254374,8.867708,8.867708,0.011096,0.370556,0.409390,0.000000,0.022217,0.152666
320,3.552012,1,0.482226,0.637558,0.000000,0.044317,0.000000,0.044317,0.201754,Wall,0.181221,0.181221,9.328039,9.328039,0.011079,0.370556,0.409390,0.000000,0.022217,0.152666
320,3.552012,2,1.000000,1.000000,0.000000,0.000088,0.000000,0.000088,0.400018,Wall,-0.206286,-0.206286,9.394442,9.394442,0.000022,0.370556,0.409390,0.000000,0.022217,0.152666
320,3.552012,3,0.000000,0.000000,0.000000,0.000077,0.000000,0.000077,0.000015,None,1.482891,1.482891,8.867708,8.867708,0.000019,0.370556,0.409390,0.000000,0.022217,0.152666
330,3.663013,0,0.000000,0.000000,0.000000,0.044384,0.000000,0.044384,0.008877,None,3.432763,7.361824,8.770467,8.770467,0.011096,0.413902,0.439732,0.000000,0.022189,0.169999
330,3.663013,1,0.655609,0.758926,0.000000,0.044321,0.000000,0.044321,0.271108,Wall,0.120537,0.120537,9.362254,9.362254,0.011080,0.413902,0.439732,0.000000,0.022189,0.169999
330,3.663013,2,1.000000,1.000000,0.000000,0.000027,0.000000,0.000027,0.400005,Wall,-0.206286,-0.206286,9.491656,9.491656,0.000007,0.413902,0.439732,0.000000,0.022189,0.169999
330,3.663013,3,0.000000,0.000000,0.000000,0.000024,0.000000,0.000024,0.000005,None,1.482891,1.482891,8.770467,8.770467,0.000006,0.413902,0.439732,0.000000,0.022189,0.169999
340,3.774013,0,0.000000,0.000000,0.000000,0.044387,0.000000,0.044387,0.008877,None,3.378730,7.469314,8.406948,8.406948,0.011097,0.455218,0.468653,0.000000,0.029440,0.187975
340,3.774013,1,0.820873,0.874611,0.000000,0.044321,0.000000,0.044321,0.337213,Wall,0.062695,0.062695,9.393750,9.393750,0.011080,0.455218,0.468653,0.000000,0.029440,0.187975
340,3.774013,2,1.000000,1.000000,0.000000,0.000008,0.000000,0.000008,0.400002,Wall,-0.206286,-0.206286,9.589044,9.589044,0.000002,0.455218,0.468653,0.000000,0.029440,0.187975
340,3.774013,3,0.000000,0.000000,0.000000,0.029043,0.000000,0.029043,0.005809,None,1.782262,1.782262,8.406948,8.406948,0.007261,0.455218,0.468653,0.000000,0.029440,0.187975
350,3.885014,0,0.000000,0.000000,0.000000,0.032676,0.000000,0.032676,0.006535,None,3.351869,7.533923,8.111181,8.111181,0.008169,0.494649,0.496254,0.000000,0.029174,0.203694
350,3.885014,1,0.978597,0.985018,0.000000,0.044321,0.000000,0.044321,0.400303,Wall,0.007491,0.007491,9.445996,9.445996,0.011080,0.494649,0.496254,0.000000,0.029174,0.203694
350,3.885014,2,1.000000,1.000000,0.000000,0.000002,0.000000,0.000002,0.400000,Wall,-0.206286,-0.206286,9.647374,9.647374,0.000000,0.494649,0.496254,0.000000,0.029174,0.203694
350,3.885014,3,0.000000,0.000000,0.000000,0.039696,0.000000,0.039696,0.007939,None,2.023973,2.023973,8.111181,8.111181,0.009924,0.494649,0.496254,0.000000,0.029174,0.203694
360,3.996014,0,0.000000,0.000000,0.000000,0.040761,0.000000,0.040761,0.008152,None,3.286622,7.640986,7.905491,7.905491,0.010190,0.500000,0.500000,0.000000,0.034950,0.206990
360,3.996014,1,1.000000,1.000000,0.000000,0.044324,0.000000,0.044324,0.408865,Wall,-0.044755,-0.044755,9.468554,9.468554,0.011081,0.500000,0.500000,0.000000,0.034950,0.206990
360,3.996014,2,1.000000,1.000000,0.000000,0.011727,0.000000,0.011727,0.402345,Wall,-0.318727,-0.318727,9.797394,9.797394,0.002932,0.500000,0.500000,0.000000,0.034950,0.206990
360,3.996014,3,0.000000,0.000000,0.000000,0.042985,0.000000,0.042985,0.008597,None,2.091291,2.091291,7.905491,7.905491,0.010746,0.500000,0.500000,0.000000,0.034950,0.206990
370,4.107012,0,0.000000,0.000000,0.000000,0.043256,0.000000,0.043256,0.008651,None,3.231691,7.747060,7.758888,7.758888,0.010814,0.500000,0.500000,0.000000,0.033798,0.206760
370,4.107012,1,1.000000,1.000000,0.000000,0.044320,0.000000,0.044320,0.408864,Wall,-0.094091,-0.094091,9.477238,9.477238,0.011080,0.500000,0.500000,0.000000,0.033798,0.206760
370,4.107012,2,1.000000,1.000000,0.000000,0.003617,0.000000,0.003617,0.400723,Wall,-0.318727,-0.318727,9.897755,9.897755,0.000904,0.500000,0.500000,0.000000,0.033798,0.206760
370,4.107012,3,0.000000,0.000000,0.000000,0.044000,0.000000,0.044000,0.008800,None,2.149431,2.149431,7.758888,7.758888,0.011000,0.500000,0.500000,0.000000,0.033798,0.206760
380,4.218010,0,0.000000,0.000000,0.000000,0.044025,0.000000,0.044025,0.008805,None,3.183004,7.852156,7.636157,7.636157,0.011006,0.500000,0.500000,0.000000,0.033444,0.206689
380,4.218010,1,1.000000,1.000000,0.000000,0.044324,0.000000,0.044324,0.408865,Wall,-0.140465,-0.140465,9.474822,9.474822,0.011081,0.500000,0.500000,0.000000,0.033444,0.206689
380,4.218010,2,1.000000,1.000000,0.000000,0.001114,0.000000,0.001114,0.400223,Wall,-0.318727,-0.318727,9.999898,9.999898,0.000279,0.500000,0.500000,0.000000,0.033444,0.206689
380,4.218010,3,0.000000,0.000000,0.000000,0.044312,0.000000,0.044312,0.008862,None,2.206795,2.206795,7.636157,7.636157,0.011078,0.500000,0.500000,0.000000,0.033444,0.206689
390,4.329009,0,0.000000,0.000000,0.000000,0.044259,0.000000,0.044259,0.008852,None,3.139140,7.956223,7.524951,7.524951,0.011065,0.500000,0.500000,0.000000,0.033333,0.206667
390,4.329009,1,1.000000,1.000000,0.000000,0.044321,0.000000,0.044321,0.408864,Wall,-0.183794,-0.183794,9.464035,9.464035,0.011080,0.500000,0.500000,0.000000,0.033333,0.206667
390,4.329009,2,1.000000,1.000000,0.000000,0.000345,0.000000,0.000345,0.400069,Wall,-0.318727,-0.318727,10.103440,10.103440,0.000086,0.500000,0.500000,0.000000,0.033333,0.206667
390,4.329009,3,0.000000,0.000000,0.000000,0.044407,0.000000,0.044407,0.008881,None,2.265647,2.265647,7.524951,7.524951,0.011102,0.500000,0.500000,0.000000,0.033333,0.206667
400,4.440007,0,0.000000,0.000000,0.000000,0.044329,0.000000,0.044329,0.008866,None,3.098860,8.059385,7.420788,7.420788,0.011082,0.500000,0.500000,0.000000,0.033301,0.206660
400,4.440007,1,1.000000,1.000000,0.000000,0.044325,0.000000,0.044325,0.408865,Wall,-0.224085,-0.224085,9.446945,9.446945,0.011081,0.500000,0.500000,0.000000,0.033301,0.206660
400,4.440007,2,1.000000,1.000000,0.000000,0.000107,0.000000,0.000107,0.400022,Wall,-0.318727,-0.318727,10.208180,10.208180,0.000027,0.500000,0.500000,0.000000,0.033301,0.206660
400,4.440007,3,0.000000,0.000000,0.000000,0.044441,0.000000,0.044441,0.008888,None,2.326603,2.326603,7.420788,7.420788,0.011110,0.500000,0.500000,0.000000,0.033301,0.206660
410,4.551005,0,0.000000,0.000000,0.000000,0.044351,0.000000,0.044351,0.008870,None,3.061524,8.161692,7.322007,7.322007,0.011088,0.500000,0.500000,0.000000,0.033288,0.206658
410,4.551005,1,1.000000,1.000000,0.000000,0.044320,0.000000,0.044320,0.408864,Wall,-0.261097,-0.261097,9.425444,9.425444,0.011080,0.500000,0.500000,0.000000,0.033288,0.206658
410,4.551005,2,1.000000,1.000000,0.000000,0.000032,0.000000,0.000032,0.400007,Wall,-0.318727,-0.318727,10.313750,10.313750,0.000008,0.500000,0.500000,0.000000,0.033288,0.206658
410,4.551005,3,0.000000,0.000000,0.000000,0.044447,0.000000,0.044447,0.008889,None,2.389713,2.389713,7.322007,7.322007,0.011112,0.500000,0.500000,0.000000,0.033288,0.206658
420,4.662003,0,0.000000,0.000000,0.000000,0.044363,0.000000,0.044363,0.008873,None,3.027262,8.263104,7.228616,7.228616,0.011091,0.500000,0.500000,0.000000,0.026049,0.205210
420,4.662003,1,1.000000,1.000000,0.000000,0.015373,0.000000,0.015373,0.403075,Wall,-0.264645,-0.264645,9.339156,9.339156,0.003843,0.500000,0.500000,0.000000,0.026049,0.205210
420,4.662003,2,1.000000,1.000000,0.000000,0.000010,0.000000,0.000010,0.400002,Wall,-0.318727,-0.318727,10.420210,10.420210,0.000003,0.500000,0.500000,0.000000,0.026049,0.205210
420,4.662003,3,0.000000,0.000000,0.000000,0.044452,0.000000,0.044452,0.008890,None,2.455031,2.455031,7.228616,7.228616,0.011113,0.500000,0.500000,0.000000,0.026049,0.205210
430,4.773001,0,0.000000,0.000000,0.000000,0.044362,0.000000,0.044362,0.008872,None,2.996148,8.363556,7.140538,7.140538,0.011091,0.500000,0.500000,0.000000,0.023390,0.204678
430,4.773001,1,1.000000,1.000000,0.000000,0.004741,0.000000,0.004741,0.400948,Wall,-0.264645,-0.264645,9.245315,9.245315,0.001185,0.500000,0.500000,0.000000,0.023390,0.204678
430,4.773001,2,1.000000,1.000000,0.000000,0.000002,0.000000,0.000002,0.400000,Wall,-0.318727,-0.318727,10.527310,10.527310,0.000000,0.500000,0.500000,0.000000,0.023390,0.204678
430,4.773001,3,0.000000,0.000000,0.000000,0.044455,0.000000,0.044455,0.008891,None,2.522504,2.522504,7.140538,7.140538,0.011114,0.500000,0.500000,0.000000,0.023390,0.204678
440,4.883999,0,0.000000,0.000000,0.000000,0.044365,0.000000,0.044365,0.008873,None,2.968387,8.463013,7.058167,7.058167,0.011091,0.500000,0.500000,0.000000,0.022570,0.204514
440,4.883999,1,1.000000,1.000000,0.000000,0.001462,0.000000,0.001462,0.400292,Wall,-0.264645,-0.264645,9.150290,9.150290,0.000366,0.500000,0.500000,0.000000,0.022570,0.204514
440,4.883999,2,1.000000,1.000000,0.000000,0.000000,0.000000,0.000000,0.400000,Wall,-0.318727,-0.318727,10.635090,10.635090,0.000000,0.500000,0.500000,0.000000,0.022570,0.204514
440,4.883999,3,0.000000,0.000000,0.000000,0.044452,0.000000,0.044452,0.008890,None,2.592071,2.592071,7.058167,7.058167,0.011113,0.500000,0.500000,0.000000,0.022570,0.204514
450,4.994998,0,0.000000,0.000000,0.000000,0.044366,0.000000,0.044366,0.008873,None,2.944175,8.561434,6.981758,6.981758,0.011091,0.500000,0.500000,0.000000,0.022317,0.204463
450,4.994998,1,1.000000,1.000000,0.000000,0.000451,0.000000,0.000451,0.400090,Wall,-0.264645,-0.264645,9.054034,9.054034,0.000113,0.500000,0.500000,0.000000,0.022317,0.204463
450,4.994998,2,1.000000,1.000000,0.000000,0.000000,0.000000,0.000000,0.400000,Wall,-0.318727,-0.318727,10.743500,10.743500,0.000000,0.500000,0.500000,0.000000,0.022317,0.204463
450,4.994998,3,0.000000,0.000000,0.000000,0.044451,0.000000,0.044451,0.008890,None,2.663699,2.663699,6.981758,6.981758,0.011113,0.500000,0.500000,0.000000,0.022317,0.204463
460,5.105996,0,0.000000,0.000000,0.000000,0.019470,0.000000,0.019470,0.003894,None,2.954359,8.590767,6.930338,6.930338,0.004867,0.500000,0.500000,0.000000,0.020946,0.204189
460,5.105996,1,1.000000,1.000000,0.000000,0.019864,0.000000,0.019864,0.403973,Wall,-0.207541,-0.207541,8.998897,8.998897,0.004966,0.500000,0.500000,0.000000,0.020946,0.204189
460,5.105996,2,1.000000,1.000000,0.000000,0.000000,0.000000,0.000000,0.400000,Wall,-0.318727,-0.318727,10.776130,10.776130,0.000000,0.500000,0.500000,0.000000,0.020946,0.204189
460,5.105996,3,0.000000,0.000000,0.000000,0.044452,0.000000,0.044452,0.008890,None,2.737335,2.737335,6.930338,6.930338,0.011113,0.500000,0.500000,0.000000,0.020946,0.204189
470,5.216994,0,0.000000,0.000000,0.000000,0.033047,0.000000,0.033047,0.006609,None,2.936632,8.666084,6.882016,6.882016,0.008262,0.500000,0.500000,0.000000,0.028578,0.205716
470,5.216994,1,1.000000,1.000000,0.000000,0.036806,0.000000,0.036806,0.407361,Wall,-0.066631,-0.066631,8.836341,8.836341,0.009201,0.500000,0.500000,0.000000,0.028578,0.205716
470,5.216994,2,1.000000,1.000000,0.000000,0.000000,0.000000,0.000000,0.400000,Wall,-0.318727,-0.318727,10.864530,10.864530,0.000000,0.500000,0.500000,0.000000,0.028578,0.205716
470,5.216994,3,0.000000,0.000000,0.000000,0.044458,0.000000,0.044458,0.008892,None,2.812973,2.812973,6.882016,6.882016,0.011114,0.500000,0.500000,0.000000,0.028578,0.205716
480,5.327992,0,0.000000,0.000000,0.000000,0.040866,0.000000,0.040866,0.008173,None,2.931043,8.758492,6.841726,6.841726,0.010217,0.500000,0.500000,0.000000,0.031838,0.206368
480,5.327992,1,1.000000,1.000000,0.000000,0.042033,0.000000,0.042033,0.408407,Wall,-0.002063,-0.002063,8.707644,8.707644,0.010508,0.500000,0.500000,0.000000,0.031838,0.206368
480,5.327992,2,1.000000,1.000000,0.000000,0.000000,0.000000,0.000000,0.400000,Wall,-0.318727,-0.318727,10.975570,10.975570,0.000000,0.500000,0.500000,0.000000,0.031838,0.206368
480,5.327992,3,0.000000,0.000000,0.000000,0.044454,0.000000,0.044454,0.008891,None,2.890467,2.890467,6.841726,6.841726,0.011114,0.500000,0.500000,0.000000,0.031838,0.206368
490,5.438990,0,0.000000,0.000000,0.000000,0.043282,0.000000,0.043282,0.008656,None,2.927597,8.850448,6.799052,6.799052,0.010820,0.483959,0.488771,0.000000,0.032844,0.200152
490,5.438990,1,0.935837,0.955086,0.000000,0.043641,0.000000,0.043641,0.383063,Wall,0.022457,0.022457,8.615810,8.615810,0.010910,0.483959,0.488771,0.000000,0.032844,0.200152
490,5.438990,2,1.000000,1.000000,0.000000,0.000000,0.000000,0.000000,0.400000,Wall,-0.318727,-0.318727,11.086450,11.086450,0.000000,0.483959,0.488771,0.000000,0.032844,0.200152
490,5.438990,3,0.000000,0.000000,0.000000,0.044451,0.000000,0.044451,0.008890,None,2.969834,2.969834,6.799052,6.799052,0.011113,0.483959,0.488771,0.000000,0.032844,0.200152
500,5.549988,0,0.000000,0.000000,0.000000,0.044025,0.000000,0.044025,0.008805,None,2.925463,8.941648,6.757606,6.757606,0.011006,0.474935,0.482455,0.000000,0.033154,0.196605
500,5.549988,1,0.899742,0.929819,0.000000,0.044138,0.000000,0.044138,0.368724,Wall,0.035090,0.035090,8.536094,8.536094,0.011035,0.474935,0.482455,0.000000,0.033154,0.196605
500,5.549988,2,1.000000,1.000000,0.000000,0.000000,0.000000,0.000000,0.400000,Wall,-0.318727,-0.318727,11.197310,11.197310,0.000000,0.474935,0.482455,0.000000,0.033154,0.196605
500,5.549988,3,0.000000,0.000000,0.000000,0.044451,0.000000,0.044451,0.008890,None,3.050993,3.050993,6.757606,6.757606,0.011113,0.474935,0.482455,0.000000,0.033154,0.196605
510,5.660986,0,0.000000,0.000000,0.000000,0.044253,0.000000,0.044253,0.008851,None,2.926238,8.916710,6.720514,6.720514,0.011063,0.466929,0.476850,0.000000,0.033249,0.193421
510,5.660986,1,0.867715,0.907400,0.000000,0.044290,0.000000,0.044290,0.355944,Wall,0.046300,0.046300,8.458287,8.458287,0.011073,0.466929,0.476850,0.000000,0.033249,0.193421
510,5.660986,2,1.000000,1.000000,0.000000,0.000000,0.000000,0.000000,0.400000,Wall,-0.318727,-0.318727,11.308240,11.308240,0.000000,0.466929,0.476850,0.000000,0.033249,0.193421
510,5.660986,3,0.000000,0.000000,0.000000,0.044452,0.000000,0.044452,0.008890,None,3.133882,3.133882,6.720514,6.720514,0.011113,0.466929,0.476850,0.000000,0.033249,0.193421
520,5.771985,0,0.000000,0.000000,0.000000,0.044326,0.000000,0.044326,0.008865,None,2.931081,8.828279,6.689630,6.689630,0.011082,0.457654,0.470357,0.000000,0.033280,0.189718
520,5.771985,1,0.830614,0.881430,0.000000,0.044341,0.000000,0.044341,0.341114,Wall,0.059285,0.059285,8.378643,8.378643,0.011085,0.457654,0.470357,0.000000,0.033280,0.189718
520,5.771985,2,1.000000,1.000000,0.000000,0.000000,0.000000,0.000000,0.400000,Wall,-0.318727,-0.318727,11.419320,11.419320,0.000000,0.457654,0.470357,0.000000,0.033280,0.189718
520,5.771985,3,0.000000,0.000000,0.000000,0.044455,0.000000,0.044455,0.008891,None,3.218464,3.218464,6.689630,6.689630,0.011114,0.457654,0.470357,0.000000,0.033280,0.189718
530,5.882983,0,0.000000,0.000000,0.000000,0.044350,0.000000,0.044350,0.008870,None,2.940067,8.738530,6.665035,6.665035,0.011087,0.446186,0.462330,0.000000,0.033288,0.185132
530,5.882983,1,0.784745,0.849321,0.000000,0.044351,0.000000,0.044351,0.322768,Wall,0.075339,0.075339,8.295900,8.295900,0.011088,0.446186,0.462330,0.000000,0.033288,0.185132
530,5.882983,2,1.000000,1.000000,0.000000,0.000000,0.000000,0.000000,0.400000,Wall,-0.318727,-0.318727,11.530520,11.530520,0.000000,0.446186,0.462330,0.000000,0.033288,0.185132
530,5.882983,3,0.000000,0.000000,0.000000,0.044451,0.000000,0.044451,0.008890,None,3.178365,3.304661,6.665035,6.665035,0.011113,0.446186,0.462330,0.000000,0.033288,0.185132
540,5.993981,0,0.000000,0.000000,0.000000,0.044355,0.000000,0.044355,0.008871,None,2.953694,8.647261,6.647258,6.647258,0.011089,0.432553,0.452787,0.000000,0.033291,0.179680
540,5.993981,1,0.730214,0.811150,0.000000,0.044356,0.000000,0.044356,0.300957,Wall,0.094425,0.094425,8.210200,8.210200,0.011089,0.432553,0.452787,0.000000,0.033291,0.179680
540,5.993981,2,1.000000,1.000000,0.000000,0.000000,0.000000,0.000000,0.400000,Wall,-0.318727,-0.318727,11.641760,11.641760,0.000000,0.432553,0.452787,0.000000,0.033291,0.179680
540,5.993981,3,0.000000,0.000000,0.000000,0.044452,0.000000,0.044452,0.008890,None,3.131329,3.392463,6.647258,6.647258,0.011113,0.432553,0.452787,0.000000,0.033291,0.179680
550,6.104979,0,0.000000,0.000000,0.000000,0.044363,0.000000,0.044363,0.008873,None,2.972025,8.554330,6.636515,6.636515,0.011091,0.416603,0.441622,0.000000,0.033294,0.173300
550,6.104979,1,0.666413,0.766489,0.000000,0.044356,0.000000,0.044356,0.275436,Wall,0.116756,0.116756,8.121238,8.121238,0.011089,0.416603,0.441622,0.000000,0.033294,0.173300
550,6.104979,2,1.000000,1.000000,0.000000,0.000000,0.000000,0.000000,0.400000,Wall,-0.318727,-0.318727,11.753020,11.753020,0.000000,0.416603,0.441622,0.000000,0.033294,0.173300
550,6.104979,3,0.000000,0.000000,0.000000,0.044458,0.000000,0.044458,0.008892,None,3.087650,3.481783,6.636515,6.636515,0.011114,0.416603,0.441622,0.000000,0.033294,0.173300
560,6.215977,0,0.000000,0.000000,0.000000,0.044361,0.000000,0.044361,0.008872,None,2.965620,8.459929,6.632343,6.632343,0.011090,0.398198,0.428739,0.000000,0.033293,0.165938
560,6.215977,1,0.592792,0.714954,0.000000,0.044360,0.000000,0.044360,0.245989,Wall,0.142523,0.142523,8.029224,8.029224,0.011090,0.398198,0.428739,0.000000,0.033293,0.165938
560,6.215977,2,1.000000,1.000000,0.000000,0.000000,0.000000,0.000000,0.400000,Wall,-0.318727,-0.318727,11.864210,11.864210,0.000000,0.398198,0.428739,0.000000,0.033293,0.165938
560,6.215977,3,0.000000,0.000000,0.000000,0.044452,0.000000,0.044452,0.008890,None,3.047254,3.572544,6.632343,6.632343,0.011113,0.398198,0.428739,0.000000,0.033293,0.165938
570,6.326975,0,0.000000,0.000000,0.000000,0.044360,0.000000,0.044360,0.008872,None,2.919814,8.364008,6.635311,6.635311,0.011090,0.388144,0.421701,0.000000,0.028362,0.160930
570,6.326975,1,0.552577,0.686804,0.000000,0.024634,0.000000,0.024634,0.225958,Wall,0.156598,0.156598,7.925129,7.925129,0.006158,0.388144,0.421701,0.000000,0.028362,0.160930
570,6.326975,2,1.000000,1.000000,0.000000,0.000000,0.000000,0.000000,0.400000,Wall,-0.318727,-0.318727,11.975320,11.975320,0.000000,0.388144,0.421701,0.000000,0.028362,0.160930
570,6.326975,3,0.000000,0.000000,0.000000,0.044452,0.000000,0.044452,0.008890,None,3.010659,3.664671,6.635311,6.635311,0.011113,0.388144,0.421701,0.000000,0.028362,0.160930
580,6.437973,0,0.000000,0.000000,0.000000,0.044356,0.000000,0.044356,0.008871,None,2.864600,8.266578,6.650764,6.650764,0.011089,0.388144,0.421701,0.000000,0.022868,0.159831
580,6.437973,1,0.552577,0.686804,0.000000,0.007596,0.000000,0.007596,0.222550,Wall,0.156598,0.156598,7.810737,7.810737,0.001899,0.388144,0.421701,0.000000,0.022868,0.159831
580,6.437973,2,1.000000,1.000000,0.000000,0.000000,0.000000,0.000000,0.400000,Wall,-0.318727,-0.318727,12.086280,12.086280,0.000000,0.388144,0.421701,0.000000,0.022868,0.159831
580,6.437973,3,0.000000,0.000000,0.000000,0.039521,0.000000,0.039521,0.007904,None,2.986849,3.748206,6.650764,6.650764,0.009880,0.388144,0.421701,0.000000,0.022868,0.159831
590,6.548972,0,0.000000,0.000000,0.000000,0.019464,0.000000,0.019464,0.003893,None,2.871788,8.237130,6.664262,6.664262,0.004866,0.388144,0.421701,0.000000,0.008498,0.156957
590,6.548972,1,0.552577,0.686804,0.000000,0.002342,0.000000,0.002342,0.221499,Wall,0.156598,0.156598,7.776400,7.776400,0.000586,0.388144,0.421701,0.000000,0.008498,0.156957
590,6.548972,2,1.000000,1.000000,0.000000,0.000000,0.000000,0.000000,0.400000,Wall,-0.318727,-0.318727,12.119520,12.119520,0.000000,0.388144,0.421701,0.000000,0.008498,0.156957
590,6.548972,3,0.000000,0.000000,0.000000,0.012186,0.000000,0.012186,0.002437,None,3.008108,3.748206,6.664262,6.664262,0.003046,0.388144,0.421701,0.000000,0.008498,0.156957
600,6.659970,0,0.000000,0.000000,0.000000,0.006001,0.000000,0.006001,0.001200,None,2.887085,8.237130,6.664262,6.664262,0.001500,0.318069,0.372648,0.000000,0.013012,0.129830
600,6.659970,1,0.272276,0.490593,0.000000,0.025619,0.000000,0.025619,0.114034,Wall,0.254704,0.254704,7.719412,7.719412,0.006405,0.318069,0.372648,0.000000,0.013012,0.129830
600,6.659970,2,1.000000,1.000000,0.000000,0.016670,0.000000,0.016670,0.403334,Wall,-0.057299,-0.057299,12.014160,12.014160,0.004168,0.318069,0.372648,0.000000,0.013012,0.129830
600,6.659970,3,0.000000,0.000000,0.000000,0.003758,0.000000,0.003758,0.000752,None,3.014675,3.748206,6.664262,6.664262,0.000939,0.318069,0.372648,0.000000,0.013012,0.129830
610,6.770968,0,0.000000,0.000000,0.000000,0.001850,0.000000,0.001850,0.000370,None,2.896683,8.237130,6.699991,6.699991,0.000463,0.000000,0.051854,0.000000,0.024307,0.004861
610,6.770968,1,0.000000,0.207417,0.000000,0.038601,0.000000,0.038601,0.007720,None,0.396292,0.396292,7.637589,7.637589,0.009650,0.000000,0.051854,0.000000,0.024307,0.004861
610,6.770968,2,0.000000,0.000000,0.000000,0.035855,0.000000,0.035855,0.007171,None,0.512519,0.512519,11.687710,11.687710,0.008964,0.000000,0.051854,0.000000,0.024307,0.004861
610,6.770968,3,0.000000,0.000000,0.000000,0.020921,0.000000,0.020921,0.004184,None,3.034937,3.785146,6.699991,6.699991,0.005230,0.000000,0.051854,0.000000,0.024307,0.004861
620,6.881966,0,0.000000,0.000000,0.000000,0.000571,0.000000,0.000571,0.000114,None,2.903966,8.237130,6.806426,6.806426,0.000143,0.000000,0.006159,0.000000,0.030532,0.006106
620,6.881966,1,0.000000,0.024635,0.000000,0.042600,0.000000,0.042600,0.008520,None,0.487682,0.487682,7.601609,7.601609,0.010650,0.000000,0.006159,0.000000,0.030532,0.006106
620,6.881966,2,0.000000,0.000000,0.000000,0.041770,0.000000,0.041770,0.008354,None,0.704334,0.704334,11.318400,11.318400,0.010443,0.000000,0.006159,0.000000,0.030532,0.006106
620,6.881966,3,0.000000,0.000000,0.000000,0.037187,0.000000,0.037187,0.007437,None,3.119030,3.853256,6.806426,6.806426,0.009297,0.000000,0.006159,0.000000,0.030532,0.006106
630,6.992964,0,0.000000,0.000000,0.000000,0.005093,0.000000,0.005093,0.001019,None,2.895762,8.220647,6.904291,6.904291,0.001273,0.000000,0.000000,0.000000,0.033683,0.006737
630,6.992964,1,0.000000,0.000000,0.000000,0.043839,0.000000,0.043839,0.008768,None,0.556004,0.556004,7.573131,7.573131,0.010960,0.000000,0.000000,0.000000,0.033683,0.006737
630,6.992964,2,0.000000,0.000000,0.000000,0.043590,0.000000,0.043590,0.008718,None,0.840374,0.840374,11.112560,11.112560,0.010898,0.000000,0.000000,0.000000,0.033683,0.006737
630,6.992964,3,0.000000,0.000000,0.000000,0.042208,0.000000,0.042208,0.008442,None,3.187316,3.922810,6.904291,6.904291,0.010552,0.000000,0.000000,0.000000,0.033683,0.006737
640,7.103962,0,0.000000,0.000000,0.000000,0.032236,0.000000,0.032236,0.006447,None,2.745968,7.982489,7.229610,7.229610,0.008059,0.000000,0.000000,0.000000,0.041088,0.008218
640,7.103962,1,0.000000,0.000000,0.000000,0.044212,0.000000,0.044212,0.008842,None,0.617783,0.617783,7.404027,7.404027,0.011053,0.000000,0.000000,0.000000,0.041088,0.008218
640,7.103962,2,0.000000,0.000000,0.000000,0.044152,0.000000,0.044152,0.008830,None,0.958092,0.958092,11.095740,11.095740,0.011038,0.000000,0.000000,0.000000,0.041088,0.008218
640,7.103962,3,0.000000,0.000000,0.000000,0.043752,0.000000,0.043752,0.008750,None,3.254483,3.992792,7.229610,7.229610,0.010938,0.000000,0.000000,0.000000,0.041088,0.008218
650,7.214961,0,0.000000,0.000000,0.000000,0.040604,0.000000,0.040604,0.008121,None,2.645361,7.792901,7.264417,7.264417,0.010151,0.000000,0.000000,0.000000,0.043375,0.008675
650,7.214961,1,0.000000,0.000000,0.000000,0.044329,0.000000,0.044329,0.008866,None,0.679620,0.679620,7.264417,7.264417,0.011082,0.000000,0.000000,0.000000,0.043375,0.008675
650,7.214961,2,0.000000,0.000000,0.000000,0.044336,0.000000,0.044336,0.008867,None,1.070783,1.070783,11.100760,11.100760,0.011084,0.000000,0.000000,0.000000,0.043375,0.008675
650,7.214961,3,0.000000,0.000000,0.000000,0.044231,0.000000,0.044231,0.008846,None,3.328585,3.931016,7.475862,7.475862,0.011058,0.000000,0.000000,0.000000,0.043375,0.008675
660,7.325959,0,0.000000,0.000000,0.000000,0.043188,0.000000,0.043188,0.008638,None,2.577413,7.652613,7.144580,7.144580,0.010797,0.000000,0.000000,0.000000,0.044081,0.008816
660,7.325959,1,0.000000,0.000000,0.000000,0.044365,0.000000,0.044365,0.008873,None,0.743132,0.743132,7.144580,7.144580,0.011091,0.000000,0.000000,0.000000,0.044081,0.008816
660,7.325959,2,0.000000,0.000000,0.000000,0.044393,0.000000,0.044393,0.008879,None,1.182062,1.182062,11.109750,11.109750,0.011098,0.000000,0.000000,0.000000,0.044081,0.008816
660,7.325959,3,0.000000,0.000000,0.000000,0.044377,0.000000,0.044377,0.008875,None,3.409024,3.824406,7.612066,7.612066,0.011094,0.000000,0.000000,0.000000,0.044081,0.008816
670,7.436957,0,0.000000,0.000000,0.000000,0.043981,0.000000,0.043981,0.008796,None,2.521381,7.531137,7.031096,7.031096,0.010995,0.000000,0.000000,0.000000,0.044297,0.008859
670,7.436957,1,0.000000,0.000000,0.000000,0.044375,0.000000,0.044375,0.008875,None,0.809297,0.809297,7.031096,7.031096,0.011094,0.000000,0.000000,0.000000,0.044297,0.008859
670,7.436957,2,0.000000,0.000000,0.000000,0.044409,0.000000,0.044409,0.008882,None,1.292834,1.292834,11.117550,11.117550,0.011102,0.000000,0.000000,0.000000,0.044297,0.008859
670,7.436957,3,0.000000,0.000000,0.000000,0.044422,0.000000,0.044422,0.008884,None,3.495234,3.717183,7.692425,7.692425,0.011106,0.000000,0.000000,0.000000,0.044297,0.008859
680,7.547955,0,0.000000,0.000000,0.000000,0.044221,0.000000,0.044221,0.008844,None,2.469334,7.415224,6.920197,6.920197,0.011055,0.000000,0.000000,0.000000,0.044362,0.008872
680,7.547955,1,0.000000,0.000000,0.000000,0.044378,0.000000,0.044378,0.008876,None,0.878074,0.878074,6.920197,6.920197,0.011094,0.000000,0.000000,0.000000,0.044362,0.008872
680,7.547955,2,0.000000,0.000000,0.000000,0.044411,0.000000,0.044411,0.008882,None,1.403284,1.403284,11.092620,11.092620,0.011103,0.000000,0.000000,0.000000,0.044362,0.008872
680,7.547955,3,0.000000,0.000000,0.000000,0.044439,0.000000,0.044439,0.008888,None,3.586445,3.609173,7.776014,7.776014,0.011110,0.000000,0.000000,0.000000,0.044362,0.008872
690,7.658953,0,0.000000,0.000000,0.000000,0.044301,0.000000,0.044301,0.008860,None,2.418614,7.300293,6.810659,6.810659,0.011075,0.000000,0.000000,0.000000,0.044384,0.008877
690,7.658953,1,0.000000,0.000000,0.000000,0.044382,0.000000,0.044382,0.008876,None,0.939407,0.939407,6.810659,6.810659,0.011095,0.000000,0.000000,0.000000,0.044384,0.008877
690,7.658953,2,0.000000,0.000000,0.000000,0.044413,0.000000,0.044413,0.008883,None,1.513399,1.513399,10.928670,10.928670,0.011103,0.000000,0.000000,0.000000,0.044384,0.008877
690,7.658953,3,0.000000,0.000000,0.000000,0.044440,0.000000,0.044440,0.008888,None,3.500354,3.500354,7.868287,7.868287,0.011110,0.000000,0.000000,0.000000,0.044384,0.008877
700,7.769951,0,0.000000,0.000000,0.000000,0.044323,0.000000,0.044323,0.008865,None,2.368983,7.185612,6.702671,6.702671,0.011081,0.000000,0.000000,0.000000,0.044388,0.008878
700,7.769951,1,0.000000,0.000000,0.000000,0.044380,0.000000,0.044380,0.008876,None,0.987310,0.987310,6.702671,6.702671,0.011095,0.000000,0.000000,0.000000,0.044388,0.008878
700,7.769951,2,0.000000,0.000000,0.000000,0.044411,0.000000,0.044411,0.008882,None,1.623006,1.623006,10.769290,10.769290,0.011103,0.000000,0.000000,0.000000,0.044388,0.008878
700,7.769951,3,0.000000,0.000000,0.000000,0.044438,0.000000,0.044438,0.008888,None,3.390606,3.390606,7.952943,7.952943,0.011109,0.000000,0.000000,0.000000,0.044388,0.008878
710,7.880949,0,0.000000,0.000000,0.000000,0.044330,0.000000,0.044330,0.008866,None,2.320365,7.070693,6.596620,6.596620,0.011082,0.000000,0.000000,0.000000,0.044389,0.008878
710,7.880949,1,0.000000,0.000000,0.000000,0.044373,0.000000,0.044373,0.008875,None,1.033486,1.033486,6.596620,6.596620,0.011093,0.000000,0.000000,0.000000,0.044389,0.008878
710,7.880949,2,0.000000,0.000000,0.000000,0.044412,0.000000,0.044412,0.008882,None,1.732029,1.732029,10.614710,10.614710,0.011103,0.000000,0.000000,0.000000,0.044389,0.008878
710,7.880949,3,0.000000,0.000000,0.000000,0.044441,0.000000,0.044441,0.008888,None,3.280201,3.280201,8.045921,8.045921,0.011110,0.000000,0.000000,0.000000,0.044389,0.008878
720,7.991948,0,0.000000,0.000000,0.000000,0.044331,0.000000,0.044331,0.008866,None,2.272727,6.955337,6.492992,6.492992,0.011083,0.000000,0.000000,0.000000,0.044391,0.008878
720,7.991948,1,0.000000,0.000000,0.000000,0.044385,0.000000,0.044385,0.008877,None,1.081617,1.081617,6.492992,6.492992,0.011096,0.000000,0.000000,0.000000,0.044391,0.008878
720,7.991948,2,0.000000,0.000000,0.000000,0.044408,0.000000,0.044408,0.008882,None,1.840352,1.840352,10.465850,10.465850,0.011102,0.000000,0.000000,0.000000,0.044391,0.008878
720,7.991948,3,0.000000,0.000000,0.000000,0.044441,0.000000,0.044441,0.008888,None,3.168981,3.168981,8.147890,8.147890,0.011110,0.000000,0.000000,0.000000,0.044391,0.008878
730,8.102946,0,0.000000,0.000000,0.000000,0.044335,0.000000,0.044335,0.008867,None,2.226484,6.839830,6.392084,6.392084,0.011084,0.000000,0.000000,0.000000,0.044392,0.008878
730,8.102946,1,0.000000,0.000000,0.000000,0.044386,0.000000,0.044386,0.008877,None,1.132402,1.132402,6.392084,6.392084,0.011097,0.000000,0.000000,0.000000,0.044392,0.008878
730,8.102946,2,0.000000,0.000000,0.000000,0.044405,0.000000,0.044405,0.008881,None,1.947953,1.947953,10.322970,10.322970,0.011101,0.000000,0.000000,0.000000,0.044392,0.008878
730,8.102946,3,0.000000,0.000000,0.000000,0.044440,0.000000,0.044440,0.008888,None,3.057181,3.057181,8.258410,8.258410,0.011110,0.000000,0.000000,0.000000,0.044392,0.008878
740,8.213944,0,0.000000,0.000000,0.000000,0.044339,0.000000,0.044339,0.008868,None,2.181727,6.724039,6.294175,6.294175,0.011085,0.000000,0.000000,0.000000,0.044394,0.008879
740,8.213944,1,0.000000,0.000000,0.000000,0.044392,0.000000,0.044392,0.008878,None,1.185824,1.185824,6.294175,6.294175,0.011098,0.000000,0.000000,0.000000,0.044394,0.008879
740,8.213944,2,0.000000,0.000000,0.000000,0.044408,0.000000,0.044408,0.008882,None,2.054789,2.054789,10.186140,10.186140,0.011102,0.000000,0.000000,0.000000,0.044394,0.008879
740,8.213944,3,0.000000,0.000000,0.000000,0.044438,0.000000,0.044438,0.008888,None,2.944774,2.944774,8.377124,8.377124,0.011110,0.000000,0.000000,0.000000,0.044394,0.008879
750,8.324943,0,0.000000,0.000000,0.000000,0.044336,0.000000,0.044336,0.008867,None,2.138883,6.608217,6.199805,6.199805,0.011084,0.000000,0.000000,0.000000,0.038773,0.007755
750,8.324943,1,0.000000,0.000000,0.000000,0.044393,0.000000,0.044393,0.008879,None,1.241835,1.241835,6.199805,6.199805,0.011098,0.000000,0.000000,0.000000,0.038773,0.007755
750,8.324943,2,0.000000,0.000000,0.000000,0.021922,0.000000,0.021922,0.004384,None,2.097270,2.097270,10.115420,10.115420,0.005481,0.000000,0.000000,0.000000,0.038773,0.007755
750,8.324943,3,0.000000,0.000000,0.000000,0.044441,0.000000,0.044441,0.008888,None,2.831727,2.831727,8.503570,8.503570,0.011110,0.000000,0.000000,0.000000,0.038773,0.007755
760,8.435941,0,0.000000,0.000000,0.000000,0.044342,0.000000,0.044342,0.008868,None,2.097761,6.492179,6.108962,6.108962,0.011085,0.000000,0.000000,0.000000,0.034984,0.006997
760,8.435941,1,0.000000,0.000000,0.000000,0.044388,0.000000,0.044388,0.008878,None,1.300370,1.300370,6.108962,6.108962,0.011097,0.000000,0.000000,0.000000,0.034984,0.006997
760,8.435941,2,0.000000,0.000000,0.000000,0.006757,0.000000,0.006757,0.001351,None,2.097270,2.097270,10.073790,10.073790,0.001689,0.000000,0.000000,0.000000,0.034984,0.006997
760,8.435941,3,0.000000,0.000000,0.000000,0.044447,0.000000,0.044447,0.008889,None,2.726633,2.726633,8.632754,8.632754,0.011112,0.000000,0.000000,0.000000,0.034984,0.006997
770,8.546939,0,0.000000,0.000000,0.000000,0.044353,0.000000,0.044353,0.008871,None,2.058590,6.375723,6.022309,6.022309,0.011088,0.000000,0.000000,0.000000,0.033818,0.006764
770,8.546939,1,0.000000,0.000000,0.000000,0.044393,0.000000,0.044393,0.008879,None,1.361357,1.361357,6.022309,6.022309,0.011098,0.000000,0.000000,0.000000,0.033818,0.006764
770,8.546939,2,0.000000,0.000000,0.000000,0.002082,0.000000,0.002082,0.000416,None,2.097270,2.097270,10.012630,10.012630,0.000520,0.000000,0.000000,0.000000,0.033818,0.006764
770,8.546939,3,0.000000,0.000000,0.000000,0.044445,0.000000,0.044445,0.008889,None,2.633631,2.633631,8.762101,8.762101,0.011111,0.000000,0.000000,0.000000,0.033818,0.006764
780,8.657937,0,0.000000,0.000000,0.000000,0.015383,0.000000,0.015383,0.003077,None,2.090008,6.364096,6.009456,6.009456,0.003846,0.000000,0.000000,0.000000,0.026216,0.005243
780,8.657937,1,0.000000,0.000000,0.000000,0.044388,0.000000,0.044388,0.008878,None,1.424809,1.424809,6.009456,6.009456,0.011097,0.000000,0.000000,0.000000,0.026216,0.005243
780,8.657937,2,0.000000,0.000000,0.000000,0.000642,0.000000,0.000642,0.000128,None,2.097270,2.097270,9.944925,9.944925,0.000160,0.000000,0.000000,0.000000,0.026216,0.005243
780,8.657937,3,0.000000,0.000000,0.000000,0.044450,0.000000,0.044450,0.008890,None,2.544725,2.544725,8.820590,8.820590,0.011112,0.000000,0.000000,0.000000,0.026216,0.005243
790,8.768935,0,0.000000,0.000000,0.000000,0.027186,0.000000,0.027186,0.005437,None,2.065980,6.289149,5.970667,5.970667,0.006797,0.000000,0.000000,0.000000,0.033223,0.006645
790,8.768935,1,0.000000,0.000000,0.000000,0.044396,0.000000,0.044396,0.008879,None,1.490619,1.490619,5.970667,5.970667,0.011099,0.000000,0.000000,0.000000,0.033223,0.006645
790,8.768935,2,0.000000,0.000000,0.000000,0.016859,0.000000,0.016859,0.003372,None,2.142368,2.142368,9.824879,9.824879,0.004215,0.000000,0.000000,0.000000,0.033223,0.006645
790,8.768935,3,0.000000,0.000000,0.000000,0.044451,0.000000,0.044451,0.008890,None,2.458655,2.458655,8.924162,8.924162,0.011113,0.000000,0.000000,0.000000,0.033223,0.006645
800,8.879933,0,0.000000,0.000000,0.000000,0.039045,0.000000,0.039045,0.007809,None,2.035856,6.163255,5.921499,5.921499,0.009761,0.000000,0.000000,0.000000,0.040944,0.008189
800,8.879933,1,0.000000,0.000000,0.000000,0.044394,0.000000,0.044394,0.008879,None,1.558702,1.558702,5.921499,5.921499,0.011099,0.000000,0.000000,0.000000,0.040944,0.008189
800,8.879933,2,0.000000,0.000000,0.000000,0.035895,0.000000,0.035895,0.007179,None,2.256086,2.256086,9.619224,9.619224,0.008974,0.000000,0.000000,0.000000,0.040944,0.008189
800,8.879933,3,0.000000,0.000000,0.000000,0.044442,0.000000,0.044442,0.008888,None,2.377100,2.377100,9.066132,9.066132,0.011111,0.000000,0.000000,0.000000,0.040944,0.008189
810,8.990932,0,0.000000,0.000000,0.000000,0.042702,0.000000,0.042702,0.008540,None,2.012711,6.042661,5.869462,5.869462,0.010675,0.000000,0.000000,0.000000,0.043322,0.008664
810,8.990932,1,0.000000,0.000000,0.000000,0.044392,0.000000,0.044392,0.008878,None,1.629031,1.629031,5.869462,5.869462,0.011098,0.000000,0.000000,0.000000,0.043322,0.008664
810,8.990932,2,0.000000,0.000000,0.000000,0.041755,0.000000,0.041755,0.008351,None,2.367254,2.367254,9.420760,9.420760,0.010439,0.000000,0.000000,0.000000,0.043322,0.008664
810,8.990932,3,0.000000,0.000000,0.000000,0.044441,0.000000,0.044441,0.008888,None,2.299645,2.299645,9.207147,9.207147,0.011110,0.000000,0.000000,0.000000,0.043322,0.008664
820,9.101930,0,0.000000,0.000000,0.000000,0.043832,0.000000,0.043832,0.008766,None,1.991506,5.925443,5.817385,5.817385,0.010958,0.000000,0.000000,0.000000,0.034523,0.006905
820,9.101930,1,0.000000,0.000000,0.000000,0.031193,0.000000,0.031193,0.006239,None,1.679593,1.679593,5.817385,5.817385,0.007798,0.000000,0.000000,0.000000,0.034523,0.006905
820,9.101930,2,0.000000,0.000000,0.000000,0.043562,0.000000,0.043562,0.008712,None,2.476763,2.476763,9.288096,9.288096,0.010891,0.000000,0.000000,0.000000,0.034523,0.006905
820,9.101930,3,0.000000,0.000000,0.000000,0.019503,0.000000,0.019503,0.003901,None,2.277083,2.277083,9.288096,9.288096,0.004876,0.000000,0.000000,0.000000,0.034523,0.006905
830,9.212928,0,0.000000,0.000000,0.000000,0.044185,0.000000,0.044185,0.008837,None,1.970548,5.809637,5.762947,5.762947,0.011046,0.000000,0.000000,0.000000,0.040437,0.008087
830,9.212928,1,0.000000,0.000000,0.000000,0.036684,0.000000,0.036684,0.007337,None,1.739980,1.739980,5.762947,5.762947,0.009171,0.000000,0.000000,0.000000,0.040437,0.008087
830,9.212928,2,0.000000,0.000000,0.000000,0.044122,0.000000,0.044122,0.008824,None,2.585361,2.585361,9.103929,9.103929,0.011030,0.000000,0.000000,0.000000,0.040437,0.008087
830,9.212928,3,0.000000,0.000000,0.000000,0.036758,0.000000,0.036758,0.007352,None,2.199347,2.199347,9.103929,9.103929,0.009190,0.000000,0.000000,0.000000,0.040437,0.008087
840,9.323926,0,0.000000,0.000000,0.000000,0.044286,0.000000,0.044286,0.008857,None,1.954915,5.694935,5.711930,5.711930,0.011071,0.000000,0.000000,0.000000,0.043166,0.008633
840,9.323926,1,0.000000,0.000000,0.000000,0.042015,0.000000,0.042015,0.008403,None,1.817665,1.817665,5.711930,5.711930,0.010504,0.000000,0.000000,0.000000,0.043166,0.008633
840,9.323926,2,0.000000,0.000000,0.000000,0.044293,0.000000,0.044293,0.008859,None,2.678349,2.678349,8.915472,8.915472,0.011073,0.000000,0.000000,0.000000,0.043166,0.008633
840,9.323926,3,0.000000,0.000000,0.000000,0.042070,0.000000,0.042070,0.008414,None,2.128216,2.128216,8.915472,8.915472,0.010518,0.000000,0.000000,0.000000,0.043166,0.008633
850,9.434924,0,0.000000,0.000000,0.000000,0.044321,0.000000,0.044321,0.008864,None,1.943960,5.580626,5.670855,5.670855,0.011080,0.000000,0.000000,0.000000,0.044007,0.008801
850,9.434924,1,0.000000,0.000000,0.000000,0.043652,0.000000,0.043652,0.008730,None,1.896919,1.896919,5.670855,5.670855,0.010913,0.000000,0.000000,0.000000,0.044007,0.008801
850,9.434924,2,0.000000,0.000000,0.000000,0.044340,0.000000,0.044340,0.008868,None,2.737683,2.737683,8.726631,8.726631,0.011085,0.000000,0.000000,0.000000,0.044007,0.008801
850,9.434924,3,0.000000,0.000000,0.000000,0.043716,0.000000,0.043716,0.008743,None,2.060357,2.060357,8.726631,8.726631,0.010929,0.000000,0.000000,0.000000,0.044007,0.008801
860,9.545922,0,0.000000,0.000000,0.000000,0.044327,0.000000,0.044327,0.008865,None,1.937813,5.466883,5.639313,5.639313,0.011082,0.000000,0.000000,0.000000,0.044267,0.008853
860,9.545922,1,0.000000,0.000000,0.000000,0.044165,0.000000,0.044165,0.008833,None,1.977825,1.977825,5.639313,5.639313,0.011041,0.000000,0.000000,0.000000,0.044267,0.008853
860,9.545922,2,0.000000,0.000000,0.000000,0.044357,0.000000,0.044357,0.008871,None,2.799313,2.799313,8.540210,8.540210,0.011089,0.000000,0.000000,0.000000,0.044267,0.008853
860,9.545922,3,0.000000,0.000000,0.000000,0.044219,0.000000,0.044219,0.008844,None,1.994399,1.994399,8.540210,8.540210,0.011055,0.000000,0.000000,0.000000,0.044267,0.008853
870,9.656920,0,0.000000,0.000000,0.000000,0.044337,0.000000,0.044337,0.008867,None,1.936580,5.353595,5.616171,5.616171,0.011084,0.000000,0.000000,0.000000,0.044348,0.008870
870,9.656920,1,0.000000,0.000000,0.000000,0.044319,0.000000,0.044319,0.008864,None,2.060507,2.060507,5.616171,5.616171,0.011080,0.000000,0.000000,0.000000,0.044348,0.008870
870,9.656920,2,0.000000,0.000000,0.000000,0.044361,0.000000,0.044361,0.008872,None,2.862900,2.862900,8.356194,8.356194,0.011090,0.000000,0.000000,0.000000,0.044348,0.008870
870,9.656920,3,0.000000,0.000000,0.000000,0.044375,0.000000,0.044375,0.008875,None,1.930219,1.930219,8.356194,8.356194,0.011094,0.000000,0.000000,0.000000,0.044348,0.008870
880,9.767919,0,0.000000,0.000000,0.000000,0.044329,0.000000,0.044329,0.008866,None,1.940745,5.241134,5.601870,5.601870,0.011082,0.000000,0.000000,0.000000,0.044370,0.008874
880,9.767919,1,0.000000,0.000000,0.000000,0.044371,0.000000,0.044371,0.008874,None,2.144922,2.144922,5.601870,5.601870,0.011093,0.000000,0.000000,0.000000,0.044370,0.008874
880,9.767919,2,0.000000,0.000000,0.000000,0.044364,0.000000,0.044364,0.008873,None,2.924858,2.924858,8.174689,8.174689,0.011091,0.000000,0.000000,0.000000,0.044370,0.008874
880,9.767919,3,0.000000,0.000000,0.000000,0.044416,0.000000,0.044416,0.008883,None,1.868482,1.868482,8.174689,8.174689,0.011104,0.000000,0.000000,0.000000,0.044370,0.008874
890,9.878917,0,0.000000,0.000000,0.000000,0.044344,0.000000,0.044344,0.008869,None,1.949996,5.128935,5.595471,5.595471,0.011086,0.000000,0.000000,0.000000,0.044380,0.008876
890,9.878917,1,0.000000,0.000000,0.000000,0.044383,0.000000,0.044383,0.008877,None,2.231138,2.231138,5.595471,5.595471,0.011096,0.000000,0.000000,0.000000,0.044380,0.008876
890,9.878917,2,0.000000,0.000000,0.000000,0.044361,0.000000,0.044361,0.008872,None,2.969745,2.969745,7.995473,7.995473,0.011090,0.000000,0.000000,0.000000,0.044380,0.008876
890,9.878917,3,0.000000,0.000000,0.000000,0.044431,0.000000,0.044431,0.008886,None,1.808964,1.808964,7.995473,7.995473,0.011108,0.000000,0.000000,0.000000,0.044380,0.008876
900,9.989915,0,0.000000,0.000000,0.000000,0.044342,0.000000,0.044342,0.008868,None,1.964980,5.017602,5.597174,5.597174,0.011085,0.000000,0.000000,0.000000,0.044383,0.008877
900,9.989915,1,0.000000,0.000000,0.000000,0.044390,0.000000,0.044390,0.008878,None,2.319081,2.319081,5.597174,5.597174,0.011097,0.000000,0.000000,0.000000,0.044383,0.008877
900,9.989915,2,0.000000,0.000000,0.000000,0.044365,0.000000,0.044365,0.008873,None,3.015156,3.015156,7.818837,7.818837,0.011091,0.000000,0.000000,0.000000,0.044383,0.008877
900,9.989915,3,0.000000,0.000000,0.000000,0.044436,0.000000,0.044436,0.008887,None,1.751686,1.751686,7.818837,7.818837,0.011109,0.000000,0.000000,0.000000,0.044383,0.008877
910,10.100910,0,0.000000,0.000000,0.000000,0.044340,0.000000,0.044340,0.008868,None,1.985818,4.907352,5.607394,5.607394,0.011085,0.000000,0.000000,0.000000,0.044384,0.008877
910,10.100910,1,0.000000,0.000000,0.000000,0.044393,0.000000,0.044393,0.008879,None,2.408645,2.408645,5.607394,5.607394,0.011098,0.000000,0.000000,0.000000,0.044384,0.008877
910,10.100910,2,0.000000,0.000000,0.000000,0.044368,0.000000,0.044368,0.008874,None,3.060195,3.060195,7.644919,7.644919,0.011092,0.000000,0.000000,0.000000,0.044384,0.008877
910,10.100910,3,0.000000,0.000000,0.000000,0.044437,0.000000,0.044437,0.008887,None,1.696986,1.696986,7.644919,7.644919,0.011109,0.000000,0.000000,0.000000,0.044384,0.008877
920,10.211910,0,0.000000,0.000000,0.000000,0.044340,0.000000,0.044340,0.008868,None,2.012691,4.797895,5.626046,5.626046,0.011085,0.000000,0.000000,0.000000,0.040215,0.008043
920,10.211910,1,0.000000,0.000000,0.000000,0.044398,0.000000,0.044398,0.008880,None,2.499831,2.499831,5.626046,5.626046,0.011099,0.000000,0.000000,0.000000,0.040215,0.008043
920,10.211910,2,0.000000,0.000000,0.000000,0.044367,0.000000,0.044367,0.008873,None,3.107581,3.107581,7.511825,7.511825,0.011092,0.000000,0.000000,0.000000,0.040215,0.008043
920,10.211910,3,0.000000,0.000000,0.000000,0.027755,0.000000,0.027755,0.005551,None,1.665294,1.665294,7.511825,7.511825,0.006939,0.000000,0.000000,0.000000,0.040215,0.008043
930,10.322910,0,0.000000,0.000000,0.000000,0.044338,0.000000,0.044338,0.008868,None,2.045544,4.689421,5.652844,5.652844,0.011084,0.000000,0.000000,0.000000,0.035413,0.007083
930,10.322910,1,0.000000,0.000000,0.000000,0.044395,0.000000,0.044395,0.008879,None,2.592489,2.592489,5.652844,5.652844,0.011099,0.000000,0.000000,0.000000,0.035413,0.007083
930,10.322910,2,0.000000,0.000000,0.000000,0.044360,0.000000,0.044360,0.008872,None,3.157191,3.157191,7.438078,7.438078,0.011090,0.000000,0.000000,0.000000,0.035413,0.007083
930,10.322910,3,0.000000,0.000000,0.000000,0.008558,0.000000,0.008558,0.001712,None,1.665294,1.665294,7.438078,7.438078,0.002140,0.000000,0.000000,0.000000,0.035413,0.007083
940,10.433910,0,0.000000,0.000000,0.000000,0.044340,0.000000,0.044340,0.008868,None,2.084322,4.581738,5.687776,5.687776,0.011085,0.000000,0.000000,0.000000,0.033935,0.006787
940,10.433910,1,0.000000,0.000000,0.000000,0.044398,0.000000,0.044398,0.008880,None,2.686594,2.686594,5.687776,5.687776,0.011100,0.000000,0.000000,0.000000,0.033935,0.006787
940,10.433910,2,0.000000,0.000000,0.000000,0.044363,0.000000,0.044363,0.008873,None,3.209086,3.209086,7.367241,7.367241,0.011091,0.000000,0.000000,0.000000,0.033935,0.006787
940,10.433910,3,0.000000,0.000000,0.000000,0.002640,0.000000,0.002640,0.000528,None,1.665294,1.665294,7.367241,7.367241,0.000660,0.000000,0.000000,0.000000,0.033935,0.006787
950,10.544910,0,0.000000,0.000000,0.000000,0.044336,0.000000,0.044336,0.008867,None,2.129531,4.475330,5.730930,5.730930,0.011084,0.000000,0.000000,0.000000,0.033477,0.006695
950,10.544910,1,0.000000,0.000000,0.000000,0.044394,0.000000,0.044394,0.008879,None,2.675898,2.675898,5.730930,5.730930,0.011098,0.000000,0.000000,0.000000,0.033477,0.006695
950,10.544910,2,0.000000,0.000000,0.000000,0.044366,0.000000,0.044366,0.008873,None,3.263246,3.263246,7.299546,7.299546,0.011092,0.000000,0.000000,0.000000,0.033477,0.006695
950,10.544910,3,0.000000,0.000000,0.000000,0.000813,0.000000,0.000813,0.000163,None,1.665294,1.665294,7.299546,7.299546,0.000203,0.000000,0.000000,0.000000,0.033477,0.006695
960,10.655900,0,0.000000,0.000000,0.000000,0.044339,0.000000,0.044339,0.008868,None,2.180877,4.369929,5.782027,5.782027,0.011085,0.000000,0.000000,0.000000,0.040111,0.008022
960,10.655900,1,0.000000,0.000000,0.000000,0.044391,0.000000,0.044391,0.008878,None,2.644399,2.644399,5.782027,5.782027,0.011098,0.000000,0.000000,0.000000,0.040111,0.008022
960,10.655900,2,0.000000,0.000000,0.000000,0.044363,0.000000,0.044363,0.008873,None,3.319527,3.319527,7.258647,7.258647,0.011091,0.000000,0.000000,0.000000,0.040111,0.008022
960,10.655900,3,0.000000,0.000000,0.000000,0.027352,0.000000,0.027352,0.005470,None,1.549916,1.549916,7.258647,7.258647,0.006838,0.000000,0.000000,0.000000,0.040111,0.008022
970,10.766900,0,0.000000,0.000000,0.000000,0.044339,0.000000,0.044339,0.008868,None,2.237221,4.265696,5.836833,5.836833,0.011085,0.000000,0.000000,0.000000,0.040739,0.008148
970,10.766900,1,0.000000,0.000000,0.000000,0.035086,0.000000,0.035086,0.007017,None,2.621046,2.621046,5.836833,5.836833,0.008771,0.000000,0.000000,0.000000,0.040739,0.008148
970,10.766900,2,0.000000,0.000000,0.000000,0.044359,0.000000,0.044359,0.008872,None,3.279312,3.377953,7.198099,7.198099,0.011090,0.000000,0.000000,0.000000,0.040739,0.008148
970,10.766900,3,0.000000,0.000000,0.000000,0.039173,0.000000,0.039173,0.007835,None,1.428837,1.428837,7.198099,7.198099,0.009793,0.000000,0.000000,0.000000,0.040739,0.008148
980,10.877900,0,0.000000,0.000000,0.000000,0.044345,0.000000,0.044345,0.008869,None,2.285734,4.162603,5.883262,5.883262,0.011086,0.000000,0.000000,0.000000,0.035584,0.007117
980,10.877900,1,0.000000,0.000000,0.000000,0.010817,0.000000,0.010817,0.002163,None,2.621046,2.621046,5.883262,5.883262,0.002704,0.000000,0.000000,0.000000,0.035584,0.007117
980,10.877900,2,0.000000,0.000000,0.000000,0.044362,0.000000,0.044362,0.008872,None,3.227169,3.438542,7.087858,7.087858,0.011091,0.000000,0.000000,0.000000,0.035584,0.007117
980,10.877900,3,0.000000,0.000000,0.000000,0.042813,0.000000,0.042813,0.008563,None,1.350580,1.350580,7.087858,7.087858,0.010703,0.000000,0.000000,0.000000,0.035584,0.007117
990,10.988900,0,0.000000,0.000000,0.000000,0.044343,0.000000,0.044343,0.008869,None,2.330125,4.060926,5.933690,5.933690,0.011086,0.000000,0.000000,0.000000,0.033996,0.006799
990,10.988900,1,0.000000,0.000000,0.000000,0.003335,0.000000,0.003335,0.000667,None,2.621046,2.621046,5.933690,5.933690,0.000834,0.000000,0.000000,0.000000,0.033996,0.006799
990,10.988900,2,0.000000,0.000000,0.000000,0.044370,0.000000,0.044370,0.008874,None,3.176423,3.501199,6.964004,6.964004,0.011093,0.000000,0.000000,0.000000,0.033996,0.006799
990,10.988900,3,0.000000,0.000000,0.000000,0.043935,0.000000,0.043935,0.008787,None,1.288527,1.288527,6.964004,6.964004,0.010984,0.000000,0.000000,0.000000,0.033996,0.006799
1000,11.099900,0,0.000000,0.000000,0.000000,0.017299,0.000000,0.017299,0.003460,None,2.359292,4.040758,5.944295,5.944295,0.004325,0.000000,0.000000,0.000000,0.026744,0.005349
1000,11.099900,1,0.000000,0.000000,0.000000,0.001028,0.000000,0.001028,0.000206,None,2.621046,2.621046,5.944295,5.944295,0.000257,0.000000,0.000000,0.000000,0.026744,0.005349
1000,11.099900,2,0.000000,0.000000,0.000000,0.044367,0.000000,0.044367,0.008873,None,3.128382,3.565804,6.840890,6.840890,0.011092,0.000000,0.000000,0.000000,0.026744,0.005349
1000,11.099900,3,0.000000,0.000000,0.000000,0.044280,0.000000,0.044280,0.008856,None,1.232109,1.232109,6.840890,6.840890,0.011070,0.000000,0.000000,0.000000,0.026744,0.005349
1010,11.210890,0,0.000000,0.000000,0.000000,0.005334,0.000000,0.005334,0.001067,None,2.368069,4.040758,5.944295,5.944295,0.001334,0.000000,0.000000,0.000000,0.020301,0.004060
1010,11.210890,1,0.000000,0.000000,0.000000,0.000317,0.000000,0.000317,0.000063,None,2.621046,2.621046,5.944295,5.944295,0.000079,0.000000,0.000000,0.000000,0.020301,0.004060
1010,11.210890,2,0.000000,0.000000,0.000000,0.031168,0.000000,0.031168,0.006234,None,3.100291,3.612231,6.733370,6.733370,0.007792,0.000000,0.000000,0.000000,0.020301,0.004060
1010,11.210890,3,0.000000,0.000000,0.000000,0.044385,0.000000,0.044385,0.008877,None,1.178831,1.178831,6.733370,6.733370,0.011096,0.000000,0.000000,0.000000,0.020301,0.004060
1020,11.321890,0,0.000000,0.000000,0.000000,0.001644,0.000000,0.001644,0.000329,None,2.380307,4.040758,6.055645,6.055645,0.000411,0.000000,0.000000,0.000000,0.020173,0.004035
1020,11.321890,1,0.000000,0.000000,0.000000,0.025016,0.000000,0.025016,0.005003,None,2.501586,2.501586,6.055645,6.055645,0.006254,0.000000,0.000000,0.000000,0.020173,0.004035
1020,11.321890,2,0.000000,0.000000,0.000000,0.009610,0.000000,0.009610,0.001922,None,3.091664,3.612231,6.652596,6.652596,0.002403,0.000000,0.000000,0.000000,0.020173,0.004035
1020,11.321890,3,0.000000,0.000000,0.000000,0.044423,0.000000,0.044423,0.008885,None,1.128215,1.128215,6.652596,6.652596,0.011106,0.000000,0.000000,0.000000,0.020173,0.004035
1030,11.432890,0,0.000000,0.000000,0.000000,0.000507,0.000000,0.000507,0.000101,None,2.409525,4.040758,6.168558,6.168558,0.000127,0.000000,0.000000,0.000000,0.022809,0.004562
1030,11.432890,1,0.000000,0.000000,0.000000,0.038424,0.000000,0.038424,0.007685,None,2.353183,2.353183,6.168558,6.168558,0.009606,0.000000,0.000000,0.000000,0.022809,0.004562
1030,11.432890,2,0.000000,0.000000,0.000000,0.007880,0.000000,0.007880,0.001576,None,3.065445,3.620206,6.570305,6.570305,0.001970,0.000000,0.000000,0.000000,0.022809,0.004562
1030,11.432890,3,0.000000,0.000000,0.000000,0.044425,0.000000,0.044425,0.008885,None,1.080547,1.080547,6.570305,6.570305,0.011106,0.000000,0.000000,0.000000,0.022809,0.004562
1040,11.543890,0,0.000000,0.000000,0.000000,0.016807,0.000000,0.016807,0.003361,None,2.394069,3.992326,6.197621,6.197621,0.004202,0.000000,0.000000,0.000000,0.034229,0.006846
1040,11.543890,1,0.000000,0.000000,0.000000,0.042558,0.000000,0.042558,0.008512,None,2.274773,2.274773,6.197621,6.197621,0.010639,0.000000,0.000000,0.000000,0.034229,0.006846
1040,11.543890,2,0.000000,0.000000,0.000000,0.033123,0.000000,0.033123,0.006625,None,3.060232,3.709611,6.533208,6.533208,0.008281,0.000000,0.000000,0.000000,0.034229,0.006846
1040,11.543890,3,0.000000,0.000000,0.000000,0.044430,0.000000,0.044430,0.008886,None,1.035435,1.035435,6.533208,6.533208,0.011107,0.000000,0.000000,0.000000,0.034229,0.006846
1050,11.654890,0,0.000000,0.000000,0.000000,0.035855,0.000000,0.035855,0.007171,None,2.304455,3.865631,6.150808,6.150808,0.008964,0.000000,0.000000,0.000000,0.041257,0.008251
1050,11.654890,1,0.000000,0.000000,0.000000,0.043836,0.000000,0.043836,0.008767,None,2.224186,2.224186,6.150808,6.150808,0.010959,0.000000,0.000000,0.000000,0.041257,0.008251
1050,11.654890,2,0.000000,0.000000,0.000000,0.040908,0.000000,0.040908,0.008182,None,3.060540,3.797245,6.484216,6.484216,0.010227,0.000000,0.000000,0.000000,0.041257,0.008251
1050,11.654890,3,0.000000,0.000000,0.000000,0.044430,0.000000,0.044430,0.008886,None,0.993023,0.993023,6.484216,6.484216,0.011107,0.000000,0.000000,0.000000,0.041257,0.008251
1060,11.765890,0,0.000000,0.000000,0.000000,0.041732,0.000000,0.041732,0.008346,None,2.318974,3.749526,6.169523,6.169523,0.010433,0.000000,0.000000,0.000000,0.043425,0.008685
1060,11.765890,1,0.000000,0.000000,0.000000,0.044231,0.000000,0.044231,0.008846,None,2.182314,2.182314,6.169523,6.169523,0.011058,0.000000,0.000000,0.000000,0.043425,0.008685
1060,11.765890,2,0.000000,0.000000,0.000000,0.043306,0.000000,0.043306,0.008661,None,3.048164,3.881441,6.413648,6.413648,0.010826,0.000000,0.000000,0.000000,0.043425,0.008685
1060,11.765890,3,0.000000,0.000000,0.000000,0.044433,0.000000,0.044433,0.008887,None,0.953526,0.953526,6.413648,6.413648,0.011108,0.000000,0.000000,0.000000,0.043425,0.008685
1070,11.876880,0,0.000000,0.000000,0.000000,0.043542,0.000000,0.043542,0.008708,None,2.384070,3.640079,6.223745,6.223745,0.010886,0.000000,0.000000,0.000000,0.044094,0.008819
1070,11.876880,1,0.000000,0.000000,0.000000,0.044353,0.000000,0.044353,0.008871,None,2.144456,2.144456,6.223745,6.223745,0.011088,0.000000,0.000000,0.000000,0.044094,0.008819
1070,11.876880,2,0.000000,0.000000,0.000000,0.044046,0.000000,0.044046,0.008809,None,3.031380,3.965050,6.336591,6.336591,0.011011,0.000000,0.000000,0.000000,0.044094,0.008819
1070,11.876880,3,0.000000,0.000000,0.000000,0.044434,0.000000,0.044434,0.008887,None,0.916767,0.916767,6.336591,6.336591,0.011108,0.000000,0.000000,0.000000,0.044094,0.008819
1080,11.987880,0,0.000000,0.000000,0.000000,0.044101,0.000000,0.044101,0.008820,None,2.466841,3.533284,6.276867,6.276867,0.011025,0.000000,0.000000,0.000000,0.044299,0.008860
1080,11.987880,1,0.000000,0.000000,0.000000,0.044388,0.000000,0.044388,0.008878,None,2.109107,2.109107,6.276867,6.276867,0.011097,0.000000,0.000000,0.000000,0.044299,0.008860
1080,11.987880,2,0.000000,0.000000,0.000000,0.044278,0.000000,0.044278,0.008856,None,3.015231,4.049500,6.260839,6.260839,0.011070,0.000000,0.000000,0.000000,0.044299,0.008860
1080,11.987880,3,0.000000,0.000000,0.000000,0.044431,0.000000,0.044431,0.008886,None,0.882978,0.882978,6.260839,6.260839,0.011108,0.000000,0.000000,0.000000,0.044299,0.008860
1090,12.098880,0,0.000000,0.000000,0.000000,0.044276,0.000000,0.044276,0.008855,None,2.557261,3.428069,6.324123,6.324123,0.011069,0.000000,0.000000,0.000000,0.044366,0.008873
1090,12.098880,1,0.000000,0.000000,0.000000,0.044406,0.000000,0.044406,0.008881,None,2.076079,2.076079,6.324123,6.324123,0.011101,0.000000,0.000000,0.000000,0.044366,0.008873
1090,12.098880,2,0.000000,0.000000,0.000000,0.044347,0.000000,0.044347,0.008869,None,3.001991,4.135238,6.189367,6.189367,0.011087,0.000000,0.000000,0.000000,0.044366,0.008873
1090,12.098880,3,0.000000,0.000000,0.000000,0.044435,0.000000,0.044435,0.008887,None,0.852097,0.852097,6.189367,6.189367,0.011109,0.000000,0.000000,0.000000,0.044366,0.008873
1100,12.209880,0,0.000000,0.000000,0.000000,0.044334,0.000000,0.044334,0.008867,None,2.652638,3.324124,6.378527,6.378527,0.011083,0.000000,0.000000,0.000000,0.044383,0.008877
1100,12.209880,1,0.000000,0.000000,0.000000,0.044408,0.000000,0.044408,0.008882,None,2.045647,2.045647,6.378527,6.378527,0.011102,0.000000,0.000000,0.000000,0.044383,0.008877
1100,12.209880,2,0.000000,0.000000,0.000000,0.044364,0.000000,0.044364,0.008873,None,2.992035,4.222333,6.122865,6.122865,0.011091,0.000000,0.000000,0.000000,0.044383,0.008877
1100,12.209880,3,0.000000,0.000000,0.000000,0.044428,0.000000,0.044428,0.008886,None,0.824474,0.824474,6.122865,6.122865,0.011107,0.000000,0.000000,0.000000,0.044383,0.008877
1110,12.320880,0,0.000000,0.000000,0.000000,0.044347,0.000000,0.044347,0.008869,None,2.752310,3.221567,6.439911,6.439911,0.011087,0.000000,0.000000,0.000000,0.044389,0.008878
1110,12.320880,1,0.000000,0.000000,0.000000,0.044404,0.000000,0.044404,0.008881,None,2.017768,2.017768,6.439911,6.439911,0.011101,0.000000,0.000000,0.000000,0.044389,0.008878
1110,12.320880,2,0.000000,0.000000,0.000000,0.044371,0.000000,0.044371,0.008874,None,2.985874,4.310827,6.061885,6.061885,0.011093,0.000000,0.000000,0.000000,0.044389,0.008878
1110,12.320880,3,0.000000,0.000000,0.000000,0.044434,0.000000,0.044434,0.008887,None,0.799575,0.799575,6.061885,6.061885,0.011109,0.000000,0.000000,0.000000,0.044389,0.008878
1120,12.431870,0,0.000000,0.000000,0.000000,0.044348,0.000000,0.044348,0.008870,None,2.855426,3.120237,6.507912,6.507912,0.011087,0.000000,0.000000,0.000000,0.044392,0.008878
1120,12.431870,1,0.000000,0.000000,0.000000,0.044411,0.000000,0.044411,0.008882,None,1.992476,1.992476,6.507912,6.507912,0.011103,0.000000,0.000000,0.000000,0.044392,0.008878
1120,12.431870,2,0.000000,0.000000,0.000000,0.044375,0.000000,0.044375,0.008875,None,2.983569,4.400740,6.006548,6.006548,0.011094,0.000000,0.000000,0.000000,0.044392,0.008878
1120,12.431870,3,0.000000,0.000000,0.000000,0.044434,0.000000,0.044434,0.008887,None,0.777808,0.777808,6.006548,6.006548,0.011109,0.000000,0.000000,0.000000,0.044392,0.008878
1130,12.542870,0,0.000000,0.000000,0.000000,0.044354,0.000000,0.044354,0.008871,None,2.961774,3.020231,6.574898,6.574898,0.011089,0.000000,0.000000,0.000000,0.044395,0.008879
1130,12.542870,1,0.000000,0.000000,0.000000,0.044409,0.000000,0.044409,0.008882,None,1.969738,1.969738,6.574898,6.574898,0.011102,0.000000,0.000000,0.000000,0.044395,0.008879
1130,12.542870,2,0.000000,0.000000,0.000000,0.044380,0.000000,0.044380,0.008876,None,2.985028,4.491999,5.956638,5.956638,0.011095,0.000000,0.000000,0.000000,0.044395,0.008879
1130,12.542870,3,0.000000,0.000000,0.000000,0.044437,0.000000,0.044437,0.008887,None,0.759112,0.759112,5.956638,5.956638,0.011109,0.000000,0.000000,0.000000,0.044395,0.008879
1140,12.653870,0,0.000000,0.000000,0.000000,0.044354,0.000000,0.044354,0.008871,None,2.921637,2.921637,6.643952,6.643952,0.011088,0.000000,0.000000,0.000000,0.044394,0.008879
1140,12.653870,1,0.000000,0.000000,0.000000,0.044415,0.000000,0.044415,0.008883,None,1.949916,1.949916,6.643952,6.643952,0.011104,0.000000,0.000000,0.000000,0.044394,0.008879
1140,12.653870,2,0.000000,0.000000,0.000000,0.044377,0.000000,0.044377,0.008875,None,2.990783,4.584593,5.912783,5.912783,0.011094,0.000000,0.000000,0.000000,0.044394,0.008879
1140,12.653870,3,0.000000,0.000000,0.000000,0.044432,0.000000,0.044432,0.008886,None,0.743448,0.743448,5.912783,5.912783,0.011108,0.000000,0.000000,0.000000,0.044394,0.008879
1150,12.764870,0,0.000000,0.000000,0.000000,0.044362,0.000000,0.044362,0.008872,None,2.824329,2.824329,6.719407,6.719407,0.011090,0.000000,0.000000,0.000000,0.044395,0.008879
1150,12.764870,1,0.000000,0.000000,0.000000,0.044415,0.000000,0.044415,0.008883,None,1.932634,1.932634,6.719407,6.719407,0.011104,0.000000,0.000000,0.000000,0.044395,0.008879
1150,12.764870,2,0.000000,0.000000,0.000000,0.044375,0.000000,0.044375,0.008875,None,3.000569,4.678494,5.874527,5.874527,0.011094,0.000000,0.000000,0.000000,0.044395,0.008879
1150,12.764870,3,0.000000,0.000000,0.000000,0.044430,0.000000,0.044430,0.008886,None,0.730961,0.730961,5.874527,5.874527,0.011107,0.000000,0.000000,0.000000,0.044395,0.008879
1160,12.875870,0,0.000000,0.000000,0.000000,0.044358,0.000000,0.044358,0.008872,None,2.728592,2.728592,6.800745,6.800745,0.011090,0.000000,0.000000,0.000000,0.044393,0.008879
1160,12.875870,1,0.000000,0.000000,0.000000,0.044406,0.000000,0.044406,0.008881,None,1.918517,1.918517,6.800745,6.800745,0.011102,0.000000,0.000000,0.000000,0.044393,0.008879
1160,12.875870,2,0.000000,0.000000,0.000000,0.044377,0.000000,0.044377,0.008875,None,3.014337,4.773685,5.841668,5.841668,0.011094,0.000000,0.000000,0.000000,0.044393,0.008879
1160,12.875870,3,0.000000,0.000000,0.000000,0.044431,0.000000,0.044431,0.008886,None,0.721505,0.721505,5.841668,5.841668,0.011108,0.000000,0.000000,0.000000,0.044393,0.008879
1170,12.986870,0,0.000000,0.000000,0.000000,0.044356,0.000000,0.044356,0.008871,None,2.634538,2.634538,6.851019,6.851019,0.011089,0.000000,0.000000,0.000000,0.037139,0.007428
1170,12.986870,1,0.000000,0.000000,0.000000,0.015402,0.000000,0.015402,0.003080,None,1.917266,1.917266,6.851019,6.851019,0.003850,0.000000,0.000000,0.000000,0.037139,0.007428
1170,12.986870,2,0.000000,0.000000,0.000000,0.044375,0.000000,0.044375,0.008875,None,3.032271,4.870088,5.814433,5.814433,0.011094,0.000000,0.000000,0.000000,0.037139,0.007428
1170,12.986870,3,0.000000,0.000000,0.000000,0.044425,0.000000,0.044425,0.008885,None,0.715233,0.715233,5.814433,5.814433,0.011106,0.000000,0.000000,0.000000,0.037139,0.007428
1180,13.097860,0,0.000000,0.000000,0.000000,0.044356,0.000000,0.044356,0.008871,None,2.541934,2.541934,6.900974,6.900974,0.011089,0.000000,0.000000,0.000000,0.034477,0.006895
1180,13.097860,1,0.000000,0.000000,0.000000,0.004749,0.000000,0.004749,0.000950,None,1.917266,1.917266,6.900974,6.900974,0.001187,0.000000,0.000000,0.000000,0.034477,0.006895
1180,13.097860,2,0.000000,0.000000,0.000000,0.044377,0.000000,0.044377,0.008875,None,3.053976,4.967696,5.792216,5.792216,0.011094,0.000000,0.000000,0.000000,0.034477,0.006895
1180,13.097860,3,0.000000,0.000000,0.000000,0.044425,0.000000,0.044425,0.008885,None,0.712187,0.712187,5.792216,5.792216,0.011106,0.000000,0.000000,0.000000,0.034477,0.006895
1190,13.208860,0,0.000000,0.000000,0.000000,0.044361,0.000000,0.044361,0.008872,None,2.450762,2.450762,6.954407,6.954407,0.011090,0.000000,0.000000,0.000000,0.033656,0.006731
1190,13.208860,1,0.000000,0.000000,0.000000,0.001465,0.000000,0.001465,0.000293,None,1.917266,1.917266,6.954407,6.954407,0.000366,0.000000,0.000000,0.000000,0.033656,0.006731
1190,13.208860,2,0.000000,0.000000,0.000000,0.044373,0.000000,0.044373,0.008875,None,3.079636,5.066450,5.775196,5.775196,0.011093,0.000000,0.000000,0.000000,0.033656,0.006731
1190,13.208860,3,0.000000,0.000000,0.000000,0.044425,0.000000,0.044425,0.008885,None,0.712216,0.712216,5.775196,5.775196,0.011106,0.000000,0.000000,0.000000,0.033656,0.006731
1200,13.319860,0,0.000000,0.000000,0.000000,0.044356,0.000000,0.044356,0.008871,None,2.361362,2.361362,7.034015,7.034015,0.011089,0.000000,0.000000,0.000000,0.036698,0.007340
1200,13.319860,1,0.000000,0.000000,0.000000,0.013635,0.000000,0.013635,0.002727,None,1.884962,1.884962,7.034015,7.034015,0.003409,0.000000,0.000000,0.000000,0.036698,0.007340
1200,13.319860,2,0.000000,0.000000,0.000000,0.044374,0.000000,0.044374,0.008875,None,3.109138,5.166370,5.763231,5.763231,0.011094,0.000000,0.000000,0.000000,0.036698,0.007340
1200,13.319860,3,0.000000,0.000000,0.000000,0.044426,0.000000,0.044426,0.008885,None,0.715403,0.715403,5.763231,5.763231,0.011107,0.000000,0.000000,0.000000,0.036698,0.007340
1210,13.430860,0,0.000000,0.000000,0.000000,0.044358,0.000000,0.044358,0.008872,None,2.273679,2.273679,7.175303,7.175303,0.011089,0.000000,0.000000,0.000000,0.039683,0.007937
1210,13.430860,1,0.000000,0.000000,0.000000,0.034886,0.000000,0.034886,0.006977,None,1.750089,1.750089,7.175303,7.175303,0.008721,0.000000,0.000000,0.000000,0.039683,0.007937
1210,13.430860,2,0.000000,0.000000,0.000000,0.044375,0.000000,0.044375,0.008875,None,3.142674,5.267319,5.771709,5.771709,0.011094,0.000000,0.000000,0.000000,0.039683,0.007937
1210,13.430860,3,0.000000,0.000000,0.000000,0.035112,0.000000,0.035112,0.007022,None,0.720123,0.720123,5.771709,5.771709,0.008778,0.000000,0.000000,0.000000,0.039683,0.007937
1220,13.541860,0,0.000000,0.000000,0.000000,0.044361,0.000000,0.044361,0.008872,None,2.187504,2.187504,7.308072,7.308072,0.011090,0.000000,0.000000,0.000000,0.040190,0.008038
1220,13.541860,1,0.000000,0.000000,0.000000,0.041437,0.000000,0.041437,0.008287,None,1.681799,1.681799,7.308072,7.308072,0.010359,0.000000,0.000000,0.000000,0.040190,0.008038
1220,13.541860,2,0.000000,0.000000,0.000000,0.044377,0.000000,0.044377,0.008875,None,3.188801,5.369316,5.812961,5.812961,0.011094,0.000000,0.000000,0.000000,0.040190,0.008038
1220,13.541860,3,0.000000,0.000000,0.000000,0.030585,0.000000,0.030585,0.006117,None,0.719568,0.719568,5.812961,5.812961,0.007646,0.000000,0.000000,0.000000,0.040190,0.008038
1230,13.652850,0,0.000000,0.000000,0.000000,0.044355,0.000000,0.044355,0.008871,None,2.103322,2.103322,7.438462,7.438462,0.011089,0.000000,0.000000,0.000000,0.043085,0.008617
1230,13.652850,1,0.000000,0.000000,0.000000,0.043456,0.000000,0.043456,0.008691,None,1.649519,1.649519,7.438462,7.438462,0.010864,0.000000,0.000000,0.000000,0.043085,0.008617
1230,13.652850,2,0.000000,0.000000,0.000000,0.044380,0.000000,0.044380,0.008876,None,3.232299,5.472304,5.819776,5.819776,0.011095,0.000000,0.000000,0.000000,0.043085,0.008617
1230,13.652850,3,0.000000,0.000000,0.000000,0.040151,0.000000,0.040151,0.008030,None,0.724282,0.724282,5.819776,5.819776,0.010038,0.000000,0.000000,0.000000,0.043085,0.008617
1240,13.763850,0,0.000000,0.000000,0.000000,0.044361,0.000000,0.044361,0.008872,None,2.020669,2.020669,7.570968,7.570968,0.011090,0.000000,0.000000,0.000000,0.043978,0.008796
1240,13.763850,1,0.000000,0.000000,0.000000,0.044081,0.000000,0.044081,0.008816,None,1.628945,1.628945,7.570968,7.570968,0.011020,0.000000,0.000000,0.000000,0.043978,0.008796
1240,13.763850,2,0.000000,0.000000,0.000000,0.044376,0.000000,0.044376,0.008875,None,3.275738,5.576172,5.824815,5.824815,0.011094,0.000000,0.000000,0.000000,0.043978,0.008796
1240,13.763850,3,0.000000,0.000000,0.000000,0.043095,0.000000,0.043095,0.008619,None,0.737817,0.737817,5.824815,5.824815,0.010774,0.000000,0.000000,0.000000,0.043978,0.008796
1250,13.874850,0,0.000000,0.000000,0.000000,0.044360,0.000000,0.044360,0.008872,None,1.939823,1.939823,7.706639,7.706639,0.011090,0.000000,0.000000,0.000000,0.044255,0.008851
1250,13.874850,1,0.000000,0.000000,0.000000,0.044273,0.000000,0.044273,0.008855,None,1.613038,1.613038,7.706639,7.706639,0.011068,0.000000,0.000000,0.000000,0.044255,0.008851
1250,13.874850,2,0.000000,0.000000,0.000000,0.044381,0.000000,0.044381,0.008876,None,3.320766,5.661518,5.832491,5.832491,0.011095,0.000000,0.000000,0.000000,0.044255,0.008851
1250,13.874850,3,0.000000,0.000000,0.000000,0.044008,0.000000,0.044008,0.008802,None,0.755052,0.755052,5.832491,5.832491,0.011002,0.000000,0.000000,0.000000,0.044255,0.008851
1260,13.985850,0,0.000000,0.000000,0.000000,0.044360,0.000000,0.044360,0.008872,None,1.860800,1.860800,7.845408,7.845408,0.011090,0.000000,0.000000,0.000000,0.044340,0.008868
1260,13.985850,1,0.000000,0.000000,0.000000,0.044334,0.000000,0.044334,0.008867,None,1.600270,1.600270,7.845408,7.845408,0.011083,0.000000,0.000000,0.000000,0.044340,0.008868
1260,13.985850,2,0.000000,0.000000,0.000000,0.044375,0.000000,0.044375,0.008875,None,3.368017,5.696889,5.843849,5.843849,0.011094,0.000000,0.000000,0.000000,0.044340,0.008868
1260,13.985850,3,0.000000,0.000000,0.000000,0.044291,0.000000,0.044291,0.008858,None,0.774908,0.774908,5.843849,5.843849,0.011073,0.000000,0.000000,0.000000,0.044340,0.008868
1270,14.096850,0,0.000000,0.000000,0.000000,0.044362,0.000000,0.044362,0.008872,None,1.783677,1.783677,7.987085,7.987085,0.011091,0.000000,0.000000,0.000000,0.036693,0.007339
1270,14.096850,1,0.000000,0.000000,0.000000,0.044355,0.000000,0.044355,0.008871,None,1.590532,1.590532,7.987085,7.987085,0.011089,0.000000,0.000000,0.000000,0.036693,0.007339
1270,14.096850,2,0.000000,0.000000,0.000000,0.013682,0.000000,0.013682,0.002736,None,3.351596,5.696889,5.763214,5.763214,0.003421,0.000000,0.000000,0.000000,0.036693,0.007339
1270,14.096850,3,0.000000,0.000000,0.000000,0.044370,0.000000,0.044370,0.008874,None,0.797565,0.797565,5.763214,5.763214,0.011093,0.000000,0.000000,0.000000,0.036693,0.007339
1280,14.207840,0,0.000000,0.000000,0.000000,0.044362,0.000000,0.044362,0.008872,None,1.708572,1.708572,8.131481,8.131481,0.011091,0.000000,0.000000,0.000000,0.034335,0.006867
1280,14.207840,1,0.000000,0.000000,0.000000,0.044361,0.000000,0.044361,0.008872,None,1.583526,1.583526,8.131481,8.131481,0.011090,0.000000,0.000000,0.000000,0.034335,0.006867
1280,14.207840,2,0.000000,0.000000,0.000000,0.004219,0.000000,0.004219,0.000844,None,3.329866,5.696889,5.681489,5.681489,0.001055,0.000000,0.000000,0.000000,0.034335,0.006867
1280,14.207840,3,0.000000,0.000000,0.000000,0.044398,0.000000,0.044398,0.008880,None,0.823151,0.823151,5.681489,5.681489,0.011100,0.000000,0.000000,0.000000,0.034335,0.006867
1290,14.318840,0,0.000000,0.000000,0.000000,0.044363,0.000000,0.044363,0.008873,None,1.635579,1.635579,8.278235,8.278235,0.011091,0.000000,0.000000,0.000000,0.039223,0.007845
1290,14.318840,1,0.000000,0.000000,0.000000,0.044359,0.000000,0.044359,0.008872,None,1.579602,1.579602,8.278235,8.278235,0.011090,0.000000,0.000000,0.000000,0.039223,0.007845
1290,14.318840,2,0.000000,0.000000,0.000000,0.023766,0.000000,0.023766,0.004753,None,3.302468,5.729856,5.619871,5.619871,0.005941,0.000000,0.000000,0.000000,0.039223,0.007845
1290,14.318840,3,0.000000,0.000000,0.000000,0.044405,0.000000,0.044405,0.008881,None,0.851833,0.851833,5.619871,5.619871,0.011101,0.000000,0.000000,0.000000,0.039223,0.007845
1300,14.429840,0,0.000000,0.000000,0.000000,0.044367,0.000000,0.044367,0.008873,None,1.564690,1.564690,8.427187,8.427187,0.011092,0.000000,0.000000,0.000000,0.042792,0.008558
1300,14.429840,1,0.000000,0.000000,0.000000,0.044358,0.000000,0.044358,0.008872,None,1.578491,1.578491,8.427187,8.427187,0.011089,0.000000,0.000000,0.000000,0.042792,0.008558
1300,14.429840,2,0.000000,0.000000,0.000000,0.038031,0.000000,0.038031,0.007606,None,3.292490,5.780001,5.586946,5.586946,0.009508,0.000000,0.000000,0.000000,0.042792,0.008558
1300,14.429840,3,0.000000,0.000000,0.000000,0.044412,0.000000,0.044412,0.008882,None,0.883476,0.883476,5.586946,5.586946,0.011103,0.000000,0.000000,0.000000,0.042792,0.008558
1310,14.540840,0,0.000000,0.000000,0.000000,0.015387,0.000000,0.015387,0.003077,None,1.557748,1.557748,8.492711,8.492711,0.003847,0.000000,0.000000,0.000000,0.036645,0.007329
1310,14.540840,1,0.000000,0.000000,0.000000,0.044363,0.000000,0.044363,0.008873,None,1.580229,1.580229,8.492711,8.492711,0.011091,0.000000,0.000000,0.000000,0.036645,0.007329
1310,14.540840,2,0.000000,0.000000,0.000000,0.042420,0.000000,0.042420,0.008484,None,3.301012,5.820051,5.590041,5.590041,0.010605,0.000000,0.000000,0.000000,0.036645,0.007329
1310,14.540840,3,0.000000,0.000000,0.000000,0.044410,0.000000,0.044410,0.008882,None,0.918129,0.918129,5.590041,5.590041,0.011102,0.000000,0.000000,0.000000,0.036645,0.007329
1320,14.651840,0,0.000000,0.000000,0.000000,0.004743,0.000000,0.004743,0.000949,None,1.557748,1.557748,8.547599,8.547599,0.001186,0.000000,0.000000,0.000000,0.034319,0.006864
1320,14.651840,1,0.000000,0.000000,0.000000,0.044360,0.000000,0.044360,0.008872,None,1.584957,1.584957,8.547599,8.547599,0.011090,0.000000,0.000000,0.000000,0.034319,0.006864
1320,14.651840,2,0.000000,0.000000,0.000000,0.043772,0.000000,0.043772,0.008754,None,3.298880,5.855218,5.606126,5.606126,0.010943,0.000000,0.000000,0.000000,0.034319,0.006864
1320,14.651840,3,0.000000,0.000000,0.000000,0.044400,0.000000,0.044400,0.008880,None,0.955798,0.955798,5.606126,5.606126,0.011100,0.000000,0.000000,0.000000,0.034319,0.006864
1330,14.762840,0,0.000000,0.000000,0.000000,0.030444,0.000000,0.030444,0.006089,None,1.538196,1.538196,8.698107,8.698107,0.007611,0.000000,0.000000,0.000000,0.040850,0.008170
1330,14.762840,1,0.000000,0.000000,0.000000,0.044367,0.000000,0.044367,0.008873,None,1.592555,1.592555,8.698107,8.698107,0.011092,0.000000,0.000000,0.000000,0.040850,0.008170
1330,14.762840,2,0.000000,0.000000,0.000000,0.044188,0.000000,0.044188,0.008838,None,3.296485,5.887470,5.626240,5.626240,0.011047,0.000000,0.000000,0.000000,0.040850,0.008170
1330,14.762840,3,0.000000,0.000000,0.000000,0.044402,0.000000,0.044402,0.008880,None,0.996348,0.996348,5.626240,5.626240,0.011100,0.000000,0.000000,0.000000,0.040850,0.008170
1340,14.873830,0,0.000000,0.000000,0.000000,0.040090,0.000000,0.040090,0.008018,None,1.515608,1.515608,8.859217,8.859217,0.010022,0.000000,0.000000,0.000000,0.043294,0.008659
1340,14.873830,1,0.000000,0.000000,0.000000,0.044363,0.000000,0.044363,0.008873,None,1.603196,1.603196,8.859217,8.859217,0.011091,0.000000,0.000000,0.000000,0.043294,0.008659
1340,14.873830,2,0.000000,0.000000,0.000000,0.044321,0.000000,0.044321,0.008864,None,3.296235,5.917269,5.648343,5.648343,0.011080,0.000000,0.000000,0.000000,0.043294,0.008659
1340,14.873830,3,0.000000,0.000000,0.000000,0.044402,0.000000,0.044402,0.008880,None,1.039875,1.039875,5.648343,5.648343,0.011100,0.000000,0.000000,0.000000,0.043294,0.008659
1350,14.984830,0,0.000000,0.000000,0.000000,0.043059,0.000000,0.043059,0.008612,None,1.476239,1.476239,9.017490,9.017490,0.010765,0.000000,0.000000,0.000000,0.044047,0.008809
1350,14.984830,1,0.000000,0.000000,0.000000,0.044364,0.000000,0.044364,0.008873,None,1.616765,1.616765,9.017490,9.017490,0.011091,0.000000,0.000000,0.000000,0.044047,0.008809
1350,14.984830,2,0.000000,0.000000,0.000000,0.044361,0.000000,0.044361,0.008872,None,3.297953,5.944620,5.671881,5.671881,0.011090,0.000000,0.000000,0.000000,0.044047,0.008809
1350,14.984830,3,0.000000,0.000000,0.000000,0.044404,0.000000,0.044404,0.008881,None,1.086255,1.086255,5.671881,5.671881,0.011101,0.000000,0.000000,0.000000,0.044047,0.008809
1360,15.095830,0,0.000000,0.000000,0.000000,0.043979,0.000000,0.043979,0.008796,None,1.430202,1.430202,9.174634,9.174634,0.010995,0.000000,0.000000,0.000000,0.044281,0.008856
1360,15.095830,1,0.000000,0.000000,0.000000,0.044362,0.000000,0.044362,0.008872,None,1.633234,1.633234,9.174634,9.174634,0.011091,0.000000,0.000000,0.000000,0.044281,0.008856
1360,15.095830,2,0.000000,0.000000,0.000000,0.044374,0.000000,0.044374,0.008875,None,3.301519,5.969063,5.696558,5.696558,0.011094,0.000000,0.000000,0.000000,0.044281,0.008856
1360,15.095830,3,0.000000,0.000000,0.000000,0.044411,0.000000,0.044411,0.008882,None,1.135514,1.135514,5.696558,5.696558,0.011103,0.000000,0.000000,0.000000,0.044281,0.008856
1370,15.206830,0,0.000000,0.000000,0.000000,0.044255,0.000000,0.044255,0.008851,None,1.383269,1.383269,9.172980,9.172980,0.011064,0.000000,0.000000,0.000000,0.044349,0.008870
1370,15.206830,1,0.000000,0.000000,0.000000,0.044365,0.000000,0.044365,0.008873,None,1.652620,1.652620,9.331389,9.331389,0.011091,0.000000,0.000000,0.000000,0.044349,0.008870
1370,15.206830,2,0.000000,0.000000,0.000000,0.044374,0.000000,0.044374,0.008875,None,3.306824,5.987088,5.722267,5.722267,0.011093,0.000000,0.000000,0.000000,0.044349,0.008870
1370,15.206830,3,0.000000,0.000000,0.000000,0.044403,0.000000,0.044403,0.008881,None,1.187486,1.187486,5.722267,5.722267,0.011101,0.000000,0.000000,0.000000,0.044349,0.008870
1380,15.317830,0,0.000000,0.000000,0.000000,0.044348,0.000000,0.044348,0.008870,None,1.337646,1.337646,9.090044,9.090044,0.011087,0.000000,0.000000,0.000000,0.044372,0.008874
1380,15.317830,1,0.000000,0.000000,0.000000,0.044366,0.000000,0.044366,0.008873,None,1.674993,1.674993,9.487991,9.487991,0.011091,0.000000,0.000000,0.000000,0.044372,0.008874
1380,15.317830,2,0.000000,0.000000,0.000000,0.044374,0.000000,0.044374,0.008875,None,3.313717,5.996359,5.748778,5.748778,0.011093,0.000000,0.000000,0.000000,0.044372,0.008874
1380,15.317830,3,0.000000,0.000000,0.000000,0.044401,0.000000,0.044401,0.008880,None,1.242097,1.242097,5.748778,5.748778,0.011100,0.000000,0.000000,0.000000,0.044372,0.008874
1390,15.428820,0,0.000000,0.000000,0.000000,0.044373,0.000000,0.044373,0.008875,None,1.294390,1.294390,9.005770,9.005770,0.011093,0.000000,0.000000,0.000000,0.044380,0.008876
1390,15.428820,1,0.000000,0.000000,0.000000,0.044365,0.000000,0.044365,0.008873,None,1.700178,1.700178,9.644328,9.644328,0.011091,0.000000,0.000000,0.000000,0.044380,0.008876
1390,15.428820,2,0.000000,0.000000,0.000000,0.044378,0.000000,0.044378,0.008876,None,3.314987,5.987295,5.775602,5.775602,0.011095,0.000000,0.000000,0.000000,0.044380,0.008876
1390,15.428820,3,0.000000,0.000000,0.000000,0.044404,0.000000,0.044404,0.008881,None,1.299592,1.299592,5.775602,5.775602,0.011101,0.000000,0.000000,0.000000,0.044380,0.008876
1400,15.539820,0,0.000000,0.000000,0.000000,0.044386,0.000000,0.044386,0.008877,None,1.253956,1.253956,8.919911,8.919911,0.011097,0.000000,0.000000,0.000000,0.044383,0.008877
1400,15.539820,1,0.000000,0.000000,0.000000,0.044364,0.000000,0.044364,0.008873,None,1.728195,1.728195,9.800205,9.800205,0.011091,0.000000,0.000000,0.000000,0.044383,0.008877
1400,15.539820,2,0.000000,0.000000,0.000000,0.044380,0.000000,0.044380,0.008876,None,3.283189,5.975650,5.802673,5.802673,0.011095,0.000000,0.000000,0.000000,0.044383,0.008877
1400,15.539820,3,0.000000,0.000000,0.000000,0.044404,0.000000,0.044404,0.008881,None,1.359690,1.359690,5.802673,5.802673,0.011101,0.000000,0.000000,0.000000,0.044383,0.008877
1410,15.650820,0,0.000000,0.000000,0.000000,0.044392,0.000000,0.044392,0.008878,None,1.216014,1.216014,8.832978,8.832978,0.011098,0.000000,0.000000,0.000000,0.044384,0.008877
1410,15.650820,1,0.000000,0.000000,0.000000,0.044367,0.000000,0.044367,0.008873,None,1.759063,1.759063,9.955441,9.955441,0.011092,0.000000,0.000000,0.000000,0.044384,0.008877
1410,15.650820,2,0.000000,0.000000,0.000000,0.044376,0.000000,0.044376,0.008875,None,3.251109,5.961405,5.829564,5.829564,0.011094,0.000000,0.000000,0.000000,0.044384,0.008877
1410,15.650820,3,0.000000,0.000000,0.000000,0.044399,0.000000,0.044399,0.008880,None,1.422383,1.422383,5.829564,5.829564,0.011100,0.000000,0.000000,0.000000,0.044384,0.008877
1420,15.761820,0,0.000000,0.000000,0.000000,0.044394,0.000000,0.044394,0.008879,None,1.181095,1.181095,8.744272,8.744272,0.011098,0.000000,0.000000,0.000000,0.037134,0.007427
1420,15.761820,1,0.000000,0.000000,0.000000,0.044364,0.000000,0.044364,0.008873,None,1.792665,1.792665,10.109820,10.109820,0.011091,0.000000,0.000000,0.000000,0.037134,0.007427
1420,15.761820,2,0.000000,0.000000,0.000000,0.044378,0.000000,0.044378,0.008876,None,3.218576,5.944390,5.936688,5.936688,0.011095,0.000000,0.000000,0.000000,0.037134,0.007427
1420,15.761820,3,0.000000,0.000000,0.000000,0.015399,0.000000,0.015399,0.003080,None,1.428790,1.428790,5.936688,5.936688,0.003850,0.000000,0.000000,0.000000,0.037134,0.007427
1430,15.872820,0,0.000000,0.000000,0.000000,0.044391,0.000000,0.044391,0.008878,None,1.149093,1.149093,8.654068,8.654068,0.011098,0.000000,0.000000,0.000000,0.034469,0.006894
1430,15.872820,1,0.000000,0.000000,0.000000,0.044359,0.000000,0.044359,0.008872,None,1.829118,1.829118,10.263050,10.263050,0.011090,0.000000,0.000000,0.000000,0.034469,0.006894
1430,15.872820,2,0.000000,0.000000,0.000000,0.044377,0.000000,0.044377,0.008875,None,3.185684,5.924755,6.052982,6.052982,0.011094,0.000000,0.000000,0.000000,0.034469,0.006894
1430,15.872820,3,0.000000,0.000000,0.000000,0.004748,0.000000,0.004748,0.000950,None,1.428790,1.428790,6.052982,6.052982,0.001187,0.000000,0.000000,0.000000,0.034469,0.006894
1440,15.983820,0,0.000000,0.000000,0.000000,0.044390,0.000000,0.044390,0.008878,None,1.119965,1.119965,8.562207,8.562207,0.011098,0.000000,0.000000,0.000000,0.033650,0.006730
1440,15.983820,1,0.000000,0.000000,0.000000,0.044363,0.000000,0.044363,0.008873,None,1.868286,1.868286,10.415040,10.415040,0.011091,0.000000,0.000000,0.000000,0.033650,0.006730
1440,15.983820,2,0.000000,0.000000,0.000000,0.044381,0.000000,0.044381,0.008876,None,3.152203,5.902585,6.169672,6.169672,0.011095,0.000000,0.000000,0.000000,0.033650,0.006730
1440,15.983820,3,0.000000,0.000000,0.000000,0.001464,0.000000,0.001464,0.000293,None,1.428790,1.428790,6.169672,6.169672,0.000366,0.000000,0.000000,0.000000,0.033650,0.006730
1450,16.094820,0,0.000000,0.000000,0.000000,0.044390,0.000000,0.044390,0.008878,None,1.093618,1.093618,8.469049,8.469049,0.011097,0.000000,0.000000,0.000000,0.032165,0.006433
1450,16.094820,1,0.000000,0.000000,0.000000,0.039438,0.000000,0.039438,0.007888,None,1.905817,1.905817,10.520570,10.520570,0.009859,0.000000,0.000000,0.000000,0.032165,0.006433
1450,16.094820,2,0.000000,0.000000,0.000000,0.044380,0.000000,0.044380,0.008876,None,3.118397,5.877698,6.286522,6.286522,0.011095,0.000000,0.000000,0.000000,0.032165,0.006433
1450,16.094820,3,0.000000,0.000000,0.000000,0.000451,0.000000,0.000451,0.000090,None,1.428790,1.428790,6.286522,6.286522,0.000113,0.000000,0.000000,0.000000,0.032165,0.006433
1460,16.205830,0,0.000000,0.000000,0.000000,0.044389,0.000000,0.044389,0.008878,None,1.070224,1.070224,8.374469,8.374469,0.011097,0.000000,0.000000,0.000000,0.031501,0.006300
1460,16.205830,1,0.000000,0.000000,0.000000,0.012160,0.000000,0.012160,0.002432,None,1.905817,1.905817,10.521920,10.521920,0.003040,0.000000,0.000000,0.000000,0.031501,0.006300
1460,16.205830,2,0.000000,0.000000,0.000000,0.044382,0.000000,0.044382,0.008876,None,3.084258,5.850272,6.239512,6.239512,0.011096,0.000000,0.000000,0.000000,0.031501,0.006300
1460,16.205830,3,0.000000,0.000000,0.000000,0.025073,0.000000,0.025073,0.005015,None,1.561424,1.561424,6.239512,6.239512,0.006268,0.000000,0.000000,0.000000,0.031501,0.006300
1470,16.316840,0,0.000000,0.000000,0.000000,0.044390,0.000000,0.044390,0.008878,None,1.049827,1.049827,8.278260,8.278260,0.011098,0.000000,0.000000,0.000000,0.036911,0.007382
1470,16.316840,1,0.000000,0.000000,0.000000,0.020404,0.000000,0.020404,0.004081,None,1.906140,1.906140,10.517110,10.517110,0.005101,0.000000,0.000000,0.000000,0.036911,0.007382
1470,16.316840,2,0.000000,0.000000,0.000000,0.044384,0.000000,0.044384,0.008877,None,3.049526,5.820792,6.130197,6.130197,0.011096,0.000000,0.000000,0.000000,0.036911,0.007382
1470,16.316840,3,0.000000,0.000000,0.000000,0.038466,0.000000,0.038466,0.007693,None,1.649199,1.650242,6.130197,6.130197,0.009616,0.000000,0.000000,0.000000,0.036911,0.007382
1480,16.427850,0,0.000000,0.000000,0.000000,0.044394,0.000000,0.044394,0.008879,None,1.032468,1.032468,8.180701,8.180701,0.011099,0.000000,0.000000,0.000000,0.042089,0.008418
1480,16.427850,1,0.000000,0.000000,0.000000,0.036981,0.000000,0.036981,0.007396,None,1.908637,1.908637,10.502520,10.502520,0.009245,0.000000,0.000000,0.000000,0.042089,0.008418
1480,16.427850,2,0.000000,0.000000,0.000000,0.044382,0.000000,0.044382,0.008876,None,3.014570,5.788735,6.091021,6.091021,0.011095,0.000000,0.000000,0.000000,0.042089,0.008418
1480,16.427850,3,0.000000,0.000000,0.000000,0.042597,0.000000,0.042597,0.008519,None,1.599327,1.723409,6.091021,6.091021,0.010649,0.000000,0.000000,0.000000,0.042089,0.008418
1490,16.538850,0,0.000000,0.000000,0.000000,0.044396,0.000000,0.044396,0.008879,None,1.018143,1.018143,8.114496,8.114496,0.011099,0.000000,0.000000,0.000000,0.040386,0.008077
1490,16.538850,1,0.000000,0.000000,0.000000,0.042095,0.000000,0.042095,0.008419,None,1.941337,1.941337,10.460480,10.460480,0.010524,0.000000,0.000000,0.000000,0.040386,0.008077
1490,16.538850,2,0.000000,0.000000,0.000000,0.031187,0.000000,0.031187,0.006237,None,3.006744,5.764747,6.049092,6.049092,0.007797,0.000000,0.000000,0.000000,0.040386,0.008077
1490,16.538850,3,0.000000,0.000000,0.000000,0.043868,0.000000,0.043868,0.008774,None,1.575119,1.791416,6.049092,6.049092,0.010967,0.000000,0.000000,0.000000,0.040386,0.008077
1500,16.649860,0,0.000000,0.000000,0.000000,0.044399,0.000000,0.044399,0.008880,None,1.006837,1.006837,8.124446,8.124446,0.011100,0.000000,0.000000,0.000000,0.035486,0.007097
1500,16.649860,1,0.000000,0.000000,0.000000,0.043669,0.000000,0.043669,0.008734,None,1.986544,1.986544,10.397930,10.397930,0.010917,0.000000,0.000000,0.000000,0.035486,0.007097
1500,16.649860,2,0.000000,0.000000,0.000000,0.009616,0.000000,0.009616,0.001923,None,3.041274,5.764747,5.935348,5.935348,0.002404,0.000000,0.000000,0.000000,0.035486,0.007097
1500,16.649860,3,0.000000,0.000000,0.000000,0.044259,0.000000,0.044259,0.008852,None,1.530332,1.859205,5.935348,5.935348,0.011065,0.000000,0.000000,0.000000,0.035486,0.007097
1510,16.760870,0,0.000000,0.000000,0.000000,0.044388,0.000000,0.044388,0.008878,None,0.998625,0.998625,8.132820,8.132820,0.011097,0.000000,0.000000,0.000000,0.033970,0.006794
1510,16.760870,1,0.000000,0.000000,0.000000,0.044149,0.000000,0.044149,0.008830,None,2.035846,2.035846,10.332410,10.332410,0.011037,0.000000,0.000000,0.000000,0.033970,0.006794
1510,16.760870,2,0.000000,0.000000,0.000000,0.002965,0.000000,0.002965,0.000593,None,3.060355,5.764747,5.824105,5.824105,0.000741,0.000000,0.000000,0.000000,0.033970,0.006794
1510,16.760870,3,0.000000,0.000000,0.000000,0.044377,0.000000,0.044377,0.008875,None,1.473545,1.928481,5.824105,5.824105,0.011094,0.000000,0.000000,0.000000,0.033970,0.006794
1520,16.871880,0,0.000000,0.000000,0.000000,0.044394,0.000000,0.044394,0.008879,None,0.993389,0.993389,8.139742,8.139742,0.011099,0.000000,0.000000,0.000000,0.033506,0.006701
1520,16.871880,1,0.000000,0.000000,0.000000,0.044302,0.000000,0.044302,0.008860,None,2.087598,2.087598,10.265470,10.265470,0.011075,0.000000,0.000000,0.000000,0.033506,0.006701
1520,16.871880,2,0.000000,0.000000,0.000000,0.000914,0.000000,0.000914,0.000183,None,3.074255,5.764747,5.713144,5.713144,0.000228,0.000000,0.000000,0.000000,0.033506,0.006701
1520,16.871880,3,0.000000,0.000000,0.000000,0.044416,0.000000,0.044416,0.008883,None,1.412961,1.999692,5.713144,5.713144,0.011104,0.000000,0.000000,0.000000,0.033506,0.006701
1530,16.982880,0,0.000000,0.000000,0.000000,0.027727,0.000000,0.027727,0.005545,None,0.991730,0.991730,8.143143,8.143143,0.006932,0.000000,0.000000,0.000000,0.029196,0.005839
1530,16.982880,1,0.000000,0.000000,0.000000,0.044346,0.000000,0.044346,0.008869,None,2.141781,2.141781,10.197150,10.197150,0.011087,0.000000,0.000000,0.000000,0.029196,0.005839
1530,16.982880,2,0.000000,0.000000,0.000000,0.000282,0.000000,0.000282,0.000056,None,3.085128,5.764747,5.601609,5.601609,0.000071,0.000000,0.000000,0.000000,0.029196,0.005839
1530,16.982880,3,0.000000,0.000000,0.000000,0.044430,0.000000,0.044430,0.008886,None,1.351033,2.073018,5.601609,5.601609,0.011108,0.000000,0.000000,0.000000,0.029196,0.005839
1540,17.093890,0,0.000000,0.000000,0.000000,0.008549,0.000000,0.008549,0.001710,None,0.991730,0.991730,8.088901,8.088901,0.002137,0.000000,0.000000,0.000000,0.029980,0.005996
1540,17.093890,1,0.000000,0.000000,0.000000,0.044359,0.000000,0.044359,0.008872,None,2.198276,2.198276,10.256710,10.256710,0.011090,0.000000,0.000000,0.000000,0.029980,0.005996
1540,17.093890,2,0.000000,0.000000,0.000000,0.022581,0.000000,0.022581,0.004516,None,3.064416,5.628134,5.572727,5.572727,0.005645,0.000000,0.000000,0.000000,0.029980,0.005996
1540,17.093890,3,0.000000,0.000000,0.000000,0.044429,0.000000,0.044429,0.008886,None,1.299867,2.148377,5.572727,5.572727,0.011107,0.000000,0.000000,0.000000,0.029980,0.005996
1550,17.204900,0,0.000000,0.000000,0.000000,0.002636,0.000000,0.002636,0.000527,None,0.991730,0.991730,8.010234,8.010234,0.000659,0.000000,0.000000,0.000000,0.032284,0.006457
1550,17.204900,1,0.000000,0.000000,0.000000,0.044368,0.000000,0.044368,0.008874,None,2.257368,2.257368,10.413280,10.413280,0.011092,0.000000,0.000000,0.000000,0.032284,0.006457
1550,17.204900,2,0.000000,0.000000,0.000000,0.037698,0.000000,0.037698,0.007540,None,3.053813,5.391016,5.597608,5.597608,0.009425,0.000000,0.000000,0.000000,0.032284,0.006457
1550,17.204900,3,0.000000,0.000000,0.000000,0.044432,0.000000,0.044432,0.008886,None,1.278714,2.225744,5.597608,5.597608,0.011108,0.000000,0.000000,0.000000,0.032284,0.006457
1560,17.315910,0,0.000000,0.000000,0.000000,0.029792,0.000000,0.029792,0.005958,None,1.077152,1.077152,7.838709,7.838709,0.007448,0.000000,0.000000,0.000000,0.040233,0.008047
1560,17.315910,1,0.000000,0.000000,0.000000,0.044368,0.000000,0.044368,0.008874,None,2.318834,2.318834,10.474330,10.474330,0.011092,0.000000,0.000000,0.000000,0.040233,0.008047
1560,17.315910,2,0.000000,0.000000,0.000000,0.042350,0.000000,0.042350,0.008470,None,3.033590,5.250323,5.605396,5.605396,0.010587,0.000000,0.000000,0.000000,0.040233,0.008047
1560,17.315910,3,0.000000,0.000000,0.000000,0.044424,0.000000,0.044424,0.008885,None,1.268176,2.305022,5.605396,5.605396,0.011106,0.000000,0.000000,0.000000,0.040233,0.008047
1570,17.426910,0,0.000000,0.000000,0.000000,0.039876,0.000000,0.039876,0.007975,None,1.162708,1.162708,7.661905,7.661905,0.009969,0.000000,0.000000,0.000000,0.043115,0.008623
1570,17.426910,1,0.000000,0.000000,0.000000,0.044369,0.000000,0.044369,0.008874,None,2.382446,2.382446,10.489060,10.489060,0.011092,0.000000,0.000000,0.000000,0.043115,0.008623
1570,17.426910,2,0.000000,0.000000,0.000000,0.043787,0.000000,0.043787,0.008757,None,3.004050,5.156958,5.603774,5.603774,0.010947,0.000000,0.000000,0.000000,0.043115,0.008623
1570,17.426910,3,0.000000,0.000000,0.000000,0.044427,0.000000,0.044427,0.008885,None,1.260631,2.386205,5.603774,5.603774,0.011107,0.000000,0.000000,0.000000,0.043115,0.008623
1580,17.537920,0,0.000000,0.000000,0.000000,0.042992,0.000000,0.042992,0.008598,None,1.210904,1.210904,7.521898,7.521898,0.010748,0.000000,0.000000,0.000000,0.038382,0.007676
1580,17.537920,1,0.000000,0.000000,0.000000,0.044370,0.000000,0.044370,0.008874,None,2.447431,2.447431,10.489930,10.489930,0.011093,0.000000,0.000000,0.000000,0.038382,0.007676
1580,17.537920,2,0.000000,0.000000,0.000000,0.044234,0.000000,0.044234,0.008847,None,2.970521,5.078331,5.668048,5.668048,0.011058,0.000000,0.000000,0.000000,0.038382,0.007676
1580,17.537920,3,0.000000,0.000000,0.000000,0.021933,0.000000,0.021933,0.004387,None,1.313742,2.419217,5.668048,5.668048,0.005483,0.000000,0.000000,0.000000,0.038382,0.007676
1590,17.648930,0,0.000000,0.000000,0.000000,0.043946,0.000000,0.043946,0.008789,None,1.243834,1.243834,7.398232,7.398232,0.010986,0.000000,0.000000,0.000000,0.034860,0.006972
1590,17.648930,1,0.000000,0.000000,0.000000,0.044369,0.000000,0.044369,0.008874,None,2.492438,2.492438,10.488670,10.488670,0.011092,0.000000,0.000000,0.000000,0.034860,0.006972
1590,17.648930,2,0.000000,0.000000,0.000000,0.044364,0.000000,0.044364,0.008873,None,2.935528,5.002686,5.777463,5.777463,0.011091,0.000000,0.000000,0.000000,0.034860,0.006972
1590,17.648930,3,0.000000,0.000000,0.000000,0.006763,0.000000,0.006763,0.001353,None,1.384678,2.419217,5.777463,5.777463,0.001691,0.000000,0.000000,0.000000,0.034860,0.006972
1600,17.759940,0,0.000000,0.000000,0.000000,0.044241,0.000000,0.044241,0.008848,None,1.273261,1.273261,7.279972,7.279972,0.011060,0.000000,0.000000,0.000000,0.033775,0.006755
1600,17.759940,1,0.000000,0.000000,0.000000,0.044372,0.000000,0.044372,0.008874,None,2.538393,2.538393,10.488830,10.488830,0.011093,0.000000,0.000000,0.000000,0.033775,0.006755
1600,17.759940,2,0.000000,0.000000,0.000000,0.044401,0.000000,0.044401,0.008880,None,2.900222,4.926483,5.885722,5.885722,0.011100,0.000000,0.000000,0.000000,0.033775,0.006755
1600,17.759940,3,0.000000,0.000000,0.000000,0.002086,0.000000,0.002086,0.000417,None,1.445041,2.419217,5.885722,5.885722,0.000521,0.000000,0.000000,0.000000,0.033775,0.006755
1610,17.870940,0,0.000000,0.000000,0.000000,0.044330,0.000000,0.044330,0.008866,None,1.303575,1.303575,7.162336,7.162336,0.011083,0.000000,0.000000,0.000000,0.033442,0.006688
1610,17.870940,1,0.000000,0.000000,0.000000,0.044371,0.000000,0.044371,0.008874,None,2.583658,2.583658,10.418190,10.418190,0.011093,0.000000,0.000000,0.000000,0.033442,0.006688
1610,17.870940,2,0.000000,0.000000,0.000000,0.044425,0.000000,0.044425,0.008885,None,2.864348,4.848444,5.993580,5.993580,0.011106,0.000000,0.000000,0.000000,0.033442,0.006688
1610,17.870940,3,0.000000,0.000000,0.000000,0.000643,0.000000,0.000643,0.000129,None,1.501996,2.419217,5.993580,5.993580,0.000161,0.000000,0.000000,0.000000,0.033442,0.006688
1620,17.981950,0,0.000000,0.000000,0.000000,0.044366,0.000000,0.044366,0.008873,None,1.336194,1.336194,7.044213,7.044213,0.011092,0.000000,0.000000,0.000000,0.039574,0.007915
1620,17.981950,1,0.000000,0.000000,0.000000,0.044379,0.000000,0.044379,0.008876,None,2.631351,2.631351,10.178690,10.178690,0.011095,0.000000,0.000000,0.000000,0.039574,0.007915
1620,17.981950,2,0.000000,0.000000,0.000000,0.044428,0.000000,0.044428,0.008886,None,2.828206,4.768758,5.979087,5.979087,0.011107,0.000000,0.000000,0.000000,0.039574,0.007915
1620,17.981950,3,0.000000,0.000000,0.000000,0.025124,0.000000,0.025124,0.005025,None,1.457529,2.499900,5.979087,5.979087,0.006281,0.000000,0.000000,0.000000,0.039574,0.007915
1630,18.092960,0,0.000000,0.000000,0.000000,0.044370,0.000000,0.044370,0.008874,None,1.371661,1.371661,6.925021,6.925021,0.011092,0.000000,0.000000,0.000000,0.042913,0.008583
1630,18.092960,1,0.000000,0.000000,0.000000,0.044380,0.000000,0.044380,0.008876,None,2.681406,2.681406,9.889889,9.889889,0.011095,0.000000,0.000000,0.000000,0.042913,0.008583
1630,18.092960,2,0.000000,0.000000,0.000000,0.044434,0.000000,0.044434,0.008887,None,2.791759,4.687492,5.922097,5.922097,0.011109,0.000000,0.000000,0.000000,0.042913,0.008583
1630,18.092960,3,0.000000,0.000000,0.000000,0.038471,0.000000,0.038471,0.007694,None,1.398045,2.615379,5.922097,5.922097,0.009618,0.000000,0.000000,0.000000,0.042913,0.008583
1640,18.203970,0,0.000000,0.000000,0.000000,0.044381,0.000000,0.044381,0.008876,None,1.409905,1.409905,6.805133,6.805133,0.011095,0.000000,0.000000,0.000000,0.043944,0.008789
1640,18.203970,1,0.000000,0.000000,0.000000,0.044374,0.000000,0.044374,0.008875,None,2.733795,2.733795,9.677926,9.677926,0.011094,0.000000,0.000000,0.000000,0.043944,0.008789
1640,18.203970,2,0.000000,0.000000,0.000000,0.044429,0.000000,0.044429,0.008886,None,2.755321,4.604509,5.895361,5.895361,0.011107,0.000000,0.000000,0.000000,0.043944,0.008789
1640,18.203970,3,0.000000,0.000000,0.000000,0.042591,0.000000,0.042591,0.008518,None,1.372716,2.721815,5.895361,5.895361,0.010648,0.000000,0.000000,0.000000,0.043944,0.008789
1650,18.314980,0,0.000000,0.000000,0.000000,0.044376,0.000000,0.044376,0.008875,None,1.450968,1.450968,6.684337,6.684337,0.011094,0.000000,0.000000,0.000000,0.044256,0.008851
1650,18.314980,1,0.000000,0.000000,0.000000,0.044369,0.000000,0.044369,0.008874,None,2.788522,2.788522,9.501697,9.501697,0.011092,0.000000,0.000000,0.000000,0.044256,0.008851
1650,18.314980,2,0.000000,0.000000,0.000000,0.044428,0.000000,0.044428,0.008886,None,2.718766,4.519628,5.881697,5.881697,0.011107,0.000000,0.000000,0.000000,0.044256,0.008851
1650,18.314980,3,0.000000,0.000000,0.000000,0.043850,0.000000,0.043850,0.008770,None,1.361875,2.824543,5.881697,5.881697,0.010962,0.000000,0.000000,0.000000,0.044256,0.008851
1660,18.425980,0,0.000000,0.000000,0.000000,0.044379,0.000000,0.044379,0.008876,None,1.494881,1.494881,6.562534,6.562534,0.011095,0.000000,0.000000,0.000000,0.044356,0.008871
1660,18.425980,1,0.000000,0.000000,0.000000,0.044372,0.000000,0.044372,0.008874,None,2.845479,2.845479,9.336777,9.336777,0.011093,0.000000,0.000000,0.000000,0.044356,0.008871
1660,18.425980,2,0.000000,0.000000,0.000000,0.044430,0.000000,0.044430,0.008886,None,2.682004,4.433115,5.872198,5.872198,0.011107,0.000000,0.000000,0.000000,0.044356,0.008871
1660,18.425980,3,0.000000,0.000000,0.000000,0.044245,0.000000,0.044245,0.008849,None,1.355868,2.926822,5.872198,5.872198,0.011061,0.000000,0.000000,0.000000,0.044356,0.008871
1670,18.536990,0,0.000000,0.000000,0.000000,0.031179,0.000000,0.031179,0.006236,None,1.527220,1.527220,6.453228,6.453228,0.007795,0.000000,0.000000,0.000000,0.041086,0.008217
1670,18.536990,1,0.000000,0.000000,0.000000,0.044372,0.000000,0.044372,0.008874,None,2.904638,2.904638,9.174668,9.174668,0.011093,0.000000,0.000000,0.000000,0.041086,0.008217
1670,18.536990,2,0.000000,0.000000,0.000000,0.044431,0.000000,0.044431,0.008886,None,2.646365,4.344802,5.864355,5.864355,0.011108,0.000000,0.000000,0.000000,0.041086,0.008217
1670,18.536990,3,0.000000,0.000000,0.000000,0.044362,0.000000,0.044362,0.008872,None,1.351804,3.029631,5.864355,5.864355,0.011090,0.000000,0.000000,0.000000,0.041086,0.008217
1680,18.648000,0,0.000000,0.000000,0.000000,0.034514,0.000000,0.034514,0.006903,None,1.567853,1.567853,6.337515,6.337515,0.008628,0.000000,0.000000,0.000000,0.041930,0.008386
1680,18.648000,1,0.000000,0.000000,0.000000,0.044372,0.000000,0.044372,0.008874,None,2.965986,2.965986,9.012376,9.012376,0.011093,0.000000,0.000000,0.000000,0.041930,0.008386
1680,18.648000,2,0.000000,0.000000,0.000000,0.044431,0.000000,0.044431,0.008886,None,2.616621,4.254869,5.857230,5.857230,0.011108,0.000000,0.000000,0.000000,0.041930,0.008386
1680,18.648000,3,0.000000,0.000000,0.000000,0.044405,0.000000,0.044405,0.008881,None,1.348552,3.133366,5.857230,5.857230,0.011101,0.000000,0.000000,0.000000,0.041930,0.008386
1690,18.759010,0,0.000000,0.000000,0.000000,0.041327,0.000000,0.041327,0.008265,None,1.630867,1.630867,6.262803,6.262803,0.010332,0.000000,0.000000,0.000000,0.036860,0.007372
1690,18.759010,1,0.000000,0.000000,0.000000,0.044373,0.000000,0.044373,0.008875,None,3.029476,3.029476,8.849532,8.849532,0.011093,0.000000,0.000000,0.000000,0.036860,0.007372
1690,18.759010,2,0.000000,0.000000,0.000000,0.017333,0.000000,0.017333,0.003467,None,2.620433,4.236729,5.767261,5.767261,0.004333,0.000000,0.000000,0.000000,0.036860,0.007372
1690,18.759010,3,0.000000,0.000000,0.000000,0.044405,0.000000,0.044405,0.008881,None,1.329584,3.237859,5.767261,5.767261,0.011101,0.000000,0.000000,0.000000,0.036860,0.007372
1700,18.870010,0,0.000000,0.000000,0.000000,0.043429,0.000000,0.043429,0.008686,None,1.691491,1.691491,6.207174,6.207174,0.010857,0.000000,0.000000,0.000000,0.034390,0.006878
1700,18.870010,1,0.000000,0.000000,0.000000,0.044374,0.000000,0.044374,0.008875,None,3.095021,3.095021,8.685906,8.685906,0.011093,0.000000,0.000000,0.000000,0.034390,0.006878
1700,18.870010,2,0.000000,0.000000,0.000000,0.005345,0.000000,0.005345,0.001069,None,2.611198,4.236729,5.657300,5.657300,0.001336,0.000000,0.000000,0.000000,0.034390,0.006878
1700,18.870010,3,0.000000,0.000000,0.000000,0.044411,0.000000,0.044411,0.008882,None,1.285603,3.343235,5.657300,5.657300,0.011103,0.000000,0.000000,0.000000,0.034390,0.006878
1710,18.981020,0,0.000000,0.000000,0.000000,0.044079,0.000000,0.044079,0.008816,None,1.751228,1.751228,6.116624,6.116624,0.011020,0.000000,0.000000,0.000000,0.039862,0.007972
1710,18.981020,1,0.000000,0.000000,0.000000,0.044381,0.000000,0.044381,0.008876,None,3.162677,3.162677,8.521132,8.521132,0.011095,0.000000,0.000000,0.000000,0.039862,0.007972
1710,18.981020,2,0.000000,0.000000,0.000000,0.026574,0.000000,0.026574,0.005315,None,2.576740,4.146898,5.617158,5.617158,0.006644,0.000000,0.000000,0.000000,0.039862,0.007972
1710,18.981020,3,0.000000,0.000000,0.000000,0.044414,0.000000,0.044414,0.008883,None,1.247923,3.449396,5.617158,5.617158,0.011104,0.000000,0.000000,0.000000,0.039862,0.007972
1720,19.092030,0,0.000000,0.000000,0.000000,0.044281,0.000000,0.044281,0.008856,None,1.812035,1.812035,5.983925,5.983925,0.011070,0.000000,0.000000,0.000000,0.035326,0.007065
1720,19.092030,1,0.000000,0.000000,0.000000,0.013684,0.000000,0.013684,0.002737,None,3.162677,3.162677,8.471083,8.471083,0.003421,0.000000,0.000000,0.000000,0.035326,0.007065
1720,19.092030,2,0.000000,0.000000,0.000000,0.038919,0.000000,0.038919,0.007784,None,2.522480,4.056976,5.616305,5.616305,0.009730,0.000000,0.000000,0.000000,0.035326,0.007065
1720,19.092030,3,0.000000,0.000000,0.000000,0.044419,0.000000,0.044419,0.008884,None,1.236283,3.556302,5.616305,5.616305,0.011105,0.000000,0.000000,0.000000,0.035326,0.007065
1730,19.203040,0,0.000000,0.000000,0.000000,0.044344,0.000000,0.044344,0.008869,None,1.874907,1.874907,5.826214,5.826214,0.011086,0.000000,0.000000,0.000000,0.033927,0.006785
1730,19.203040,1,0.000000,0.000000,0.000000,0.004219,0.000000,0.004219,0.000844,None,3.162677,3.162677,8.419911,8.419911,0.001055,0.000000,0.000000,0.000000,0.033927,0.006785
1730,19.203040,2,0.000000,0.000000,0.000000,0.042728,0.000000,0.042728,0.008546,None,2.448906,4.002474,5.623415,5.623415,0.010682,0.000000,0.000000,0.000000,0.033927,0.006785
1730,19.203040,3,0.000000,0.000000,0.000000,0.044417,0.000000,0.044417,0.008883,None,1.234532,3.663897,5.623415,5.623415,0.011104,0.000000,0.000000,0.000000,0.033927,0.006785
1740,19.314040,0,0.000000,0.000000,0.000000,0.044364,0.000000,0.044364,0.008873,None,1.940105,1.940105,5.672279,5.672279,0.011091,0.000000,0.000000,0.000000,0.033496,0.006699
1740,19.314040,1,0.000000,0.000000,0.000000,0.001301,0.000000,0.001301,0.000260,None,3.162677,3.162677,8.367603,8.367603,0.000325,0.000000,0.000000,0.000000,0.033496,0.006699
1740,19.314040,2,0.000000,0.000000,0.000000,0.043904,0.000000,0.043904,0.008781,None,2.383237,3.939405,5.630848,5.630848,0.010976,0.000000,0.000000,0.000000,0.033496,0.006699
1740,19.314040,3,0.000000,0.000000,0.000000,0.044413,0.000000,0.044413,0.008883,None,1.237033,3.772080,5.630848,5.630848,0.011103,0.000000,0.000000,0.000000,0.033496,0.006699
1750,19.425050,0,0.000000,0.000000,0.000000,0.044369,0.000000,0.044369,0.008874,None,2.005487,2.005487,5.523904,5.523904,0.011092,0.000000,0.000000,0.000000,0.033362,0.006672
1750,19.425050,1,0.000000,0.000000,0.000000,0.000402,0.000000,0.000402,0.000080,None,3.162677,3.162677,8.314059,8.314059,0.000100,0.000000,0.000000,0.000000,0.033362,0.006672
1750,19.425050,2,0.000000,0.000000,0.000000,0.044264,0.000000,0.044264,0.008853,None,2.325620,3.864786,5.523904,5.523904,0.011066,0.000000,0.000000,0.000000,0.033362,0.006672
1750,19.425050,3,0.000000,0.000000,0.000000,0.044413,0.000000,0.044413,0.008883,None,1.241756,3.880870,5.638381,5.638381,0.011103,0.000000,0.000000,0.000000,0.033362,0.006672
1760,19.536060,0,0.000000,0.000000,0.000000,0.044369,0.000000,0.044369,0.008874,None,2.051156,2.051156,5.378746,5.378746,0.011092,0.000000,0.000000,0.000000,0.033320,0.006664
1760,19.536060,1,0.000000,0.000000,0.000000,0.000124,0.000000,0.000124,0.000025,None,3.162677,3.162677,8.259387,8.259387,0.000031,0.000000,0.000000,0.000000,0.033320,0.006664
1760,19.536060,2,0.000000,0.000000,0.000000,0.044377,0.000000,0.044377,0.008875,None,2.272867,3.781961,5.378746,5.378746,0.011094,0.000000,0.000000,0.000000,0.033320,0.006664
1760,19.536060,3,0.000000,0.000000,0.000000,0.044411,0.000000,0.044411,0.008882,None,1.248368,3.990157,5.647190,5.647190,0.011103,0.000000,0.000000,0.000000,0.033320,0.006664
1770,19.647070,0,0.000000,0.000000,0.000000,0.024639,0.000000,0.024639,0.004928,None,2.074948,2.074948,5.268640,5.268640,0.006160,0.000000,0.000000,0.000000,0.029605,0.005921
1770,19.647070,1,0.000000,0.000000,0.000000,0.004966,0.000000,0.004966,0.000993,None,3.164749,3.164749,8.200576,8.200576,0.001241,0.000000,0.000000,0.000000,0.029605,0.005921
1770,19.647070,2,0.000000,0.000000,0.000000,0.044408,0.000000,0.044408,0.008882,None,2.228569,3.692176,5.268640,5.268640,0.011102,0.000000,0.000000,0.000000,0.029605,0.005921
1770,19.647070,3,0.000000,0.000000,0.000000,0.044408,0.000000,0.044408,0.008882,None,1.256701,4.099915,5.657577,5.657577,0.011102,0.000000,0.000000,0.000000,0.029605,0.005921
1780,19.758080,0,0.000000,0.000000,0.000000,0.007596,0.000000,0.007596,0.001519,None,2.074948,2.074948,5.195510,5.195510,0.001899,0.000000,0.000000,0.000000,0.032167,0.006433
1780,19.758080,1,0.000000,0.000000,0.000000,0.032245,0.000000,0.032245,0.006449,None,3.164856,3.164856,8.198744,8.198744,0.008061,0.000000,0.000000,0.000000,0.032167,0.006433
1780,19.758080,2,0.000000,0.000000,0.000000,0.044419,0.000000,0.044419,0.008884,None,2.204972,3.597339,5.195510,5.195510,0.011105,0.000000,0.000000,0.000000,0.032167,0.006433
1780,19.758080,3,0.000000,0.000000,0.000000,0.044408,0.000000,0.044408,0.008882,None,1.266878,4.210093,5.670035,5.670035,0.011102,0.000000,0.000000,0.000000,0.032167,0.006433
1790,19.869080,0,0.000000,0.000000,0.000000,0.002342,0.000000,0.002342,0.000468,None,2.074948,2.074948,5.126899,5.126899,0.000586,0.000000,0.000000,0.000000,0.032956,0.006591
1790,19.869080,1,0.000000,0.000000,0.000000,0.040653,0.000000,0.040653,0.008131,None,3.188000,3.188000,8.127298,8.127298,0.010163,0.000000,0.000000,0.000000,0.032956,0.006591
1790,19.869080,2,0.000000,0.000000,0.000000,0.044423,0.000000,0.044423,0.008885,None,2.191484,3.499263,5.126899,5.126899,0.011106,0.000000,0.000000,0.000000,0.032956,0.006591
1790,19.869080,3,0.000000,0.000000,0.000000,0.044407,0.000000,0.044407,0.008881,None,1.279027,4.320592,5.685139,5.685139,0.011102,0.000000,0.000000,0.000000,0.032956,0.006591
1800,19.980090,0,0.000000,0.000000,0.000000,0.027804,0.000000,0.027804,0.005561,None,2.134740,2.134740,4.926989,4.926989,0.006951,0.000000,0.000000,0.000000,0.039971,0.007994
1800,19.980090,1,0.000000,0.000000,0.000000,0.043249,0.000000,0.043249,0.008650,None,3.229497,3.229497,7.996918,7.996918,0.010812,0.000000,0.000000,0.000000,0.039971,0.007994
1800,19.980090,2,0.000000,0.000000,0.000000,0.044421,0.000000,0.044421,0.008884,None,2.171020,3.399293,4.926989,4.926989,0.011105,0.000000,0.000000,0.000000,0.039971,0.007994
1800,19.980090,3,0.000000,0.000000,0.000000,0.044410,0.000000,0.044410,0.008882,None,1.293015,4.431455,5.702746,5.702746,0.011103,0.000000,0.000000,0.000000,0.039971,0.007994
1810,20.091100,0,0.000000,0.000000,0.000000,0.039296,0.000000,0.039296,0.007859,None,2.210160,2.210160,4.703156,4.703156,0.009824,0.000000,0.000000,0.000000,0.043047,0.008609
1810,20.091100,1,0.000000,0.000000,0.000000,0.044053,0.000000,0.044053,0.008811,None,3.278308,3.278308,7.846929,7.846929,0.011013,0.000000,0.000000,0.000000,0.043047,0.008609
1810,20.091100,2,0.000000,0.000000,0.000000,0.044424,0.000000,0.044424,0.008885,None,2.134066,3.297704,4.703156,4.703156,0.011106,0.000000,0.000000,0.000000,0.043047,0.008609
1810,20.091100,3,0.000000,0.000000,0.000000,0.044414,0.000000,0.044414,0.008883,None,1.309391,4.542539,5.723661,5.723661,0.011104,0.000000,0.000000,0.000000,0.043047,0.008609
1820,20.202110,0,0.000000,0.000000,0.000000,0.042839,0.000000,0.042839,0.008568,None,2.279069,2.279069,4.566859,4.566859,0.010710,0.000000,0.000000,0.000000,0.037759,0.007552
1820,20.202110,1,0.000000,0.000000,0.000000,0.044289,0.000000,0.044289,0.008858,None,3.330589,3.330589,7.691864,7.691864,0.011072,0.000000,0.000000,0.000000,0.037759,0.007552
1820,20.202110,2,0.000000,0.000000,0.000000,0.019495,0.000000,0.019495,0.003899,None,2.116728,3.266961,4.566859,4.566859,0.004874,0.000000,0.000000,0.000000,0.037759,0.007552
1820,20.202110,3,0.000000,0.000000,0.000000,0.044413,0.000000,0.044413,0.008883,None,1.314086,4.653803,5.673943,5.673943,0.011103,0.000000,0.000000,0.000000,0.037759,0.007552
1830,20.313110,0,0.000000,0.000000,0.000000,0.043928,0.000000,0.043928,0.008786,None,2.346022,2.346022,4.413700,4.413700,0.010982,0.000000,0.000000,0.000000,0.041450,0.008290
1830,20.313110,1,0.000000,0.000000,0.000000,0.044366,0.000000,0.044366,0.008873,None,3.286190,3.385346,7.535146,7.535146,0.011092,0.000000,0.000000,0.000000,0.041450,0.008290
1830,20.313110,2,0.000000,0.000000,0.000000,0.033096,0.000000,0.033096,0.006619,None,2.052085,3.192833,4.413700,4.413700,0.008274,0.000000,0.000000,0.000000,0.041450,0.008290
1830,20.313110,3,0.000000,0.000000,0.000000,0.044410,0.000000,0.044410,0.008882,None,1.310445,4.765155,5.681979,5.681979,0.011103,0.000000,0.000000,0.000000,0.041450,0.008290
1840,20.424120,0,0.000000,0.000000,0.000000,0.044268,0.000000,0.044268,0.008854,None,2.259714,2.413708,4.260382,4.260382,0.011067,0.000000,0.000000,0.000000,0.040195,0.008039
1840,20.424120,1,0.000000,0.000000,0.000000,0.044389,0.000000,0.044389,0.008878,None,3.209692,3.442285,7.394560,7.394560,0.011097,0.000000,0.000000,0.000000,0.040195,0.008039
1840,20.424120,2,0.000000,0.000000,0.000000,0.040918,0.000000,0.040918,0.008184,None,1.996088,3.092545,4.260382,4.260382,0.010229,0.000000,0.000000,0.000000,0.040195,0.008039
1840,20.424120,3,0.000000,0.000000,0.000000,0.031204,0.000000,0.031204,0.006241,None,1.348939,4.843159,5.735911,5.735911,0.007801,0.000000,0.000000,0.000000,0.040195,0.008039
1850,20.535130,0,0.000000,0.000000,0.000000,0.044372,0.000000,0.044372,0.008874,None,2.161434,2.483089,4.113954,4.113954,0.011093,0.000000,0.000000,0.000000,0.035430,0.007086
1850,20.535130,1,0.000000,0.000000,0.000000,0.044396,0.000000,0.044396,0.008879,None,3.142223,3.501322,7.292682,7.292682,0.011099,0.000000,0.000000,0.000000,0.035430,0.007086
1850,20.535130,2,0.000000,0.000000,0.000000,0.043329,0.000000,0.043329,0.008666,None,1.949599,2.986590,4.113954,4.113954,0.010832,0.000000,0.000000,0.000000,0.035430,0.007086
1850,20.535130,3,0.000000,0.000000,0.000000,0.009621,0.000000,0.009621,0.001924,None,1.424051,4.843159,5.841228,5.841228,0.002405,0.000000,0.000000,0.000000,0.035430,0.007086
1860,20.646140,0,0.000000,0.000000,0.000000,0.044405,0.000000,0.044405,0.008881,None,2.062169,2.554425,3.969301,3.969301,0.011101,0.000000,0.000000,0.000000,0.033961,0.006792
1860,20.646140,1,0.000000,0.000000,0.000000,0.044400,0.000000,0.044400,0.008880,None,3.078888,3.562445,7.189952,7.189952,0.011100,0.000000,0.000000,0.000000,0.033961,0.006792
1860,20.646140,2,0.000000,0.000000,0.000000,0.044072,0.000000,0.044072,0.008814,None,1.905506,2.879422,3.969301,3.969301,0.011018,0.000000,0.000000,0.000000,0.033961,0.006792
1860,20.646140,3,0.000000,0.000000,0.000000,0.002966,0.000000,0.002966,0.000593,None,1.485895,4.843159,5.945694,5.945694,0.000742,0.000000,0.000000,0.000000,0.033961,0.006792
1870,20.757140,0,0.000000,0.000000,0.000000,0.044413,0.000000,0.044413,0.008883,None,1.962628,2.627733,3.825572,3.825572,0.011103,0.000000,0.000000,0.000000,0.026257,0.005251
1870,20.757140,1,0.000000,0.000000,0.000000,0.015399,0.000000,0.015399,0.003080,None,3.099600,3.568672,7.179640,7.179640,0.003850,0.000000,0.000000,0.000000,0.026257,0.005251
1870,20.757140,2,0.000000,0.000000,0.000000,0.044301,0.000000,0.044301,0.008860,None,1.862255,2.771609,3.825572,3.825572,0.011075,0.000000,0.000000,0.000000,0.026257,0.005251
1870,20.757140,3,0.000000,0.000000,0.000000,0.000915,0.000000,0.000915,0.000183,None,1.543556,4.843159,6.049453,6.049453,0.000229,0.000000,0.000000,0.000000,0.026257,0.005251
1880,20.868150,0,0.000000,0.000000,0.000000,0.044418,0.000000,0.044418,0.008884,None,1.862876,2.627097,3.682765,3.682765,0.011105,0.000000,0.000000,0.000000,0.023455,0.004691
1880,20.868150,1,0.000000,0.000000,0.000000,0.004748,0.000000,0.004748,0.000950,None,3.109473,3.568672,7.179640,7.179640,0.001187,0.000000,0.000000,0.000000,0.023455,0.004691
1880,20.868150,2,0.000000,0.000000,0.000000,0.044371,0.000000,0.044371,0.008874,None,1.819754,2.662980,3.682765,3.682765,0.011093,0.000000,0.000000,0.000000,0.023455,0.004691
1880,20.868150,3,0.000000,0.000000,0.000000,0.000281,0.000000,0.000281,0.000056,None,1.599815,4.843159,6.152514,6.152514,0.000070,0.000000,0.000000,0.000000,0.023455,0.004691
1890,20.979160,0,0.000000,0.000000,0.000000,0.044415,0.000000,0.044415,0.008883,None,1.763456,2.564692,3.541722,3.541722,0.011104,0.000000,0.000000,0.000000,0.030270,0.006054
1890,20.979160,1,0.000000,0.000000,0.000000,0.032190,0.000000,0.032190,0.006438,None,3.048935,3.617847,7.115197,7.115197,0.008047,0.000000,0.000000,0.000000,0.030270,0.006054
1890,20.979160,2,0.000000,0.000000,0.000000,0.044391,0.000000,0.044391,0.008878,None,1.778252,2.553479,3.541722,3.541722,0.011098,0.000000,0.000000,0.000000,0.030270,0.006054
1890,20.979160,3,0.000000,0.000000,0.000000,0.000086,0.000000,0.000086,0.000017,None,1.655516,4.843159,6.254741,6.254741,0.000022,0.000000,0.000000,0.000000,0.030270,0.006054
1900,21.090170,0,0.000000,0.000000,0.000000,0.044416,0.000000,0.044416,0.008883,None,1.663683,2.504491,3.401854,3.401854,0.011104,0.000000,0.000000,0.000000,0.034701,0.006940
1900,21.090170,1,0.000000,0.000000,0.000000,0.040650,0.000000,0.040650,0.008130,None,2.992069,3.674422,7.056089,7.056089,0.010162,0.000000,0.000000,0.000000,0.034701,0.006940
1900,21.090170,2,0.000000,0.000000,0.000000,0.044401,0.000000,0.044401,0.008880,None,1.737775,2.443046,3.401854,3.401854,0.011100,0.000000,0.000000,0.000000,0.034701,0.006940
1900,21.090170,3,0.000000,0.000000,0.000000,0.009335,0.000000,0.009335,0.001867,None,1.684838,4.862582,6.325814,6.325814,0.002334,0.000000,0.000000,0.000000,0.034701,0.006940
1910,21.201180,0,0.000000,0.000000,0.000000,0.044413,0.000000,0.044413,0.008883,None,1.564372,2.446604,3.264430,3.264430,0.011103,0.000000,0.000000,0.000000,0.041414,0.008283
1910,21.201180,1,0.000000,0.000000,0.000000,0.043252,0.000000,0.043252,0.008650,None,2.932578,3.736608,7.227450,7.227450,0.010813,0.000000,0.000000,0.000000,0.041414,0.008283
1910,21.201180,2,0.000000,0.000000,0.000000,0.044408,0.000000,0.044408,0.008882,None,1.698690,2.331562,3.264430,3.264430,0.011102,0.000000,0.000000,0.000000,0.041414,0.008283
1910,21.201180,3,0.000000,0.000000,0.000000,0.033585,0.000000,0.033585,0.006717,None,1.588246,4.951859,6.210894,6.210894,0.008396,0.000000,0.000000,0.000000,0.041414,0.008283
1920,21.312180,0,0.000000,0.000000,0.000000,0.044416,0.000000,0.044416,0.008883,None,1.465188,2.391024,3.129426,3.129426,0.011104,0.000000,0.000000,0.000000,0.043486,0.008697
1920,21.312180,1,0.000000,0.000000,0.000000,0.044057,0.000000,0.044057,0.008811,None,2.875549,3.801533,7.311142,7.311142,0.011014,0.000000,0.000000,0.000000,0.043486,0.008697
1920,21.312180,2,0.000000,0.000000,0.000000,0.044407,0.000000,0.044407,0.008881,None,1.661217,2.219300,3.129426,3.129426,0.011102,0.000000,0.000000,0.000000,0.043486,0.008697
1920,21.312180,3,0.000000,0.000000,0.000000,0.041063,0.000000,0.041063,0.008213,None,1.535489,5.043447,6.136756,6.136756,0.010266,0.000000,0.000000,0.000000,0.043486,0.008697
1930,21.423190,0,0.000000,0.000000,0.000000,0.044419,0.000000,0.044419,0.008884,None,1.366169,2.337746,2.996962,2.996962,0.011105,0.000000,0.000000,0.000000,0.044126,0.008825
1930,21.423190,1,0.000000,0.000000,0.000000,0.044309,0.000000,0.044309,0.008862,None,2.821439,3.868530,7.316313,7.316313,0.011077,0.000000,0.000000,0.000000,0.044126,0.008825
1930,21.423190,2,0.000000,0.000000,0.000000,0.044408,0.000000,0.044408,0.008882,None,1.625325,2.106170,2.996962,2.996962,0.011102,0.000000,0.000000,0.000000,0.044126,0.008825
1930,21.423190,3,0.000000,0.000000,0.000000,0.043366,0.000000,0.043366,0.008673,None,1.512722,5.137550,6.097257,6.097257,0.010841,0.000000,0.000000,0.000000,0.044126,0.008825
1940,21.534200,0,0.000000,0.000000,0.000000,0.044423,0.000000,0.044423,0.008885,None,1.267436,2.286864,2.867620,2.867620,0.011106,0.000000,0.000000,0.000000,0.044325,0.008865
1940,21.534200,1,0.000000,0.000000,0.000000,0.044390,0.000000,0.044390,0.008878,None,2.770133,3.937371,7.294630,7.294630,0.011098,0.000000,0.000000,0.000000,0.044325,0.008865
1940,21.534200,2,0.000000,0.000000,0.000000,0.044408,0.000000,0.044408,0.008882,None,1.591339,1.992141,2.867620,2.867620,0.011102,0.000000,0.000000,0.000000,0.044325,0.008865
1940,21.534200,3,0.000000,0.000000,0.000000,0.044079,0.000000,0.044079,0.008816,None,1.500664,5.231897,6.069636,6.069636,0.011020,0.000000,0.000000,0.000000,0.044325,0.008865
1950,21.645210,0,0.000000,0.000000,0.000000,0.044419,0.000000,0.044419,0.008884,None,1.169147,2.238444,2.741957,2.741957,0.011105,0.000000,0.000000,0.000000,0.044382,0.008876
1950,21.645210,1,0.000000,0.000000,0.000000,0.044409,0.000000,0.044409,0.008882,None,2.721759,4.007937,7.267501,7.267501,0.011102,0.000000,0.000000,0.000000,0.044382,0.008876
1950,21.645210,2,0.000000,0.000000,0.000000,0.044400,0.000000,0.044400,0.008880,None,1.559536,1.877585,2.741957,2.741957,0.011100,0.000000,0.000000,0.000000,0.044382,0.008876
1950,21.645210,3,0.000000,0.000000,0.000000,0.044299,0.000000,0.044299,0.008860,None,1.491827,5.325431,6.044709,6.044709,0.011075,0.000000,0.000000,0.000000,0.044382,0.008876
1960,21.756210,0,0.000000,0.000000,0.000000,0.044415,0.000000,0.044415,0.008883,None,1.073160,2.190598,2.621542,2.621542,0.011104,0.000000,0.000000,0.000000,0.044401,0.008880
1960,21.756210,1,0.000000,0.000000,0.000000,0.044417,0.000000,0.044417,0.008883,None,2.675606,4.080346,7.241121,7.241121,0.011104,0.000000,0.000000,0.000000,0.044401,0.008880
1960,21.756210,2,0.000000,0.000000,0.000000,0.044406,0.000000,0.044406,0.008881,None,1.529645,1.762309,2.621542,2.621542,0.011102,0.000000,0.000000,0.000000,0.044401,0.008880
1960,21.756210,3,0.000000,0.000000,0.000000,0.044365,0.000000,0.044365,0.008873,None,1.483880,5.417722,6.020204,6.020204,0.011091,0.000000,0.000000,0.000000,0.044401,0.008880
1970,21.867220,0,0.000000,0.000000,0.000000,0.044417,0.000000,0.044417,0.008883,None,0.999563,2.118274,2.524106,2.524106,0.011104,0.000000,0.000000,0.000000,0.044409,0.008882
1970,21.867220,1,0.000000,0.000000,0.000000,0.044420,0.000000,0.044420,0.008884,None,2.631804,4.154521,7.217591,7.217591,0.011105,0.000000,0.000000,0.000000,0.044409,0.008882
1970,21.867220,2,0.000000,0.000000,0.000000,0.044409,0.000000,0.044409,0.008882,None,1.502235,1.646373,2.524106,2.524106,0.011102,0.000000,0.000000,0.000000,0.044409,0.008882
1970,21.867220,3,0.000000,0.000000,0.000000,0.044389,0.000000,0.044389,0.008878,None,1.475900,5.508674,5.994938,5.994938,0.011097,0.000000,0.000000,0.000000,0.044409,0.008882
1980,21.978230,0,0.000000,0.000000,0.000000,0.044426,0.000000,0.044426,0.008885,None,0.944642,2.024839,2.446198,2.446198,0.011107,0.000000,0.000000,0.000000,0.044413,0.008883
1980,21.978230,1,0.000000,0.000000,0.000000,0.044423,0.000000,0.044423,0.008885,None,2.590274,4.230400,7.197245,7.197245,0.011106,0.000000,0.000000,0.000000,0.044413,0.008883
1980,21.978230,2,0.000000,0.000000,0.000000,0.044408,0.000000,0.044408,0.008882,None,1.477916,1.529886,2.446198,2.446198,0.011102,0.000000,0.000000,0.000000,0.044413,0.008883
1980,21.978230,3,0.000000,0.000000,0.000000,0.044396,0.000000,0.044396,0.008879,None,1.467918,5.598151,5.968658,5.968658,0.011099,0.000000,0.000000,0.000000,0.044413,0.008883
1990,22.089240,0,0.000000,0.000000,0.000000,0.044423,0.000000,0.044423,0.008885,None,0.898053,1.923388,2.378567,2.378567,0.011106,0.000000,0.000000,0.000000,0.044412,0.008882
1990,22.089240,1,0.000000,0.000000,0.000000,0.044417,0.000000,0.044417,0.008883,None,2.551125,4.307930,7.180071,7.180071,0.011104,0.000000,0.000000,0.000000,0.044412,0.008882
1990,22.089240,2,0.000000,0.000000,0.000000,0.044410,0.000000,0.044410,0.008882,None,1.413000,1.413000,2.378567,2.378567,0.011103,0.000000,0.000000,0.000000,0.044412,0.008882
1990,22.089240,3,0.000000,0.000000,0.000000,0.044399,0.000000,0.044399,0.008880,None,1.459883,5.686099,5.941506,5.941506,0.011100,0.000000,0.000000,0.000000,0.044412,0.008882
2000,22.200240,0,0.000000,0.000000,0.000000,0.044419,0.000000,0.044419,0.008884,None,0.855800,1.818665,2.318044,2.318044,0.011105,0.000000,0.000000,0.000000,0.044412,0.008882
2000,22.200240,1,0.000000,0.000000,0.000000,0.044421,0.000000,0.044421,0.008884,None,2.514039,4.387146,7.165329,7.165329,0.011105,0.000000,0.000000,0.000000,0.044412,0.008882
2000,22.200240,2,0.000000,0.000000,0.000000,0.044410,0.000000,0.044410,0.008882,None,1.295658,1.295658,2.318044,2.318044,0.011103,0.000000,0.000000,0.000000,0.044412,0.008882
2000,22.200240,3,0.000000,0.000000,0.000000,0.044397,0.000000,0.044397,0.008879,None,1.451823,5.772519,5.913467,5.913467,0.011099,0.000000,0.000000,0.000000,0.044412,0.008882
2010,22.311250,0,0.000000,0.000000,0.000000,0.044416,0.000000,0.044416,0.008883,None,0.816706,1.711981,2.263492,2.263492,0.011104,0.000000,0.000000,0.000000,0.044408,0.008882
2010,22.311250,1,0.000000,0.000000,0.000000,0.044422,0.000000,0.044422,0.008884,None,2.479140,4.467937,7.153445,7.153445,0.011105,0.000000,0.000000,0.000000,0.044408,0.008882
2010,22.311250,2,0.000000,0.000000,0.000000,0.044407,0.000000,0.044407,0.008881,None,1.178259,1.178259,2.263492,2.263492,0.011102,0.000000,0.000000,0.000000,0.044408,0.008882
2010,22.311250,3,0.000000,0.000000,0.000000,0.044388,0.000000,0.044388,0.008878,None,1.443640,5.857317,5.884212,5.884212,0.011097,0.000000,0.000000,0.000000,0.044408,0.008882
2020,22.422260,0,0.000000,0.000000,0.000000,0.019492,0.000000,0.019492,0.003898,None,0.802600,1.679659,2.260211,2.260211,0.004873,0.000000,0.000000,0.000000,0.038179,0.007636
2020,22.422260,1,0.000000,0.000000,0.000000,0.044422,0.000000,0.044422,0.008884,None,2.446304,4.550303,7.144415,7.144415,0.011105,0.000000,0.000000,0.000000,0.038179,0.007636
2020,22.422260,2,0.000000,0.000000,0.000000,0.044409,0.000000,0.044409,0.008882,None,1.060389,1.060389,2.260211,2.260211,0.011102,0.000000,0.000000,0.000000,0.038179,0.007636
2020,22.422260,3,0.000000,0.000000,0.000000,0.044392,0.000000,0.044392,0.008878,None,1.435173,5.799501,5.853982,5.853982,0.011098,0.000000,0.000000,0.000000,0.038179,0.007636
2030,22.533270,0,0.000000,0.000000,0.000000,0.006010,0.000000,0.006010,0.001202,None,0.777769,1.679659,2.283330,2.283330,0.001502,0.000000,0.000000,0.000000,0.034807,0.006961
2030,22.533270,1,0.000000,0.000000,0.000000,0.044416,0.000000,0.044416,0.008883,None,2.415667,4.634172,7.137938,7.137938,0.011104,0.000000,0.000000,0.000000,0.034807,0.006961
2030,22.533270,2,0.000000,0.000000,0.000000,0.044404,0.000000,0.044404,0.008881,None,0.942601,0.942601,2.283330,2.283330,0.011101,0.000000,0.000000,0.000000,0.034807,0.006961
2030,22.533270,3,0.000000,0.000000,0.000000,0.044396,0.000000,0.044396,0.008879,None,1.426349,5.702087,5.822341,5.822341,0.011099,0.000000,0.000000,0.000000,0.034807,0.006961
2040,22.644280,0,0.000000,0.000000,0.000000,0.001853,0.000000,0.001853,0.000371,None,0.747137,1.679659,2.306823,2.306823,0.000463,0.000000,0.000000,0.000000,0.031443,0.006289
2040,22.644280,1,0.000000,0.000000,0.000000,0.044419,0.000000,0.044419,0.008884,None,2.386823,4.719578,7.133265,7.133265,0.011105,0.000000,0.000000,0.000000,0.031443,0.006289
2040,22.644280,2,0.000000,0.000000,0.000000,0.035099,0.000000,0.035099,0.007020,None,0.848229,0.848229,2.306823,2.306823,0.008775,0.000000,0.000000,0.000000,0.031443,0.006289
2040,22.644280,3,0.000000,0.000000,0.000000,0.044401,0.000000,0.044401,0.008880,None,1.416076,5.603394,5.773748,5.773748,0.011100,0.000000,0.000000,0.000000,0.031443,0.006289
2050,22.755280,0,0.000000,0.000000,0.000000,0.000571,0.000000,0.000571,0.000114,None,0.731199,1.679659,2.312718,2.312718,0.000143,0.000000,0.000000,0.000000,0.028356,0.005671
2050,22.755280,1,0.000000,0.000000,0.000000,0.044422,0.000000,0.044422,0.008884,None,2.359682,4.806496,7.130346,7.130346,0.011106,0.000000,0.000000,0.000000,0.028356,0.005671
2050,22.755280,2,0.000000,0.000000,0.000000,0.024033,0.000000,0.024033,0.004807,None,0.814003,0.814003,2.312718,2.312718,0.006008,0.000000,0.000000,0.000000,0.028356,0.005671
2050,22.755280,3,0.000000,0.000000,0.000000,0.044399,0.000000,0.044399,0.008880,None,1.385118,5.503297,5.686656,5.686656,0.011100,0.000000,0.000000,0.000000,0.028356,0.005671
2060,22.866290,0,0.000000,0.000000,0.000000,0.013378,0.000000,0.013378,0.002676,None,0.668688,1.678289,2.296164,2.296164,0.003345,0.000000,0.000000,0.000000,0.027405,0.005481
2060,22.866290,1,0.000000,0.000000,0.000000,0.044421,0.000000,0.044421,0.008884,None,2.318345,4.894853,7.026128,7.026128,0.011105,0.000000,0.000000,0.000000,0.027405,0.005481
2060,22.866290,2,0.000000,0.000000,0.000000,0.038130,0.000000,0.038130,0.007626,None,0.699762,0.699762,2.296164,2.296164,0.009532,0.000000,0.000000,0.000000,0.027405,0.005481
2060,22.866290,3,0.000000,0.000000,0.000000,0.013690,0.000000,0.013690,0.002738,None,1.449316,5.503297,5.772752,5.772752,0.003422,0.000000,0.000000,0.000000,0.027405,0.005481
2070,22.977300,0,0.000000,0.000000,0.000000,0.034831,0.000000,0.034831,0.006966,None,0.510869,1.702517,2.185572,2.185572,0.008708,0.000000,0.000000,0.000000,0.038262,0.007652
2070,22.977300,1,0.000000,0.000000,0.000000,0.044419,0.000000,0.044419,0.008884,None,2.276813,4.984027,7.025079,7.025079,0.011105,0.000000,0.000000,0.000000,0.038262,0.007652
2070,22.977300,2,0.000000,0.000000,0.000000,0.042481,0.000000,0.042481,0.008496,None,0.582296,0.582296,2.185572,2.185572,0.010620,0.000000,0.000000,0.000000,0.038262,0.007652
2070,22.977300,3,0.000000,0.000000,0.000000,0.031316,0.000000,0.031316,0.006263,None,1.432068,5.402008,5.760909,5.760909,0.007829,0.000000,0.000000,0.000000,0.038262,0.007652
2080,23.088310,0,0.000000,0.000000,0.000000,0.041444,0.000000,0.041444,0.008289,None,0.422320,1.653556,2.120753,2.120753,0.010361,0.000000,0.017930,0.000000,0.042520,0.008504
2080,23.088310,1,0.000000,0.000000,0.000000,0.044426,0.000000,0.044426,0.008885,None,2.263911,5.068594,7.071589,7.071589,0.011106,0.000000,0.017930,0.000000,0.042520,0.008504
2080,23.088310,2,0.000000,0.071720,0.000000,0.043823,0.000000,0.043823,0.008765,None,0.464140,0.464140,2.120753,2.120753,0.010956,0.000000,0.017930,0.000000,0.042520,0.008504
2080,23.088310,3,0.000000,0.000000,0.000000,0.040386,0.000000,0.040386,0.008077,None,1.416507,5.273820,5.724800,5.724800,0.010097,0.000000,0.017930,0.000000,0.042520,0.008504
2090,23.199310,0,0.000000,0.000000,0.000000,0.043478,0.000000,0.043478,0.008696,None,0.369176,1.565211,2.078406,2.078406,0.010870,0.002464,0.076725,0.000000,0.043831,0.009752
2090,23.199310,1,0.000000,0.000000,0.000000,0.044425,0.000000,0.044425,0.008885,None,2.270230,5.148613,7.126471,7.126471,0.011106,0.002464,0.076725,0.000000,0.043831,0.009752
2090,23.199310,2,0.009857,0.306900,0.000000,0.044234,0.000000,0.044234,0.012790,None,0.346550,0.346550,2.078406,2.078406,0.011059,0.002464,0.076725,0.000000,0.043831,0.009752
2090,23.199310,3,0.000000,0.000000,0.000000,0.043188,0.000000,0.043188,0.008638,None,1.406694,5.156588,5.688570,5.688570,0.010797,0.002464,0.076725,0.000000,0.043831,0.009752
2100,23.310320,0,0.062990,0.000000,0.000000,0.044111,0.000000,0.044111,0.034018,None,0.327953,1.464632,2.044894,2.044894,0.011028,0.101888,0.135298,0.000000,0.044235,0.049602
2100,23.310320,1,0.000000,0.000000,0.000000,0.044423,0.000000,0.044423,0.008885,None,2.286639,5.225916,7.185673,7.185673,0.011106,0.101888,0.135298,0.000000,0.044235,0.049602
2100,23.310320,2,0.344561,0.541193,0.000000,0.044360,0.000000,0.044360,0.146697,Wall,0.229404,0.229404,2.044894,2.044894,0.011090,0.101888,0.135298,0.000000,0.044235,0.049602
2100,23.310320,3,0.000000,0.000000,0.000000,0.044047,0.000000,0.044047,0.008809,None,1.398517,5.045037,5.652326,5.652326,0.011012,0.101888,0.135298,0.000000,0.044235,0.049602
2110,23.421330,0,0.166801,0.000000,0.000000,0.044309,0.000000,0.044309,0.075582,Wall,0.291620,1.360119,2.016951,2.016951,0.011077,0.211203,0.193652,0.000000,0.044362,0.093354
2110,23.421330,1,0.000000,0.000000,0.000000,0.044421,0.000000,0.044421,0.008884,None,2.309647,5.301187,7.249449,7.249449,0.011105,0.211203,0.193652,0.000000,0.044362,0.093354
2110,23.421330,2,0.678012,0.774609,0.000000,0.044401,0.000000,0.044401,0.280085,Wall,0.112696,0.112696,2.016951,2.016951,0.011100,0.211203,0.193652,0.000000,0.044362,0.093354
2110,23.421330,3,0.000000,0.000000,0.000000,0.044318,0.000000,0.044318,0.008864,None,1.390495,4.935073,5.615125,5.615125,0.011080,0.211203,0.193652,0.000000,0.044362,0.093354
2120,23.532340,0,0.260791,0.000000,0.000000,0.044359,0.000000,0.044359,0.113188,Wall,0.258723,1.254077,1.994024,1.994024,0.011090,0.315198,0.250000,0.000000,0.044397,0.134959
2120,23.532340,1,0.000000,0.000000,0.000000,0.044417,0.000000,0.044417,0.008883,None,2.338164,5.374592,7.318135,7.318135,0.011104,0.315198,0.250000,0.000000,0.044397,0.134959
2120,23.532340,2,1.000000,1.000000,0.000000,0.044408,0.000000,0.044408,0.408882,Wall,-0.003412,-0.003412,1.994024,1.994024,0.011102,0.315198,0.250000,0.000000,0.044397,0.134959
2120,23.532340,3,0.000000,0.000000,0.000000,0.044404,0.000000,0.044404,0.008881,None,1.382467,4.825080,5.576859,5.576859,0.011101,0.315198,0.250000,0.000000,0.044397,0.134959
2130,23.643340,0,0.346674,0.000000,0.000000,0.044379,0.000000,0.044379,0.147545,Wall,0.228664,1.146589,1.975581,1.975581,0.011095,0.336669,0.250000,0.000000,0.044410,0.143549
2130,23.643340,1,0.000000,0.000000,0.000000,0.044419,0.000000,0.044419,0.008884,None,2.371717,5.446177,7.391795,7.391795,0.011105,0.336669,0.250000,0.000000,0.044410,0.143549
2130,23.643340,2,1.000000,1.000000,0.000000,0.044415,0.000000,0.044415,0.408883,Wall,-0.118969,-0.118969,1.975581,1.975581,0.011104,0.336669,0.250000,0.000000,0.044410,0.143549
2130,23.643340,3,0.000000,0.000000,0.000000,0.044426,0.000000,0.044426,0.008885,None,1.374385,4.714508,5.537621,5.537621,0.011107,0.336669,0.250000,0.000000,0.044410,0.143549
2140,23.754350,0,0.424133,0.000000,0.000000,0.044385,0.000000,0.044385,0.178530,Wall,0.201553,1.037696,1.961917,1.961917,0.011096,0.356033,0.250000,0.000000,0.037163,0.149846
2140,23.754350,1,0.000000,0.000000,0.000000,0.015407,0.000000,0.015407,0.003081,None,2.447068,5.453241,7.503098,7.503098,0.003852,0.356033,0.250000,0.000000,0.037163,0.149846
2140,23.754350,2,1.000000,1.000000,0.000000,0.044418,0.000000,0.044418,0.408884,Wall,-0.233971,-0.233971,1.961917,1.961917,0.011105,0.356033,0.250000,0.000000,0.037163,0.149846
2140,23.754350,3,0.000000,0.000000,0.000000,0.044440,0.000000,0.044440,0.008888,None,1.366242,4.603062,5.497258,5.497258,0.011110,0.356033,0.250000,0.000000,0.037163,0.149846
2150,23.865360,0,0.492871,0.000000,0.000000,0.044382,0.000000,0.044382,0.206025,Wall,0.177495,0.927658,1.952998,1.952998,0.011096,0.373218,0.250000,0.000000,0.034497,0.156187
2150,23.865360,1,0.000000,0.000000,0.000000,0.004751,0.000000,0.004751,0.000950,None,2.507505,5.453241,7.618734,7.618734,0.001188,0.373218,0.250000,0.000000,0.034497,0.156187
2150,23.865360,2,1.000000,1.000000,0.000000,0.044419,0.000000,0.044419,0.408884,Wall,-0.348279,-0.348279,1.952998,1.952998,0.011105,0.373218,0.250000,0.000000,0.034497,0.156187
2150,23.865360,3,0.000000,0.000000,0.000000,0.044438,0.000000,0.044438,0.008888,None,1.357955,4.490869,5.455727,5.455727,0.011110,0.373218,0.250000,0.000000,0.034497,0.156187
2160,23.976370,0,0.553174,0.000000,0.000000,0.044382,0.000000,0.044382,0.230146,Wall,0.156389,0.816413,1.948641,1.948641,0.011096,0.388294,0.250000,0.000000,0.033676,0.162053
2160,23.976370,1,0.000000,0.000000,0.000000,0.001464,0.000000,0.001464,0.000293,None,2.561934,5.453241,7.734654,7.734654,0.000366,0.388294,0.250000,0.000000,0.033676,0.162053
2160,23.976370,2,1.000000,1.000000,0.000000,0.044420,0.000000,0.044420,0.408884,Wall,-0.461789,-0.461789,1.948641,1.948641,0.011105,0.388294,0.250000,0.000000,0.033676,0.162053
2160,23.976370,3,0.000000,0.000000,0.000000,0.044436,0.000000,0.044436,0.008887,None,1.349704,4.378061,5.413166,5.413166,0.011109,0.388294,0.250000,0.000000,0.033676,0.162053
2170,24.087380,0,0.604602,0.000000,0.000000,0.044385,0.000000,0.044385,0.250718,Wall,0.138389,0.704184,1.949000,1.949000,0.011096,0.401150,0.250000,0.000000,0.039044,0.168269
2170,24.087380,1,0.000000,0.000000,0.000000,0.022935,0.000000,0.022935,0.004587,None,2.643904,5.476604,7.895552,7.895552,0.005734,0.401150,0.250000,0.000000,0.039044,0.168269
2170,24.087380,2,1.000000,1.000000,0.000000,0.044421,0.000000,0.044421,0.408884,Wall,-0.425567,-0.574433,1.949000,1.949000,0.011105,0.401150,0.250000,0.000000,0.039044,0.168269
2170,24.087380,3,0.000000,0.000000,0.000000,0.044436,0.000000,0.044436,0.008887,None,1.341121,4.264486,5.369186,5.369186,0.011109,0.401150,0.250000,0.000000,0.039044,0.168269
2180,24.198380,0,0.646778,0.000000,0.000000,0.044387,0.000000,0.044387,0.267589,Wall,0.123628,0.590828,1.954041,1.954041,0.011097,0.411695,0.250000,0.000000,0.042759,0.173230
2180,24.198380,1,0.000000,0.000000,0.000000,0.037783,0.000000,0.037783,0.007557,None,2.777631,5.511075,8.101394,8.101394,0.009446,0.411695,0.250000,0.000000,0.042759,0.173230
2180,24.198380,2,1.000000,1.000000,0.000000,0.044424,0.000000,0.044424,0.408885,Wall,-0.313944,-0.686056,1.954041,1.954041,0.011106,0.411695,0.250000,0.000000,0.042759,0.173230
2180,24.198380,3,0.000000,0.000000,0.000000,0.044440,0.000000,0.044440,0.008888,None,1.332367,4.150156,5.323884,5.323884,0.011110,0.411695,0.250000,0.000000,0.042759,0.173230
2190,24.309390,0,0.679153,0.046867,0.000000,0.044388,0.000000,0.044388,0.280539,Wall,0.112297,0.476566,1.963801,1.963801,0.011097,0.419788,0.261717,0.000000,0.043902,0.176696
2190,24.309390,1,0.000000,0.000000,0.000000,0.042357,0.000000,0.042357,0.008471,None,2.878674,5.506799,8.256376,8.256376,0.010589,0.419788,0.261717,0.000000,0.043902,0.176696
2190,24.309390,2,1.000000,1.000000,0.000000,0.044420,0.000000,0.044420,0.408884,Wall,-0.203609,-0.796392,1.963801,1.963801,0.011105,0.419788,0.261717,0.000000,0.043902,0.176696
2190,24.309390,3,0.000000,0.000000,0.000000,0.044442,0.000000,0.044442,0.008888,None,1.323510,4.035230,5.277230,5.277230,0.011110,0.419788,0.261717,0.000000,0.043902,0.176696
2200,24.420400,0,0.701597,0.276939,0.000000,0.044387,0.000000,0.044387,0.289516,Wall,0.104441,0.361530,1.978737,1.978737,0.011097,0.425399,0.319235,0.000000,0.044254,0.179011
2200,24.420400,1,0.000000,0.000000,0.000000,0.043771,0.000000,0.043771,0.008754,None,2.961022,5.382887,8.351681,8.351681,0.010943,0.425399,0.319235,0.000000,0.044254,0.179011
2200,24.420400,2,1.000000,1.000000,0.000000,0.044420,0.000000,0.044420,0.408884,Wall,-0.266093,-0.905619,1.978737,1.978737,0.011105,0.425399,0.319235,0.000000,0.044254,0.179011
2200,24.420400,3,0.000000,0.000000,0.000000,0.044438,0.000000,0.044438,0.008888,None,1.314604,3.920009,5.229288,5.229288,0.011109,0.425399,0.319235,0.000000,0.044254,0.179011
2210,24.531410,0,0.644414,0.346216,0.000000,0.019478,0.000000,0.019478,0.261661,Wall,0.124455,0.326892,2.048687,2.048687,0.004869,0.411103,0.336554,0.000000,0.038138,0.172069
2210,24.531410,1,0.000000,0.000000,0.000000,0.044214,0.000000,0.044214,0.008843,None,3.038590,5.265921,8.425297,8.425297,0.011054,0.411103,0.336554,0.000000,0.038138,0.172069
2210,24.531410,2,1.000000,1.000000,0.000000,0.044421,0.000000,0.044421,0.408884,Wall,-0.345182,-1.013437,2.048687,2.048687,0.011105,0.411103,0.336554,0.000000,0.038138,0.172069
2210,24.531410,3,0.000000,0.000000,0.000000,0.044439,0.000000,0.044439,0.008888,None,1.305485,3.804227,5.180204,5.180204,0.011110,0.411103,0.336554,0.000000,0.038138,0.172069
2220,24.642410,0,0.710459,0.470743,0.000000,0.028495,0.000000,0.028495,0.289883,Wall,0.101339,0.264628,2.092417,2.092417,0.007124,0.427615,0.367686,0.000000,0.040425,0.179131
2220,24.642410,1,0.000000,0.000000,0.000000,0.044343,0.000000,0.044343,0.008869,None,3.116863,5.151032,8.502786,8.502786,0.011086,0.427615,0.367686,0.000000,0.040425,0.179131
2220,24.642410,2,1.000000,1.000000,0.000000,0.044425,0.000000,0.044425,0.408885,Wall,-0.237415,-1.119978,2.092417,2.092417,0.011106,0.427615,0.367686,0.000000,0.040425,0.179131
2220,24.642410,3,0.000000,0.000000,0.000000,0.044437,0.000000,0.044437,0.008887,None,1.296240,3.688019,5.129736,5.129736,0.011109,0.427615,0.367686,0.000000,0.040425,0.179131
2230,24.753420,0,0.774354,0.687550,0.000000,0.039497,0.000000,0.039497,0.317641,Wall,0.078976,0.156225,2.109295,2.109295,0.009874,0.443589,0.421887,0.000000,0.043188,0.186073
2230,24.753420,1,0.000000,0.000000,0.000000,0.044382,0.000000,0.044382,0.008876,None,3.197704,5.036293,8.584887,8.584887,0.011095,0.443589,0.421887,0.000000,0.043188,0.186073
2230,24.753420,2,1.000000,1.000000,0.000000,0.044424,0.000000,0.044424,0.408885,Wall,-0.130814,-1.224979,2.109295,2.109295,0.011106,0.443589,0.421887,0.000000,0.043188,0.186073
2230,24.753420,3,0.000000,0.000000,0.000000,0.044447,0.000000,0.044447,0.008889,None,1.286516,3.571220,5.077480,5.077480,0.011112,0.443589,0.421887,0.000000,0.043188,0.186073
2240,24.864430,0,0.884393,0.919075,0.000000,0.042891,0.000000,0.042891,0.362335,Wall,0.040462,0.040462,2.137188,2.137188,0.010723,0.471098,0.479769,0.000000,0.044041,0.197247
2240,24.864430,1,0.000000,0.000000,0.000000,0.044398,0.000000,0.044398,0.008880,None,3.281209,4.921371,8.664626,8.664626,0.011100,0.471098,0.479769,0.000000,0.044041,0.197247
2240,24.864430,2,1.000000,1.000000,0.000000,0.044426,0.000000,0.044426,0.408885,Wall,-0.080694,-1.328288,2.137188,2.137188,0.011107,0.471098,0.479769,0.000000,0.044041,0.197247
2240,24.864430,3,0.000000,0.000000,0.000000,0.044447,0.000000,0.044447,0.008889,None,1.276748,3.454400,5.023972,5.023972,0.011112,0.471098,0.479769,0.000000,0.044041,0.197247
2250,24.975440,0,1.000000,1.000000,0.000000,0.043936,0.000000,0.043936,0.408787,Wall,-0.077181,-0.077181,2.171254,2.171254,0.010984,0.500000,0.500000,0.000000,0.044299,0.208860
2250,24.975440,1,0.000000,0.000000,0.000000,0.044400,0.000000,0.044400,0.008880,None,3.367589,4.806212,8.746814,8.746814,0.011100,0.500000,0.500000,0.000000,0.044299,0.208860
2250,24.975440,2,1.000000,1.000000,0.000000,0.044420,0.000000,0.044420,0.408884,Wall,-0.187002,-1.429805,2.171254,2.171254,0.011105,0.500000,0.500000,0.000000,0.044299,0.208860
2250,24.975440,3,0.000000,0.000000,0.000000,0.044441,0.000000,0.044441,0.008888,None,1.266872,3.337453,4.969151,4.969151,0.011110,0.500000,0.500000,0.000000,0.044299,0.208860
2260,25.086440,0,1.000000,1.000000,0.000000,0.044258,0.000000,0.044258,0.408852,Wall,-0.195139,-0.195139,2.210148,2.210148,0.011065,0.500000,0.500000,0.000000,0.044381,0.208876
2260,25.086440,1,0.000000,0.000000,0.000000,0.044398,0.000000,0.044398,0.008880,None,3.456508,4.690923,8.833522,8.833522,0.011100,0.500000,0.500000,0.000000,0.044381,0.208876
2260,25.086440,2,1.000000,1.000000,0.000000,0.044422,0.000000,0.044422,0.408885,Wall,-0.187749,-1.529491,2.210148,2.210148,0.011106,0.500000,0.500000,0.000000,0.044381,0.208876
2260,25.086440,3,0.000000,0.000000,0.000000,0.044444,0.000000,0.044444,0.008889,None,1.256758,3.220248,4.912901,4.912901,0.011111,0.500000,0.500000,0.000000,0.044381,0.208876
2270,25.197450,0,1.000000,1.000000,0.000000,0.044359,0.000000,0.044359,0.408872,Wall,-0.313402,-0.313402,2.233130,2.233130,0.011090,0.500000,0.500000,0.000000,0.035309,0.207062
2270,25.197450,1,0.000000,0.000000,0.000000,0.017322,0.000000,0.017322,0.003464,None,3.538031,4.667839,8.939906,8.939906,0.004330,0.500000,0.500000,0.000000,0.035309,0.207062
2270,25.197450,2,1.000000,1.000000,0.000000,0.035108,0.000000,0.035108,0.407022,Wall,-0.121174,-1.607824,2.233130,2.233130,0.008777,0.500000,0.500000,0.000000,0.035309,0.207062
2270,25.197450,3,0.000000,0.000000,0.000000,0.044446,0.000000,0.044446,0.008889,None,1.245754,3.102943,4.847855,4.847855,0.011112,0.500000,0.500000,0.000000,0.035309,0.207062
2280,25.308460,0,1.000000,1.000000,0.000000,0.044390,0.000000,0.044390,0.408878,Wall,-0.431791,-0.431791,2.178994,2.178994,0.011097,0.500000,0.500000,0.000000,0.026251,0.205250
2280,25.308460,1,0.000000,0.000000,0.000000,0.005341,0.000000,0.005341,0.001068,None,3.603393,4.667839,9.050858,9.050858,0.001335,0.500000,0.500000,0.000000,0.026251,0.205250
2280,25.308460,2,1.000000,1.000000,0.000000,0.010824,0.000000,0.010824,0.402165,Wall,-0.121174,-1.607824,2.178994,2.178994,0.002706,0.500000,0.500000,0.000000,0.026251,0.205250
2280,25.308460,3,0.000000,0.000000,0.000000,0.044448,0.000000,0.044448,0.008890,None,1.224781,2.985603,4.754548,4.754548,0.011112,0.500000,0.500000,0.000000,0.026251,0.205250
2290,25.419470,0,1.000000,1.000000,0.000000,0.044393,0.000000,0.044393,0.408879,Wall,-0.449623,-0.550377,2.131370,2.131370,0.011098,0.500000,0.500000,0.000000,0.027620,0.205524
2290,25.419470,1,0.000000,0.000000,0.000000,0.018307,0.000000,0.018307,0.003661,None,3.641031,4.632485,9.145721,9.145721,0.004577,0.500000,0.500000,0.000000,0.027620,0.205524
2290,25.419470,2,1.000000,1.000000,0.000000,0.003337,0.000000,0.003337,0.400667,Wall,-0.121174,-1.607824,2.131370,2.131370,0.000834,0.500000,0.500000,0.000000,0.027620,0.205524
2290,25.419470,3,0.000000,0.000000,0.000000,0.044442,0.000000,0.044442,0.008888,None,1.199863,2.868390,4.664016,4.664016,0.011111,0.500000,0.500000,0.000000,0.027620,0.205524
2300,25.530480,0,1.000000,1.000000,0.000000,0.044403,0.000000,0.044403,0.408881,Wall,-0.330610,-0.669390,2.090668,2.090668,0.011101,0.500000,0.500000,0.000000,0.031558,0.206312
2300,25.530480,1,0.000000,0.000000,0.000000,0.036356,0.000000,0.036356,0.007271,None,3.655405,4.544115,9.218866,9.218866,0.009089,0.500000,0.500000,0.000000,0.031558,0.206312
2300,25.530480,2,1.000000,1.000000,0.000000,0.001031,0.000000,0.001031,0.400206,Wall,-0.121174,-1.607824,2.090668,2.090668,0.000258,0.500000,0.500000,0.000000,0.031558,0.206312
2300,25.530480,3,0.000000,0.000000,0.000000,0.044444,0.000000,0.044444,0.008889,None,1.175671,2.751316,4.576324,4.576324,0.011111,0.500000,0.500000,0.000000,0.031558,0.206312
2310,25.641480,0,1.000000,1.000000,0.000000,0.044406,0.000000,0.044406,0.408881,Wall,-0.212687,-0.787314,2.054451,2.054451,0.011101,0.500000,0.500000,0.000000,0.032771,0.206554
2310,25.641480,1,0.000000,0.000000,0.000000,0.041915,0.000000,0.041915,0.008383,None,3.720893,4.437407,9.304421,9.304421,0.010479,0.500000,0.500000,0.000000,0.032771,0.206554
2310,25.641480,2,1.000000,1.000000,0.000000,0.000319,0.000000,0.000319,0.400064,Wall,-0.121174,-1.607824,2.054451,2.054451,0.000080,0.500000,0.500000,0.000000,0.032771,0.206554
2310,25.641480,3,0.000000,0.000000,0.000000,0.044445,0.000000,0.044445,0.008889,None,1.153733,2.634476,4.491645,4.491645,0.011111,0.500000,0.500000,0.000000,0.032771,0.206554
2320,25.752490,0,1.000000,1.000000,0.000000,0.044414,0.000000,0.044414,0.408883,Wall,-0.282761,-0.892366,1.992233,1.992233,0.011103,0.500000,0.500000,0.000000,0.033148,0.206630
2320,25.752490,1,0.000000,0.000000,0.000000,0.043635,0.000000,0.043635,0.008727,None,3.806606,4.323517,9.396866,9.396866,0.010909,0.500000,0.500000,0.000000,0.033148,0.206630
2320,25.752490,2,1.000000,1.000000,0.000000,0.000098,0.000000,0.000098,0.400020,Wall,-0.121174,-1.607824,1.992233,1.992233,0.000025,0.500000,0.500000,0.000000,0.033148,0.206630
2320,25.752490,3,0.000000,0.000000,0.000000,0.044447,0.000000,0.044447,0.008889,None,1.134272,2.517487,4.409799,4.409799,0.011112,0.500000,0.500000,0.000000,0.033148,0.206630
2330,25.863500,0,1.000000,1.000000,0.000000,0.044405,0.000000,0.044405,0.408881,Wall,-0.340620,-0.985824,1.906638,1.906638,0.011101,0.500000,0.500000,0.000000,0.029090,0.205818
2330,25.863500,1,0.000000,0.000000,0.000000,0.044161,0.000000,0.044161,0.008832,None,3.892325,4.208108,9.448682,9.448682,0.011040,0.500000,0.500000,0.000000,0.029090,0.205818
2330,25.863500,2,1.000000,1.000000,0.000000,0.000031,0.000000,0.000031,0.400006,Wall,-0.121174,-1.607824,1.906638,1.906638,0.000008,0.500000,0.500000,0.000000,0.029090,0.205818
2330,25.863500,3,0.000000,0.000000,0.000000,0.027762,0.000000,0.027762,0.005552,None,1.140894,2.447594,4.362525,4.362525,0.006940,0.500000,0.500000,0.000000,0.029090,0.205818
2340,25.974510,0,1.000000,1.000000,0.000000,0.044403,0.000000,0.044403,0.408881,Wall,-0.248003,-1.073853,1.812202,1.812202,0.011101,0.500000,0.500000,0.000000,0.024324,0.204865
2340,25.974510,1,0.000000,0.000000,0.000000,0.044323,0.000000,0.044323,0.008865,None,3.948999,4.092672,9.437133,9.437133,0.011081,0.500000,0.500000,0.000000,0.024324,0.204865
2340,25.974510,2,1.000000,1.000000,0.000000,0.000008,0.000000,0.000008,0.400002,Wall,-0.121174,-1.607824,1.812202,1.812202,0.000002,0.500000,0.500000,0.000000,0.024324,0.204865
2340,25.974510,3,0.000000,0.000000,0.000000,0.008560,0.000000,0.008560,0.001712,None,1.159948,2.447594,4.362525,4.362525,0.002140,0.500000,0.500000,0.000000,0.024324,0.204865
2350,26.085510,0,1.000000,1.000000,0.000000,0.044401,0.000000,0.044401,0.408880,Wall,-0.157958,-1.158651,1.714782,1.714782,0.011100,0.500000,0.500000,0.000000,0.022855,0.204571
2350,26.085510,1,0.000000,0.000000,0.000000,0.044376,0.000000,0.044376,0.008875,None,3.976984,3.976984,9.429007,9.429007,0.011094,0.500000,0.500000,0.000000,0.022855,0.204571
2350,26.085510,2,1.000000,1.000000,0.000000,0.000004,0.000000,0.000004,0.400001,Wall,-0.121174,-1.607824,1.714782,1.714782,0.000001,0.500000,0.500000,0.000000,0.022855,0.204571
2350,26.085510,3,0.000000,0.000000,0.000000,0.002639,0.000000,0.002639,0.000528,None,1.165809,2.447594,4.362525,4.362525,0.000660,0.500000,0.500000,0.000000,0.022855,0.204571
2360,26.196520,0,1.000000,1.000000,0.000000,0.044400,0.000000,0.044400,0.408880,Wall,-0.078929,-1.240726,1.616407,1.616407,0.011100,0.500000,0.500000,0.000000,0.022401,0.204480
2360,26.196520,1,0.000000,0.000000,0.000000,0.044389,0.000000,0.044389,0.008878,None,3.861479,3.861479,9.424337,9.424337,0.011097,0.500000,0.500000,0.000000,0.022401,0.204480
2360,26.196520,2,1.000000,1.000000,0.000000,0.000000,0.000000,0.000000,0.400000,Wall,-0.121174,-1.607824,1.616407,1.616407,0.000000,0.500000,0.500000,0.000000,0.022401,0.204480
2360,26.196520,3,0.000000,0.000000,0.000000,0.000814,0.000000,0.000814,0.000163,None,1.167614,2.447594,4.362525,4.362525,0.000203,0.500000,0.500000,0.000000,0.022401,0.204480
2370,26.307530,0,1.000000,1.000000,0.000000,0.044397,0.000000,0.044397,0.408879,Wall,-0.170609,-1.320182,1.517541,1.517541,0.011099,0.500000,0.500000,0.000000,0.026429,0.205286
2370,26.307530,1,0.000000,0.000000,0.000000,0.044396,0.000000,0.044396,0.008879,None,3.745750,3.745750,9.464693,9.464693,0.011099,0.500000,0.500000,0.000000,0.026429,0.205286
2370,26.307530,2,1.000000,1.000000,0.000000,0.000000,0.000000,0.000000,0.400000,Wall,-0.121174,-1.607824,1.517541,1.517541,0.000000,0.500000,0.500000,0.000000,0.026429,0.205286
2370,26.307530,3,0.000000,0.000000,0.000000,0.016925,0.000000,0.016925,0.003385,None,1.183097,2.397443,4.366395,4.366395,0.004231,0.500000,0.500000,0.000000,0.026429,0.205286
2380,26.418540,0,1.000000,1.000000,0.000000,0.044402,0.000000,0.044402,0.408880,Wall,-0.219585,-1.397003,1.418259,1.418259,0.011100,0.500000,0.500000,0.000000,0.031185,0.206237
2380,26.418540,1,0.000000,0.000000,0.000000,0.044394,0.000000,0.044394,0.008879,None,3.630085,3.630085,9.567291,9.567291,0.011099,0.500000,0.500000,0.000000,0.031185,0.206237
2380,26.418540,2,1.000000,1.000000,0.000000,0.000000,0.000000,0.000000,0.400000,Wall,-0.121174,-1.607824,1.418259,1.418259,0.000000,0.500000,0.500000,0.000000,0.031185,0.206237
2380,26.418540,3,0.000000,0.000000,0.000000,0.035943,0.000000,0.035943,0.007189,None,1.275133,2.273617,4.412694,4.412694,0.008986,0.500000,0.500000,0.000000,0.031185,0.206237
2390,26.529540,0,1.000000,1.000000,0.000000,0.031194,0.000000,0.031194,0.406239,Wall,-0.157885,-1.449164,1.348610,1.348610,0.007799,0.500000,0.500000,0.000000,0.029350,0.205870
2390,26.529540,1,0.000000,0.000000,0.000000,0.044389,0.000000,0.044389,0.008878,None,3.514633,3.514633,9.673229,9.673229,0.011097,0.500000,0.500000,0.000000,0.029350,0.205870
2390,26.529540,2,1.000000,1.000000,0.000000,0.000000,0.000000,0.000000,0.400000,Wall,-0.121174,-1.607824,1.348610,1.348610,0.000000,0.500000,0.500000,0.000000,0.029350,0.205870
2390,26.529540,3,0.000000,0.000000,0.000000,0.041816,0.000000,0.041816,0.008363,None,1.332243,2.159355,4.418334,4.418334,0.010454,0.500000,0.500000,0.000000,0.029350,0.205870
2400,26.640550,0,1.000000,1.000000,0.000000,0.009617,0.000000,0.009617,0.401923,Wall,-0.157885,-1.449164,1.348610,1.348610,0.002404,0.500000,0.500000,0.000000,0.024407,0.204881
2400,26.640550,1,0.000000,0.000000,0.000000,0.044394,0.000000,0.044394,0.008879,None,3.399087,3.399087,9.782011,9.782011,0.011098,0.500000,0.500000,0.000000,0.024407,0.204881
2400,26.640550,2,1.000000,1.000000,0.000000,0.000000,0.000000,0.000000,0.400000,Wall,-0.121174,-1.607824,1.348610,1.348610,0.000000,0.500000,0.500000,0.000000,0.024407,0.204881
2400,26.640550,3,0.000000,0.000000,0.000000,0.043615,0.000000,0.043615,0.008723,None,1.364340,2.050657,4.397491,4.397491,0.010904,0.500000,0.500000,0.000000,0.024407,0.204881
2410,26.751560,0,1.000000,1.000000,0.000000,0.002967,0.000000,0.002967,0.400594,Wall,-0.157885,-1.449164,1.348610,1.348610,0.000742,0.500000,0.500000,0.000000,0.022886,0.204577
2410,26.751560,1,0.000000,0.000000,0.000000,0.044397,0.000000,0.044397,0.008879,None,3.283609,3.283609,9.892906,9.892906,0.011099,0.500000,0.500000,0.000000,0.022886,0.204577
2410,26.751560,2,1.000000,1.000000,0.000000,0.000000,0.000000,0.000000,0.400000,Wall,-0.121174,-1.607824,1.348610,1.348610,0.000000,0.500000,0.500000,0.000000,0.022886,0.204577
2410,26.751560,3,0.000000,0.000000,0.000000,0.044179,0.000000,0.044179,0.008836,None,1.389423,1.944172,4.369618,4.369618,0.011045,0.500000,0.500000,0.000000,0.022886,0.204577
2420,26.862570,0,1.000000,1.000000,0.000000,0.000916,0.000000,0.000916,0.400183,Wall,-0.157885,-1.449164,1.348610,1.348610,0.000229,0.500000,0.500000,0.000000,0.022413,0.204483
2420,26.862570,1,0.000000,0.000000,0.000000,0.044390,0.000000,0.044390,0.008878,None,3.168538,3.168538,10.005350,10.005350,0.011097,0.500000,0.500000,0.000000,0.022413,0.204483
2420,26.862570,2,1.000000,1.000000,0.000000,0.000000,0.000000,0.000000,0.400000,Wall,-0.121174,-1.607824,1.348610,1.348610,0.000000,0.500000,0.500000,0.000000,0.022413,0.204483
2420,26.862570,3,0.000000,0.000000,0.000000,0.044348,0.000000,0.044348,0.008870,None,1.415117,1.839253,4.342993,4.342993,0.011087,0.500000,0.500000,0.000000,0.022413,0.204483
2430,26.973580,0,1.000000,1.000000,0.000000,0.000283,0.000000,0.000283,0.400057,Wall,-0.157885,-1.449164,1.348610,1.348610,0.000071,0.500000,0.500000,0.000000,0.022269,0.204454
2430,26.973580,1,0.000000,0.000000,0.000000,0.044393,0.000000,0.044393,0.008879,None,3.053628,3.053628,10.119080,10.119080,0.011098,0.500000,0.500000,0.000000,0.022269,0.204454
2430,26.973580,2,1.000000,1.000000,0.000000,0.000000,0.000000,0.000000,0.400000,Wall,-0.121174,-1.607824,1.348610,1.348610,0.000000,0.500000,0.500000,0.000000,0.022269,0.204454
2430,26.973580,3,0.000000,0.000000,0.000000,0.044400,0.000000,0.044400,0.008880,None,1.444051,1.735713,4.320524,4.320524,0.011100,0.500000,0.500000,0.000000,0.022269,0.204454
2440,27.084580,0,1.000000,1.000000,0.000000,0.000088,0.000000,0.000088,0.400018,Wall,-0.157885,-1.449164,1.348610,1.348610,0.000022,0.500000,0.500000,0.000000,0.022224,0.204445
2440,27.084580,1,0.000000,0.000000,0.000000,0.044391,0.000000,0.044391,0.008878,None,2.938937,2.938937,10.233970,10.233970,0.011098,0.500000,0.500000,0.000000,0.022224,0.204445
2440,27.084580,2,1.000000,1.000000,0.000000,0.000000,0.000000,0.000000,0.400000,Wall,-0.121174,-1.607824,1.348610,1.348610,0.000000,0.500000,0.500000,0.000000,0.022224,0.204445
2440,27.084580,3,0.000000,0.000000,0.000000,0.044417,0.000000,0.044417,0.008883,None,1.476864,1.633447,4.302994,4.302994,0.011104,0.500000,0.500000,0.000000,0.022224,0.204445
2450,27.195590,0,1.000000,1.000000,0.000000,0.000026,0.000000,0.000026,0.400005,Wall,-0.157885,-1.449164,1.348610,1.348610,0.000007,0.500000,0.500000,0.000000,0.022211,0.204442
2450,27.195590,1,0.000000,0.000000,0.000000,0.044394,0.000000,0.044394,0.008879,None,2.824550,2.824550,10.349830,10.349830,0.011099,0.500000,0.500000,0.000000,0.022211,0.204442
2450,27.195590,2,1.000000,1.000000,0.000000,0.000000,0.000000,0.000000,0.400000,Wall,-0.121174,-1.607824,1.348610,1.348610,0.000000,0.500000,0.500000,0.000000,0.022211,0.204442
2450,27.195590,3,0.000000,0.000000,0.000000,0.044422,0.000000,0.044422,0.008884,None,1.513900,1.532756,4.290853,4.290853,0.011105,0.500000,0.500000,0.000000,0.022211,0.204442
2460,27.306600,0,1.000000,1.000000,0.000000,0.000009,0.000000,0.000009,0.400002,Wall,-0.157885,-1.449164,1.348610,1.348610,0.000002,0.500000,0.500000,0.000000,0.022206,0.204441
2460,27.306600,1,0.000000,0.000000,0.000000,0.044396,0.000000,0.044396,0.008879,None,2.710452,2.710452,10.466630,10.466630,0.011099,0.500000,0.500000,0.000000,0.022206,0.204441
2460,27.306600,2,1.000000,1.000000,0.000000,0.000000,0.000000,0.000000,0.400000,Wall,-0.121174,-1.607824,1.348610,1.348610,0.000000,0.500000,0.500000,0.000000,0.022206,0.204441
2460,27.306600,3,0.000000,0.000000,0.000000,0.044418,0.000000,0.044418,0.008884,None,1.433675,1.433675,4.284322,4.284322,0.011105,0.500000,0.500000,0.000000,0.022206,0.204441
2470,27.417610,0,1.000000,1.000000,0.000000,0.000002,0.000000,0.000002,0.400000,Wall,-0.157885,-1.449164,1.348610,1.348610,0.000000,0.500000,0.500000,0.000000,0.022205,0.204441
2470,27.417610,1,0.000000,0.000000,0.000000,0.044392,0.000000,0.044392,0.008878,None,2.596844,2.596844,10.584400,10.584400,0.011098,0.500000,0.500000,0.000000,0.022205,0.204441
2470,27.417610,2,1.000000,1.000000,0.000000,0.000000,0.000000,0.000000,0.400000,Wall,-0.121174,-1.607824,1.348610,1.348610,0.000000,0.500000,0.500000,0.000000,0.022205,0.204441
2470,27.417610,3,0.000000,0.000000,0.000000,0.044428,0.000000,0.044428,0.008886,None,1.335754,1.335754,4.283002,4.283002,0.011107,0.500000,0.500000,0.000000,0.022205,0.204441
2480,27.528610,0,1.000000,1.000000,0.000000,0.000000,0.000000,0.000000,0.400000,Wall,-0.157885,-1.449164,1.553349,1.553349,0.000000,0.500000,0.500000,0.000000,0.028972,0.205795
2480,27.528610,1,0.000000,0.000000,0.000000,0.044389,0.000000,0.044389,0.008878,None,2.483723,2.483723,10.702910,10.702910,0.011097,0.500000,0.500000,0.000000,0.028972,0.205795
2480,27.528610,2,1.000000,1.000000,0.000000,0.027074,0.000000,0.027074,0.405415,Wall,-0.338425,-0.338425,1.553349,1.553349,0.006769,0.500000,0.500000,0.000000,0.028972,0.205795
2480,27.528610,3,0.000000,0.000000,0.000000,0.044427,0.000000,0.044427,0.008885,None,1.239679,1.239679,3.767832,3.767832,0.011107,0.500000,0.500000,0.000000,0.028972,0.205795
2490,27.639620,0,1.000000,1.000000,0.000000,0.000000,0.000000,0.000000,0.400000,Wall,-0.157885,-1.449164,2.204366,2.204366,0.000000,0.250000,0.250000,0.000000,0.027796,0.105559
2490,27.639620,1,0.000000,0.000000,0.000000,0.044387,0.000000,0.044387,0.008877,None,2.370984,2.370984,10.787400,10.787400,0.011097,0.250000,0.250000,0.000000,0.027796,0.105559
2490,27.639620,2,0.000000,0.000000,0.000000,0.039048,0.000000,0.039048,0.007810,None,0.550010,0.550010,2.204366,2.204366,0.009762,0.250000,0.250000,0.000000,0.027796,0.105559
2490,27.639620,3,0.000000,0.000000,0.000000,0.027748,0.000000,0.027748,0.005550,None,1.182784,1.182784,3.622902,3.622902,0.006937,0.250000,0.250000,0.000000,0.027796,0.105559
2500,27.750630,0,1.000000,1.000000,0.000000,0.000000,0.000000,0.000000,0.400000,Wall,-0.157885,-1.449164,2.349875,2.349875,0.000000,0.250000,0.250000,0.000000,0.023921,0.104784
2500,27.750630,1,0.000000,0.000000,0.000000,0.044393,0.000000,0.044393,0.008878,None,2.258552,2.258552,10.822250,10.822250,0.011098,0.250000,0.250000,0.000000,0.023921,0.104784
2500,27.750630,2,0.000000,0.000000,0.000000,0.042735,0.000000,0.042735,0.008547,None,0.745777,0.745777,2.349875,2.349875,0.010684,0.250000,0.250000,0.000000,0.023921,0.104784
2500,27.750630,3,0.000000,0.000000,0.000000,0.008556,0.000000,0.008556,0.001711,None,1.182784,1.182784,3.678091,3.678091,0.002139,0.250000,0.250000,0.000000,0.023921,0.104784
2510,27.861640,0,1.000000,1.000000,0.000000,0.000000,0.000000,0.000000,0.400000,Wall,-0.157885,-1.449164,2.377519,2.377519,0.000000,0.250000,0.250000,0.000000,0.017109,0.103422
2510,27.861640,1,0.000000,0.000000,0.000000,0.044394,0.000000,0.044394,0.008879,None,2.146844,2.146844,10.860300,10.860300,0.011099,0.250000,0.250000,0.000000,0.017109,0.103422
2510,27.861640,2,0.000000,0.000000,0.000000,0.021405,0.000000,0.021405,0.004281,None,0.803725,0.803725,2.377519,2.377519,0.005351,0.250000,0.250000,0.000000,0.017109,0.103422
2510,27.861640,3,0.000000,0.000000,0.000000,0.002637,0.000000,0.002637,0.000527,None,1.182784,1.182784,3.697448,3.697448,0.000659,0.250000,0.250000,0.000000,0.017109,0.103422
2520,27.972640,0,1.000000,1.000000,0.000000,0.000000,0.000000,0.000000,0.400000,Wall,-0.157885,-1.449164,2.377519,2.377519,0.000000,0.250000,0.250000,0.000000,0.012951,0.102590
2520,27.972640,1,0.000000,0.000000,0.000000,0.044390,0.000000,0.044390,0.008878,None,2.035873,2.035873,10.901590,10.901590,0.011097,0.250000,0.250000,0.000000,0.012951,0.102590
2520,27.972640,2,0.000000,0.000000,0.000000,0.006599,0.000000,0.006599,0.001320,None,0.803725,0.803725,2.377519,2.377519,0.001650,0.250000,0.250000,0.000000,0.012951,0.102590
2520,27.972640,3,0.000000,0.000000,0.000000,0.000813,0.000000,0.000813,0.000163,None,1.182784,1.182784,3.697448,3.697448,0.000203,0.250000,0.250000,0.000000,0.012951,0.102590
2530,28.083650,0,1.000000,1.000000,0.000000,0.000000,0.000000,0.000000,0.400000,Wall,-0.157885,-1.449164,2.377519,2.377519,0.000000,0.250000,0.250000,0.000000,0.007293,0.101459
2530,28.083650,1,0.000000,0.000000,0.000000,0.013687,0.000000,0.013687,0.002737,None,2.035873,2.035873,10.918210,10.918210,0.003422,0.250000,0.250000,0.000000,0.007293,0.101459
2530,28.083650,2,0.000000,0.000000,0.000000,0.002033,0.000000,0.002033,0.000407,None,0.803725,0.803725,2.377519,2.377519,0.000508,0.250000,0.250000,0.000000,0.007293,0.101459
2530,28.083650,3,0.000000,0.000000,0.000000,0.013451,0.000000,0.013451,0.002690,None,1.171247,1.171247,3.755149,3.755149,0.003363,0.250000,0.250000,0.000000,0.007293,0.101459
2540,28.194660,0,1.000000,1.000000,0.000000,0.000000,0.000000,0.000000,0.400000,Wall,-0.157885,-1.449164,2.377519,2.377519,0.000000,0.250000,0.250000,0.000000,0.013229,0.102646
2540,28.194660,1,0.000000,0.000000,0.000000,0.017427,0.000000,0.017427,0.003485,None,2.003364,2.003364,10.979800,10.979800,0.004357,0.250000,0.250000,0.000000,0.013229,0.102646
2540,28.194660,2,0.000000,0.000000,0.000000,0.000628,0.000000,0.000628,0.000126,None,0.803725,0.803725,2.377519,2.377519,0.000157,0.250000,0.250000,0.000000,0.013229,0.102646
2540,28.194660,3,0.000000,0.000000,0.000000,0.034859,0.000000,0.034859,0.006972,None,1.163383,1.163383,3.999481,3.999481,0.008715,0.250000,0.250000,0.000000,0.013229,0.102646
2550,28.305670,0,1.000000,1.000000,0.000000,0.000000,0.000000,0.000000,0.400000,Wall,-0.157885,-1.449164,2.398461,2.398461,0.000000,0.250000,0.250000,0.000000,0.021763,0.104353
2550,28.305670,1,0.000000,0.000000,0.000000,0.036101,0.000000,0.036101,0.007220,None,1.898248,1.898248,11.094620,11.094620,0.009025,0.250000,0.250000,0.000000,0.021763,0.104353
2550,28.305670,2,0.000000,0.000000,0.000000,0.009500,0.000000,0.009500,0.001900,None,0.829232,0.829232,2.398461,2.398461,0.002375,0.250000,0.250000,0.000000,0.021763,0.104353
2550,28.305670,3,0.000000,0.000000,0.000000,0.041450,0.000000,0.041450,0.008290,None,1.127184,1.127184,4.160534,4.160534,0.010362,0.250000,0.250000,0.000000,0.021763,0.104353
2560,28.416680,0,1.000000,1.000000,0.000000,0.000000,0.000000,0.000000,0.400000,Wall,-0.157885,-1.449164,2.509092,2.509092,0.000000,0.250000,0.250000,0.000000,0.029743,0.105949
2560,28.416680,1,0.000000,0.000000,0.000000,0.041859,0.000000,0.041859,0.008372,None,1.794331,1.794331,11.212880,11.212880,0.010465,0.250000,0.250000,0.000000,0.029743,0.105949
2560,28.416680,2,0.000000,0.000000,0.000000,0.033629,0.000000,0.033629,0.006726,None,0.944270,0.944270,2.509092,2.509092,0.008407,0.250000,0.250000,0.000000,0.029743,0.105949
2560,28.416680,3,0.000000,0.000000,0.000000,0.043484,0.000000,0.043484,0.008697,None,1.070093,1.070093,4.168326,4.168326,0.010871,0.250000,0.250000,0.000000,0.029743,0.105949
2570,28.527680,0,1.000000,1.000000,0.000000,0.000000,0.000000,0.000000,0.400000,Wall,-0.157885,-1.449164,2.590610,2.590610,0.000000,0.250000,0.250000,0.000000,0.032201,0.106440
2570,28.527680,1,0.000000,0.000000,0.000000,0.043633,0.000000,0.043633,0.008727,None,1.690831,1.690831,11.330050,11.330050,0.010908,0.250000,0.250000,0.000000,0.032201,0.106440
2570,28.527680,2,0.000000,0.000000,0.000000,0.041059,0.000000,0.041059,0.008212,None,1.055181,1.055181,2.590610,2.590610,0.010265,0.250000,0.250000,0.000000,0.032201,0.106440
2570,28.527680,3,0.000000,0.000000,0.000000,0.044113,0.000000,0.044113,0.008823,None,1.006439,1.006439,4.249576,4.249576,0.011028,0.250000,0.250000,0.000000,0.032201,0.106440
2580,28.638690,0,1.000000,1.000000,0.000000,0.000000,0.000000,0.000000,0.400000,Wall,-0.157885,-1.449164,2.661692,2.661692,0.000000,0.250000,0.250000,0.000000,0.032960,0.106592
2580,28.638690,1,0.000000,0.000000,0.000000,0.044179,0.000000,0.044179,0.008836,None,1.587934,1.587934,11.446310,11.446310,0.011045,0.250000,0.250000,0.000000,0.032960,0.106592
2580,28.638690,2,0.000000,0.000000,0.000000,0.043353,0.000000,0.043353,0.008671,None,1.126457,1.165445,2.661692,2.661692,0.010838,0.250000,0.250000,0.000000,0.032960,0.106592
2580,28.638690,3,0.000000,0.000000,0.000000,0.044308,0.000000,0.044308,0.008862,None,0.942228,0.942228,4.334966,4.334966,0.011077,0.250000,0.250000,0.000000,0.032960,0.106592
2590,28.749700,0,1.000000,1.000000,0.000000,0.028967,0.000000,0.028967,0.405793,Wall,-0.109698,-0.109698,2.695257,2.695257,0.007242,0.250000,0.250000,0.000000,0.040437,0.108087
2590,28.749700,1,0.000000,0.000000,0.000000,0.044351,0.000000,0.044351,0.008870,None,1.485970,1.485970,11.562030,11.562030,0.011088,0.250000,0.250000,0.000000,0.040437,0.108087
2590,28.749700,2,0.000000,0.000000,0.000000,0.044064,0.000000,0.044064,0.008813,None,1.158570,1.273710,2.695257,2.695257,0.011016,0.250000,0.250000,0.000000,0.040437,0.108087
2590,28.749700,3,0.000000,0.000000,0.000000,0.044366,0.000000,0.044366,0.008873,None,0.879791,0.879791,4.403802,4.403802,0.011091,0.250000,0.250000,0.000000,0.040437,0.108087
2600,28.860710,0,0.000000,0.000000,0.000000,0.039611,0.000000,0.039611,0.007922,None,0.562995,0.562995,2.721404,2.721404,0.009903,0.000000,0.000000,0.000000,0.043169,0.008634
2600,28.860710,1,0.000000,0.000000,0.000000,0.044402,0.000000,0.044402,0.008880,None,1.385250,1.385250,11.677420,11.677420,0.011101,0.000000,0.000000,0.000000,0.043169,0.008634
2600,28.860710,2,0.000000,0.000000,0.000000,0.044278,0.000000,0.044278,0.008856,None,1.180706,1.380436,2.721404,2.721404,0.011069,0.000000,0.000000,0.000000,0.043169,0.008634
2600,28.860710,3,0.000000,0.000000,0.000000,0.044384,0.000000,0.044384,0.008877,None,0.819326,0.819326,4.465406,4.465406,0.011096,0.000000,0.000000,0.000000,0.043169,0.008634
2610,28.971710,0,0.000000,0.000000,0.000000,0.042889,0.000000,0.042889,0.008578,None,0.741369,0.741369,2.828078,2.828078,0.010722,0.000000,0.000000,0.000000,0.044009,0.008802
2610,28.971710,1,0.000000,0.000000,0.000000,0.044421,0.000000,0.044421,0.008884,None,1.285935,1.285935,11.792450,11.792450,0.011105,0.000000,0.000000,0.000000,0.044009,0.008802
2610,28.971710,2,0.000000,0.000000,0.000000,0.044340,0.000000,0.044340,0.008868,None,1.200611,1.485955,2.828078,2.828078,0.011085,0.000000,0.000000,0.000000,0.044009,0.008802
2610,28.971710,3,0.000000,0.000000,0.000000,0.044386,0.000000,0.044386,0.008877,None,0.761487,0.761487,4.508471,4.508471,0.011096,0.000000,0.000000,0.000000,0.044009,0.008802
2620,29.082720,0,0.000000,0.000000,0.000000,0.043899,0.000000,0.043899,0.008780,None,0.870839,0.870839,2.901231,2.901231,0.010975,0.000000,0.000000,0.000000,0.044268,0.008854
2620,29.082720,1,0.000000,0.000000,0.000000,0.044418,0.000000,0.044418,0.008884,None,1.188221,1.188221,11.907130,11.907130,0.011104,0.000000,0.000000,0.000000,0.044268,0.008854
2620,29.082720,2,0.000000,0.000000,0.000000,0.044361,0.000000,0.044361,0.008872,None,1.222000,1.590402,2.901231,2.901231,0.011090,0.000000,0.000000,0.000000,0.044268,0.008854
2620,29.082720,3,0.000000,0.000000,0.000000,0.044394,0.000000,0.044394,0.008879,None,0.706072,0.706072,4.548412,4.548412,0.011099,0.000000,0.000000,0.000000,0.044268,0.008854
2630,29.193730,0,0.000000,0.000000,0.000000,0.044210,0.000000,0.044210,0.008842,None,0.986272,0.986272,2.957639,2.957639,0.011052,0.000000,0.000000,0.000000,0.044350,0.008870
2630,29.193730,1,0.000000,0.000000,0.000000,0.044424,0.000000,0.044424,0.008885,None,1.091955,1.091955,12.021440,12.021440,0.011106,0.000000,0.000000,0.000000,0.044350,0.008870
2630,29.193730,2,0.000000,0.000000,0.000000,0.044371,0.000000,0.044371,0.008874,None,1.245676,1.693778,2.957639,2.957639,0.011093,0.000000,0.000000,0.000000,0.044350,0.008870
2630,29.193730,3,0.000000,0.000000,0.000000,0.044395,0.000000,0.044395,0.008879,None,0.653286,0.653286,4.593110,4.593110,0.011099,0.000000,0.000000,0.000000,0.044350,0.008870
2640,29.304740,0,0.000000,0.000000,0.000000,0.044315,0.000000,0.044315,0.008863,None,1.096374,1.096374,3.040784,3.040784,0.011079,0.000000,0.000000,0.000000,0.044378,0.008876
2640,29.304740,1,0.000000,0.000000,0.000000,0.044422,0.000000,0.044422,0.008884,None,0.997370,0.997370,12.135300,12.135300,0.011105,0.000000,0.000000,0.000000,0.044378,0.008876
2640,29.304740,2,0.000000,0.000000,0.000000,0.044380,0.000000,0.044380,0.008876,None,1.271832,1.796074,3.040784,3.040784,0.011095,0.000000,0.000000,0.000000,0.044378,0.008876
2640,29.304740,3,0.000000,0.000000,0.000000,0.044395,0.000000,0.044395,0.008879,None,0.603235,0.603235,4.642367,4.642367,0.011099,0.000000,0.000000,0.000000,0.044378,0.008876
2650,29.415740,0,0.000000,0.000000,0.000000,0.044340,0.000000,0.044340,0.008868,None,1.163423,1.203319,3.126172,3.126172,0.011085,0.000000,0.000000,0.000000,0.038151,0.007630
2650,29.415740,1,0.000000,0.000000,0.000000,0.019496,0.000000,0.019496,0.003899,None,0.969298,0.969298,12.197920,12.197920,0.004874,0.000000,0.000000,0.000000,0.038151,0.007630
2650,29.415740,2,0.000000,0.000000,0.000000,0.044379,0.000000,0.044379,0.008876,None,1.300154,1.897185,3.126172,3.126172,0.011095,0.000000,0.000000,0.000000,0.038151,0.007630
2650,29.415740,3,0.000000,0.000000,0.000000,0.044389,0.000000,0.044389,0.008878,None,0.556008,0.556008,4.695674,4.695674,0.011097,0.000000,0.000000,0.000000,0.038151,0.007630
2660,29.526750,0,0.000000,0.000000,0.000000,0.044348,0.000000,0.044348,0.008870,None,1.241402,1.308572,3.218659,3.218659,0.011087,0.000000,0.000000,0.000000,0.038948,0.007790
2660,29.526750,1,0.000000,0.000000,0.000000,0.022676,0.000000,0.022676,0.004535,None,0.928773,0.928773,12.262800,12.262800,0.005669,0.000000,0.000000,0.000000,0.038948,0.007790
2660,29.526750,2,0.000000,0.000000,0.000000,0.044377,0.000000,0.044377,0.008875,None,1.330376,1.996996,3.218659,3.218659,0.011094,0.000000,0.000000,0.000000,0.038948,0.007790
2660,29.526750,3,0.000000,0.000000,0.000000,0.044391,0.000000,0.044391,0.008878,None,0.511785,0.511785,4.752588,4.752588,0.011098,0.000000,0.000000,0.000000,0.038948,0.007790
2670,29.637760,0,0.000000,0.000000,0.000000,0.021893,0.000000,0.021893,0.004379,None,1.288264,1.350295,3.296747,3.296747,0.005473,0.000000,0.014816,0.000000,0.037090,0.007418
2670,29.637760,1,0.000000,0.000000,0.000000,0.037697,0.000000,0.037697,0.007539,None,0.829012,0.829012,12.366230,12.366230,0.009424,0.000000,0.014816,0.000000,0.037090,0.007418
2670,29.637760,2,0.000000,0.000000,0.000000,0.044381,0.000000,0.044381,0.008876,None,1.361938,2.095501,3.296747,3.296747,0.011095,0.000000,0.014816,0.000000,0.037090,0.007418
2670,29.637760,3,0.000000,0.059263,0.000000,0.044391,0.000000,0.044391,0.008878,None,0.470368,0.470368,4.812538,4.812538,0.011098,0.000000,0.014816,0.000000,0.037090,0.007418
2680,29.748770,0,0.000000,0.000000,0.000000,0.006751,0.000000,0.006751,0.001350,None,1.294834,1.350295,3.370990,3.370990,0.001688,0.000000,0.033946,0.000000,0.034458,0.006892
2680,29.748770,1,0.000000,0.000000,0.000000,0.042319,0.000000,0.042319,0.008464,None,0.736679,0.736679,12.472370,12.472370,0.010580,0.000000,0.033946,0.000000,0.034458,0.006892
2680,29.748770,2,0.000000,0.000000,0.000000,0.044375,0.000000,0.044375,0.008875,None,1.394515,2.192639,3.370990,3.370990,0.011094,0.000000,0.033946,0.000000,0.034458,0.006892
2680,29.748770,3,0.000000,0.135782,0.000000,0.044386,0.000000,0.044386,0.008877,None,0.432109,0.432109,4.873052,4.873052,0.011097,0.000000,0.033946,0.000000,0.034458,0.006892
2690,29.859780,0,0.000000,0.000000,0.000000,0.002080,0.000000,0.002080,0.000416,None,1.297193,1.350295,3.449074,3.449074,0.000520,0.000000,0.051626,0.000000,0.033650,0.006730
2690,29.859780,1,0.000000,0.000000,0.000000,0.043753,0.000000,0.043753,0.008751,None,0.647353,0.647353,12.578830,12.578830,0.010938,0.000000,0.051626,0.000000,0.033650,0.006730
2690,29.859780,2,0.000000,0.000000,0.000000,0.044377,0.000000,0.044377,0.008875,None,1.427825,2.288394,3.449074,3.449074,0.011094,0.000000,0.051626,0.000000,0.033650,0.006730
2690,29.859780,3,0.000000,0.206505,0.000000,0.044389,0.000000,0.044389,0.008878,None,0.396748,0.396748,4.932666,4.932666,0.011097,0.000000,0.051626,0.000000,0.033650,0.006730
2700,29.970780,0,0.000000,0.000000,0.000000,0.000642,0.000000,0.000642,0.000128,None,1.301220,1.350295,3.530775,3.530775,0.000160,0.000000,0.067795,0.000000,0.033398,0.006680
2700,29.970780,1,0.000000,0.000000,0.000000,0.044184,0.000000,0.044184,0.008837,None,0.560261,0.560261,12.684600,12.684600,0.011046,0.000000,0.067795,0.000000,0.033398,0.006680
2700,29.970780,2,0.000000,0.000000,0.000000,0.044378,0.000000,0.044378,0.008876,None,1.461208,2.382609,3.530775,3.530775,0.011095,0.000000,0.067795,0.000000,0.033398,0.006680
2700,29.970780,3,0.000000,0.271181,0.000000,0.044388,0.000000,0.044388,0.008878,None,0.364409,0.364409,4.994618,4.994618,0.011097,0.000000,0.067795,0.000000,0.033398,0.006680
2710,30.081790,0,0.000000,0.000000,0.000000,0.027250,0.000000,0.027250,0.005450,None,1.238085,1.441085,3.588293,3.588293,0.006813,0.010763,0.095007,0.000000,0.040084,0.012322
2710,30.081790,1,0.000000,0.049892,0.000000,0.044319,0.000000,0.044319,0.008864,None,0.475054,0.475054,12.789660,12.789660,0.011080,0.010763,0.095007,0.000000,0.040084,0.012322
2710,30.081790,2,0.000000,0.000000,0.000000,0.044379,0.000000,0.044379,0.008876,None,1.494805,2.475339,3.588293,3.588293,0.011095,0.010763,0.095007,0.000000,0.040084,0.012322
2710,30.081790,3,0.043050,0.330135,0.000000,0.044389,0.000000,0.044389,0.026098,None,0.334932,0.334932,5.058622,5.058622,0.011097,0.010763,0.095007,0.000000,0.040084,0.012322
2720,30.192800,0,0.000000,0.000000,0.000000,0.039079,0.000000,0.039079,0.007816,None,1.218374,1.553040,3.651990,3.651990,0.009770,0.029408,0.149723,0.000000,0.043052,0.020374
2720,30.192800,1,0.000000,0.216549,0.000000,0.044361,0.000000,0.044361,0.008872,None,0.391726,0.391726,12.893800,12.893800,0.011090,0.029408,0.149723,0.000000,0.043052,0.020374
2720,30.192800,2,0.000000,0.000000,0.000000,0.044382,0.000000,0.044382,0.008876,None,1.528124,2.566447,3.651990,3.651990,0.011096,0.029408,0.149723,0.000000,0.043052,0.020374
2720,30.192800,3,0.117631,0.382341,0.000000,0.044387,0.000000,0.044387,0.055930,Mixed,0.308829,0.308829,5.124130,5.124130,0.011097,0.029408,0.149723,0.000000,0.043052,0.020374
2730,30.303810,0,0.000000,0.000000,0.000000,0.042725,0.000000,0.042725,0.008545,None,1.276841,1.661702,3.734483,3.734483,0.010681,0.074071,0.201850,0.000000,0.043967,0.038422
2730,30.303810,1,0.112549,0.378784,0.000000,0.044376,0.000000,0.044376,0.053895,Mixed,0.310608,0.310608,12.997120,12.997120,0.011094,0.074071,0.201850,0.000000,0.043967,0.038422
2730,30.303810,2,0.000000,0.000000,0.000000,0.044377,0.000000,0.044377,0.008875,None,1.560962,2.655865,3.734483,3.734483,0.011094,0.074071,0.201850,0.000000,0.043967,0.038422
2730,30.303810,3,0.183737,0.428616,0.000000,0.044392,0.000000,0.044392,0.082373,Wall,0.285692,0.285692,5.190832,5.190832,0.011098,0.074071,0.201850,0.000000,0.043967,0.038422
2740,30.414810,0,0.000000,0.000000,0.000000,0.043851,0.000000,0.043851,0.008770,None,1.363577,1.768648,3.826705,3.826705,0.010963,0.144671,0.251269,0.000000,0.044249,0.066718
2740,30.414810,1,0.337981,0.536587,0.000000,0.044378,0.000000,0.044378,0.144068,Wall,0.231707,0.231707,13.099560,13.099560,0.011095,0.144671,0.251269,0.000000,0.044249,0.066718
2740,30.414810,2,0.000000,0.000000,0.000000,0.044379,0.000000,0.044379,0.008876,None,1.593094,2.743622,3.826705,3.826705,0.011095,0.144671,0.251269,0.000000,0.044249,0.066718
2740,30.414810,3,0.240701,0.468491,0.000000,0.044388,0.000000,0.044388,0.105158,Wall,0.265755,0.265755,5.258169,5.258169,0.011097,0.144671,0.251269,0.000000,0.044249,0.066718
2750,30.525820,0,0.000000,0.000000,0.000000,0.044201,0.000000,0.044201,0.008840,None,1.459282,1.874518,3.925067,3.925067,0.011050,0.211131,0.297792,0.000000,0.044337,0.093320
2750,30.525820,1,0.556471,0.689529,0.000000,0.044377,0.000000,0.044377,0.231464,Wall,0.155235,0.155235,13.200970,13.200970,0.011094,0.211131,0.297792,0.000000,0.044337,0.093320
2750,30.525820,2,0.000000,0.000000,0.000000,0.044383,0.000000,0.044383,0.008877,None,1.624231,2.829645,3.925067,3.925067,0.011096,0.211131,0.297792,0.000000,0.044337,0.093320
2750,30.525820,3,0.288052,0.501637,0.000000,0.044387,0.000000,0.044387,0.124098,Wall,0.249182,0.249182,5.325833,5.325833,0.011097,0.211131,0.297792,0.000000,0.044337,0.093320
2760,30.636830,0,0.000000,0.000000,0.000000,0.044300,0.000000,0.044300,0.008860,None,1.558897,1.979337,4.028607,4.028607,0.011075,0.273727,0.341609,0.000000,0.044363,0.118363
2760,30.636830,1,0.768699,0.838089,0.000000,0.044379,0.000000,0.044379,0.316355,Wall,0.080956,0.080956,13.301420,13.301420,0.011095,0.273727,0.341609,0.000000,0.044363,0.118363
2760,30.636830,2,0.000000,0.000000,0.000000,0.044383,0.000000,0.044383,0.008877,None,1.654280,2.913885,4.028607,4.028607,0.011096,0.273727,0.341609,0.000000,0.044363,0.118363
2760,30.636830,3,0.326207,0.528345,0.000000,0.044390,0.000000,0.044390,0.139361,Wall,0.235827,0.235827,5.393438,5.393438,0.011098,0.273727,0.341609,0.000000,0.044363,0.118363
2770,30.747840,0,0.000000,0.000000,0.000000,0.044334,0.000000,0.044334,0.008867,None,1.661140,2.083183,4.137103,4.137103,0.011083,0.327975,0.379582,0.000000,0.038752,0.138940
2770,30.747840,1,0.973087,0.981161,0.000000,0.044377,0.000000,0.044377,0.398110,Wall,0.009419,0.009419,13.394610,13.394610,0.011094,0.327975,0.379582,0.000000,0.038752,0.138940
2770,30.747840,2,0.000000,0.000000,0.000000,0.044389,0.000000,0.044389,0.008878,None,1.671382,2.996245,4.137103,4.137103,0.011097,0.327975,0.379582,0.000000,0.038752,0.138940
2770,30.747840,3,0.338812,0.537169,0.000000,0.021908,0.000000,0.021908,0.139906,Wall,0.231416,0.231416,5.393625,5.393625,0.005477,0.327975,0.379582,0.000000,0.038752,0.138940
2780,30.858840,0,0.000000,0.000000,0.000000,0.044342,0.000000,0.044342,0.008868,None,1.765463,2.185975,4.249946,4.249946,0.011085,0.345401,0.391780,0.000000,0.042647,0.146690
2780,30.858840,1,1.000000,1.000000,0.000000,0.044374,0.000000,0.044374,0.408875,Wall,-0.059521,-0.059521,13.407450,13.407450,0.011093,0.345401,0.391780,0.000000,0.042647,0.146690
2780,30.858840,2,0.000000,0.000000,0.000000,0.044395,0.000000,0.044395,0.008879,None,1.684277,3.077154,4.249946,4.249946,0.011099,0.345401,0.391780,0.000000,0.042647,0.146690
2780,30.858840,3,0.381602,0.567122,0.000000,0.037478,0.000000,0.037478,0.160136,Wall,0.216439,0.216439,5.460753,5.460753,0.009369,0.345401,0.391780,0.000000,0.042647,0.146690
2790,30.969850,0,0.000000,0.000000,0.000000,0.044348,0.000000,0.044348,0.008870,None,1.863747,2.287666,4.284949,4.284949,0.011087,0.350435,0.395304,0.000000,0.036597,0.147493
2790,30.969850,1,1.000000,1.000000,0.000000,0.044370,0.000000,0.044370,0.408874,Wall,-0.125869,-0.125869,13.514200,13.514200,0.011092,0.350435,0.395304,0.000000,0.036597,0.147493
2790,30.969850,2,0.000000,0.000000,0.000000,0.015398,0.000000,0.015398,0.003080,None,1.760386,3.085335,4.284949,4.284949,0.003850,0.350435,0.395304,0.000000,0.036597,0.147493
2790,30.969850,3,0.401738,0.581217,0.000000,0.042274,0.000000,0.042274,0.169150,Wall,0.209392,0.209392,5.568075,5.568075,0.010568,0.350435,0.395304,0.000000,0.036597,0.147493
2800,31.080860,0,0.000000,0.000000,0.000000,0.044349,0.000000,0.044349,0.008870,None,1.954893,2.388266,4.316093,4.316093,0.011087,0.351786,0.396250,0.000000,0.034305,0.147575
2800,31.080860,1,1.000000,1.000000,0.000000,0.044372,0.000000,0.044372,0.408875,Wall,-0.189548,-0.189548,13.631860,13.631860,0.011093,0.351786,0.396250,0.000000,0.034305,0.147575
2800,31.080860,2,0.000000,0.000000,0.000000,0.004748,0.000000,0.004748,0.000950,None,1.825270,3.085335,4.316093,4.316093,0.001187,0.351786,0.396250,0.000000,0.034305,0.147575
2800,31.080860,3,0.407144,0.585001,0.000000,0.043751,0.000000,0.043751,0.171608,Wall,0.207500,0.207500,5.679415,5.679415,0.010938,0.351786,0.396250,0.000000,0.034305,0.147575
2810,31.191870,0,0.000000,0.000000,0.000000,0.044347,0.000000,0.044347,0.008869,None,2.044791,2.487558,4.352271,4.352271,0.011087,0.350881,0.395617,0.000000,0.033597,0.147072
2810,31.191870,1,1.000000,1.000000,0.000000,0.044371,0.000000,0.044371,0.408874,Wall,-0.250435,-0.250435,13.749280,13.749280,0.011093,0.350881,0.395617,0.000000,0.033597,0.147072
2810,31.191870,2,0.000000,0.000000,0.000000,0.001464,0.000000,0.001464,0.000293,None,1.884283,3.085335,4.352271,4.352271,0.000366,0.350881,0.395617,0.000000,0.033597,0.147072
2810,31.191870,3,0.403526,0.582468,0.000000,0.044205,0.000000,0.044205,0.170251,Wall,0.208766,0.208766,5.790483,5.790483,0.011051,0.350881,0.395617,0.000000,0.033597,0.147072
2820,31.302880,0,0.000000,0.000000,0.000000,0.044346,0.000000,0.044346,0.008869,None,2.135371,2.585629,4.446680,4.446680,0.011087,0.347845,0.393492,0.000000,0.038313,0.146801
2820,31.302880,1,1.000000,1.000000,0.000000,0.044370,0.000000,0.044370,0.408874,Wall,-0.308499,-0.308499,13.816180,13.816180,0.011093,0.347845,0.393492,0.000000,0.038313,0.146801
2820,31.302880,2,0.000000,0.000000,0.000000,0.020190,0.000000,0.020190,0.004038,None,1.864092,3.113478,4.446680,4.446680,0.005047,0.347845,0.393492,0.000000,0.038313,0.146801
2820,31.302880,3,0.391381,0.573967,0.000000,0.044346,0.000000,0.044346,0.165422,Wall,0.213017,0.213017,5.863633,5.863633,0.011086,0.347845,0.393492,0.000000,0.038313,0.146801
2830,31.413880,0,0.000000,0.000000,0.000000,0.044346,0.000000,0.044346,0.008869,None,2.205513,2.682380,4.595973,4.595973,0.011086,0.342718,0.389903,0.000000,0.040184,0.145124
2830,31.413880,1,1.000000,1.000000,0.000000,0.035065,0.000000,0.035065,0.407013,Wall,-0.352780,-0.352780,13.809710,13.809710,0.008766,0.342718,0.389903,0.000000,0.040184,0.145124
2830,31.413880,2,0.000000,0.000000,0.000000,0.036937,0.000000,0.036937,0.007387,None,1.795962,3.172123,4.595973,4.595973,0.009234,0.342718,0.389903,0.000000,0.040184,0.145124
2830,31.413880,3,0.370872,0.559610,0.000000,0.044386,0.000000,0.044386,0.157226,Wall,0.220195,0.220195,5.901763,5.901763,0.011097,0.342718,0.389903,0.000000,0.040184,0.145124
2840,31.524890,0,0.000000,0.000000,0.000000,0.044349,0.000000,0.044349,0.008870,None,2.277459,2.777724,4.735343,4.735343,0.011087,0.335254,0.384678,0.000000,0.035413,0.141184
2840,31.524890,1,1.000000,1.000000,0.000000,0.010812,0.000000,0.010812,0.402162,Wall,-0.352780,-0.352780,13.700990,13.700990,0.002703,0.335254,0.384678,0.000000,0.035413,0.141184
2840,31.524890,2,0.000000,0.000000,0.000000,0.042095,0.000000,0.042095,0.008419,None,1.819326,3.244962,4.735343,4.735343,0.010524,0.335254,0.384678,0.000000,0.035413,0.141184
2840,31.524890,3,0.341017,0.538712,0.000000,0.044398,0.000000,0.044398,0.145286,Wall,0.230644,0.230644,5.957656,5.957656,0.011099,0.335254,0.384678,0.000000,0.035413,0.141184
2850,31.635900,0,0.000000,0.000000,0.000000,0.044345,0.000000,0.044345,0.008869,None,2.352351,2.871592,4.871199,4.871199,0.011086,0.325482,0.377837,0.000000,0.033941,0.136981
2850,31.635900,1,1.000000,1.000000,0.000000,0.003333,0.000000,0.003333,0.400667,Wall,-0.352780,-0.352780,13.588460,13.588460,0.000833,0.325482,0.377837,0.000000,0.033941,0.136981
2850,31.635900,2,0.000000,0.000000,0.000000,0.043685,0.000000,0.043685,0.008737,None,1.880517,3.324372,4.871199,4.871199,0.010921,0.325482,0.377837,0.000000,0.033941,0.136981
2850,31.635900,3,0.301927,0.511349,0.000000,0.044402,0.000000,0.044402,0.129651,Wall,0.244326,0.244326,6.026895,6.026895,0.011101,0.325482,0.377837,0.000000,0.033941,0.136981
2860,31.746910,0,0.000000,0.000000,0.000000,0.044345,0.000000,0.044345,0.008869,None,2.428337,2.963988,5.006907,5.006907,0.011086,0.313476,0.369433,0.000000,0.033489,0.132088
2860,31.746910,1,1.000000,1.000000,0.000000,0.001029,0.000000,0.001029,0.400206,Wall,-0.352780,-0.352780,13.474970,13.474970,0.000257,0.313476,0.369433,0.000000,0.033489,0.132088
2860,31.746910,2,0.000000,0.000000,0.000000,0.044177,0.000000,0.044177,0.008835,None,1.953156,3.406547,5.006907,5.006907,0.011044,0.313476,0.369433,0.000000,0.033489,0.132088
2860,31.746910,3,0.253905,0.477734,0.000000,0.044406,0.000000,0.044406,0.110443,Wall,0.261133,0.261133,6.097682,6.097682,0.011102,0.313476,0.369433,0.000000,0.033489,0.132088
2870,31.857910,0,0.000000,0.000000,0.000000,0.044343,0.000000,0.044343,0.008869,None,2.504812,3.054870,5.143306,5.143306,0.011086,0.299052,0.359336,0.000000,0.033347,0.126290
2870,31.857910,1,1.000000,1.000000,0.000000,0.000316,0.000000,0.000316,0.400063,Wall,-0.352780,-0.352780,13.361680,13.361680,0.000079,0.299052,0.359336,0.000000,0.033347,0.126290
2870,31.857910,2,0.000000,0.000000,0.000000,0.044322,0.000000,0.044322,0.008864,None,2.029454,3.490319,5.143306,5.143306,0.011081,0.299052,0.359336,0.000000,0.033347,0.126290
2870,31.857910,3,0.196208,0.437346,0.000000,0.044407,0.000000,0.044407,0.087365,Wall,0.281327,0.281327,6.170681,6.170681,0.011102,0.299052,0.359336,0.000000,0.033347,0.126290
2880,31.968920,0,0.000000,0.000000,0.000000,0.044350,0.000000,0.044350,0.008870,None,2.581506,3.144218,5.280452,5.280452,0.011087,0.282365,0.347655,0.000000,0.033305,0.119607
2880,31.968920,1,1.000000,1.000000,0.000000,0.000097,0.000000,0.000097,0.400020,Wall,-0.352780,-0.352780,13.248480,13.248480,0.000024,0.282365,0.347655,0.000000,0.033305,0.119607
2880,31.968920,2,0.000000,0.000000,0.000000,0.044369,0.000000,0.044369,0.008874,None,2.107666,3.575564,5.280452,5.280452,0.011092,0.282365,0.347655,0.000000,0.033305,0.119607
2880,31.968920,3,0.129459,0.390621,0.000000,0.044404,0.000000,0.044404,0.060664,Wall,0.304689,0.304689,6.245573,6.245573,0.011101,0.282365,0.347655,0.000000,0.033305,0.119607
2890,32.079930,0,0.000000,0.000000,0.000000,0.044345,0.000000,0.044345,0.008869,None,2.658400,3.231921,5.418295,5.418295,0.011086,0.263151,0.334206,0.000000,0.033291,0.111919
2890,32.079930,1,1.000000,1.000000,0.000000,0.000031,0.000000,0.000031,0.400006,Wall,-0.352780,-0.352780,13.135620,13.135620,0.000008,0.263151,0.334206,0.000000,0.033291,0.111919
2890,32.079930,2,0.000000,0.000000,0.000000,0.044379,0.000000,0.044379,0.008876,None,2.187423,3.662215,5.418295,5.418295,0.011095,0.263151,0.334206,0.000000,0.033291,0.111919
2890,32.079930,3,0.052604,0.336823,0.000000,0.044408,0.000000,0.044408,0.029923,None,0.331589,0.331589,6.322165,6.322165,0.011102,0.263151,0.334206,0.000000,0.033291,0.111919
2900,32.190940,0,0.000000,0.000000,0.000000,0.044346,0.000000,0.044346,0.008869,None,2.735321,3.246334,5.556555,5.556555,0.011086,0.250000,0.319153,0.000000,0.037455,0.107491
2900,32.190940,1,1.000000,1.000000,0.000000,0.016675,0.000000,0.016675,0.403335,Wall,-0.430924,-0.430924,13.038550,13.038550,0.004169,0.250000,0.319153,0.000000,0.037455,0.107491
2900,32.190940,2,0.000000,0.000000,0.000000,0.044388,0.000000,0.044388,0.008878,None,2.268967,3.750419,5.556555,5.556555,0.011097,0.250000,0.319153,0.000000,0.037455,0.107491
2900,32.190940,3,0.000000,0.276613,0.000000,0.044409,0.000000,0.044409,0.008882,None,0.361693,0.361693,6.400538,6.400538,0.011102,0.250000,0.319153,0.000000,0.037455,0.107491
2910,32.301940,0,0.000000,0.000000,0.000000,0.044347,0.000000,0.044347,0.008869,None,2.812269,3.150207,5.695150,5.695150,0.011087,0.250000,0.302633,0.000000,0.042246,0.108449
2910,32.301940,1,1.000000,1.000000,0.000000,0.035847,0.000000,0.035847,0.407170,Wall,-0.344535,-0.655465,12.962470,12.962470,0.008962,0.250000,0.302633,0.000000,0.042246,0.108449
2910,32.301940,2,0.000000,0.000000,0.000000,0.044384,0.000000,0.044384,0.008877,None,2.351923,3.839991,5.695150,5.695150,0.011096,0.250000,0.302633,0.000000,0.042246,0.108449
2910,32.301940,3,0.000000,0.210533,0.000000,0.044405,0.000000,0.044405,0.008881,None,0.394733,0.394733,6.480491,6.480491,0.011101,0.250000,0.302633,0.000000,0.042246,0.108449
2920,32.412950,0,0.000000,0.000000,0.000000,0.044344,0.000000,0.044344,0.008869,None,2.889144,3.052766,5.833963,5.833963,0.011086,0.250000,0.284542,0.000000,0.043722,0.108744
2920,32.412950,1,1.000000,1.000000,0.000000,0.041755,0.000000,0.041755,0.408351,Wall,-0.215221,-0.796167,12.940000,12.940000,0.010439,0.250000,0.284542,0.000000,0.043722,0.108744
2920,32.412950,2,0.000000,0.000000,0.000000,0.044384,0.000000,0.044384,0.008877,None,2.436113,3.931028,5.833963,5.833963,0.011096,0.250000,0.284542,0.000000,0.043722,0.108744
2920,32.412950,3,0.000000,0.138168,0.000000,0.044404,0.000000,0.044404,0.008881,None,0.430916,0.430916,6.561940,6.561940,0.011101,0.250000,0.284542,0.000000,0.043722,0.108744
2930,32.523960,0,0.000000,0.000000,0.000000,0.039424,0.000000,0.039424,0.007885,None,2.959152,2.963779,5.965749,5.965749,0.009856,0.250000,0.264910,0.000000,0.042945,0.108589
2930,32.523960,1,1.000000,1.000000,0.000000,0.043574,0.000000,0.043574,0.408715,Wall,-0.311628,-0.892143,12.941690,12.941690,0.010894,0.250000,0.264910,0.000000,0.042945,0.108589
2930,32.523960,2,0.000000,0.000000,0.000000,0.044386,0.000000,0.044386,0.008877,None,2.521563,4.023519,5.965749,5.965749,0.011097,0.250000,0.264910,0.000000,0.042945,0.108589
2930,32.523960,3,0.000000,0.059639,0.000000,0.044396,0.000000,0.044396,0.008879,None,0.470181,0.470181,6.644792,6.644792,0.011099,0.250000,0.264910,0.000000,0.042945,0.108589
2940,32.634970,0,0.000000,0.000000,0.000000,0.017077,0.000000,0.017077,0.003415,None,2.954723,2.954723,5.979256,5.979256,0.004269,0.250000,0.250000,0.000000,0.030251,0.106050
2940,32.634970,1,1.000000,1.000000,0.000000,0.044134,0.000000,0.044134,0.408827,Wall,-0.322766,-0.972674,13.048200,13.048200,0.011034,0.250000,0.250000,0.000000,0.030251,0.106050
2940,32.634970,2,0.000000,0.000000,0.000000,0.015397,0.000000,0.015397,0.003079,None,2.584589,4.032860,5.979256,5.979256,0.003849,0.250000,0.250000,0.000000,0.030251,0.106050
2940,32.634970,3,0.000000,0.000000,0.000000,0.044396,0.000000,0.044396,0.008879,None,0.512397,0.512397,6.738241,6.738241,0.011099,0.250000,0.250000,0.000000,0.030251,0.106050
2950,32.745980,0,0.000000,0.000000,0.000000,0.035936,0.000000,0.035936,0.007187,None,2.868097,2.868097,6.092309,6.092309,0.008984,0.250000,0.250000,0.000000,0.038574,0.107715
2950,32.745980,1,1.000000,1.000000,0.000000,0.044303,0.000000,0.044303,0.408861,Wall,-0.241518,-1.047445,13.091820,13.091820,0.011076,0.250000,0.250000,0.000000,0.038574,0.107715
2950,32.745980,2,0.000000,0.000000,0.000000,0.029658,0.000000,0.029658,0.005932,None,2.653954,4.099891,6.092309,6.092309,0.007415,0.250000,0.250000,0.000000,0.038574,0.107715
2950,32.745980,3,0.000000,0.000000,0.000000,0.044398,0.000000,0.044398,0.008880,None,0.557591,0.557591,6.825879,6.825879,0.011099,0.250000,0.250000,0.000000,0.038574,0.107715
2960,32.856980,0,0.000000,0.000000,0.000000,0.041749,0.000000,0.041749,0.008350,None,2.770266,2.770266,6.236085,6.236085,0.010437,0.250000,0.250000,0.000000,0.042590,0.108518
2960,32.856980,1,1.000000,1.000000,0.000000,0.044354,0.000000,0.044354,0.408871,Wall,-0.163237,-1.118597,13.100360,13.100360,0.011089,0.250000,0.250000,0.000000,0.042590,0.108518
2960,32.856980,2,0.000000,0.000000,0.000000,0.039857,0.000000,0.039857,0.007971,None,2.705405,4.190172,6.236085,6.236085,0.009964,0.250000,0.250000,0.000000,0.042590,0.108518
2960,32.856980,3,0.000000,0.000000,0.000000,0.044398,0.000000,0.044398,0.008880,None,0.605787,0.605787,6.900479,6.900479,0.011099,0.250000,0.250000,0.000000,0.042590,0.108518
2970,32.967990,0,0.000000,0.000000,0.000000,0.043542,0.000000,0.043542,0.008708,None,2.667417,2.667417,6.381684,6.381684,0.010886,0.250000,0.250000,0.000000,0.043827,0.108766
2970,32.967990,1,1.000000,1.000000,0.000000,0.044370,0.000000,0.044370,0.408874,Wall,-0.098234,-1.186873,13.109110,13.109110,0.011093,0.250000,0.250000,0.000000,0.043827,0.108766
2970,32.967990,2,0.000000,0.000000,0.000000,0.043002,0.000000,0.043002,0.008600,None,2.760653,4.281089,6.381684,6.381684,0.010750,0.250000,0.250000,0.000000,0.043827,0.108766
2970,32.967990,3,0.000000,0.000000,0.000000,0.044396,0.000000,0.044396,0.008879,None,0.656978,0.656978,6.974766,6.974766,0.011099,0.250000,0.250000,0.000000,0.043827,0.108766
2980,33.079000,0,0.000000,0.000000,0.000000,0.044090,0.000000,0.044090,0.008818,None,2.563468,2.563468,6.525041,6.525041,0.011023,0.250000,0.250000,0.000000,0.044207,0.108842
2980,33.079000,1,1.000000,1.000000,0.000000,0.044374,0.000000,0.044374,0.408875,Wall,-0.179385,-1.252287,13.119480,13.119480,0.011094,0.250000,0.250000,0.000000,0.044207,0.108842
2980,33.079000,2,0.000000,0.000000,0.000000,0.043965,0.000000,0.043965,0.008793,None,2.832355,4.375047,6.525041,6.525041,0.010991,0.250000,0.250000,0.000000,0.044207,0.108842
2980,33.079000,3,0.000000,0.000000,0.000000,0.044400,0.000000,0.044400,0.008880,None,0.711166,0.711166,7.052642,7.052642,0.011100,0.250000,0.250000,0.000000,0.044207,0.108842
2990,33.190010,0,0.000000,0.000000,0.000000,0.044262,0.000000,0.044262,0.008852,None,2.458917,2.458917,6.666873,6.666873,0.011066,0.250000,0.250000,0.000000,0.044327,0.108866
2990,33.190010,1,1.000000,1.000000,0.000000,0.044381,0.000000,0.044381,0.408876,Wall,-0.221705,-1.314734,13.131280,13.131280,0.011095,0.250000,0.250000,0.000000,0.044327,0.108866
2990,33.190010,2,0.000000,0.000000,0.000000,0.044263,0.000000,0.044263,0.008853,None,2.912398,4.471175,6.666873,6.666873,0.011066,0.250000,0.250000,0.000000,0.044327,0.108866
2990,33.190010,3,0.000000,0.000000,0.000000,0.044403,0.000000,0.044403,0.008881,None,0.767745,0.767745,7.132903,7.132903,0.011101,0.250000,0.250000,0.000000,0.044327,0.108866
3000,33.301010,0,0.000000,0.000000,0.000000,0.044327,0.000000,0.044327,0.008865,None,2.366416,2.366416,6.803520,6.803520,0.011082,0.250000,0.250000,0.000000,0.031069,0.106214
3000,33.301010,1,1.000000,1.000000,0.000000,0.021909,0.000000,0.021909,0.404382,Wall,-0.190783,-1.338882,13.073560,13.073560,0.005477,0.250000,0.250000,0.000000,0.031069,0.106214
3000,33.301010,2,0.000000,0.000000,0.000000,0.044351,0.000000,0.044351,0.008870,None,2.982757,4.568933,6.803520,6.803520,0.011088,0.250000,0.250000,0.000000,0.031069,0.106214
3000,33.301010,3,0.000000,0.000000,0.000000,0.013690,0.000000,0.013690,0.002738,None,0.767745,0.767745,7.132977,7.132977,0.003423,0.250000,0.250000,0.000000,0.031069,0.106214
3010,33.412020,0,0.000000,0.000000,0.000000,0.044342,0.000000,0.044342,0.008868,None,2.297405,2.297405,6.931433,6.931433,0.011085,0.250000,0.250000,0.000000,0.024924,0.104985
3010,33.412020,1,1.000000,1.000000,0.000000,0.006755,0.000000,0.006755,0.401351,Wall,-0.190783,-1.338882,12.970130,12.970130,0.001689,0.250000,0.250000,0.000000,0.024924,0.104985
3010,33.412020,2,0.000000,0.000000,0.000000,0.044378,0.000000,0.044378,0.008876,None,3.044125,4.668002,6.931433,6.931433,0.011095,0.250000,0.250000,0.000000,0.024924,0.104985
3010,33.412020,3,0.000000,0.000000,0.000000,0.004221,0.000000,0.004221,0.000844,None,0.767745,0.767745,7.137427,7.137427,0.001055,0.250000,0.250000,0.000000,0.024924,0.104985
3020,33.523030,0,0.000000,0.000000,0.000000,0.044342,0.000000,0.044342,0.008868,None,2.240782,2.240782,7.053047,7.053047,0.011085,0.250000,0.250000,0.000000,0.025355,0.105071
3020,33.523030,1,1.000000,1.000000,0.000000,0.002083,0.000000,0.002083,0.400417,Wall,-0.190783,-1.338882,12.868160,12.868160,0.000521,0.250000,0.250000,0.000000,0.025355,0.105071
3020,33.523030,2,0.000000,0.000000,0.000000,0.044388,0.000000,0.044388,0.008878,None,3.105151,4.768186,7.053047,7.053047,0.011097,0.250000,0.250000,0.000000,0.025355,0.105071
3020,33.523030,3,0.000000,0.000000,0.000000,0.010610,0.000000,0.010610,0.002122,None,0.765515,0.765515,7.164958,7.164958,0.002652,0.250000,0.250000,0.000000,0.025355,0.105071
3030,33.634040,0,0.000000,0.000000,0.000000,0.044341,0.000000,0.044341,0.008868,None,2.189722,2.189722,7.169740,7.169740,0.011085,0.250000,0.250000,0.000000,0.030840,0.106168
3030,33.634040,1,1.000000,1.000000,0.000000,0.000642,0.000000,0.000642,0.400129,Wall,-0.190783,-1.338882,12.767770,12.767770,0.000161,0.250000,0.250000,0.000000,0.030840,0.106168
3030,33.634040,2,0.000000,0.000000,0.000000,0.044386,0.000000,0.044386,0.008877,None,3.184650,4.869433,7.169740,7.169740,0.011097,0.250000,0.250000,0.000000,0.030840,0.106168
3030,33.634040,3,0.000000,0.000000,0.000000,0.033992,0.000000,0.033992,0.006798,None,0.721737,0.721737,7.274423,7.274423,0.008498,0.250000,0.250000,0.000000,0.030840,0.106168
3040,33.745040,0,0.000000,0.000000,0.000000,0.044339,0.000000,0.044339,0.008868,None,2.141947,2.141947,7.282004,7.282004,0.011085,0.250000,0.250000,0.000000,0.032532,0.106506
3040,33.745040,1,1.000000,1.000000,0.000000,0.000198,0.000000,0.000198,0.400040,Wall,-0.190783,-1.338882,12.669000,12.669000,0.000050,0.250000,0.250000,0.000000,0.032532,0.106506
3040,33.745040,2,0.000000,0.000000,0.000000,0.044389,0.000000,0.044389,0.008878,None,3.273869,4.971673,7.282004,7.282004,0.011097,0.250000,0.250000,0.000000,0.032532,0.106506
3040,33.745040,3,0.000000,0.000000,0.000000,0.041201,0.000000,0.041201,0.008240,None,0.645529,0.645529,7.378253,7.378253,0.010300,0.250000,0.250000,0.000000,0.032532,0.106506
3050,33.856050,0,0.000000,0.000000,0.000000,0.044342,0.000000,0.044342,0.008868,None,2.096672,2.096672,7.389982,7.389982,0.011086,0.250000,0.250000,0.000000,0.033054,0.106611
3050,33.856050,1,1.000000,1.000000,0.000000,0.000063,0.000000,0.000063,0.400013,Wall,-0.190783,-1.338882,12.571850,12.571850,0.000016,0.250000,0.250000,0.000000,0.033054,0.106611
3050,33.856050,2,0.000000,0.000000,0.000000,0.044390,0.000000,0.044390,0.008878,None,3.365550,5.074863,7.389982,7.389982,0.011098,0.250000,0.250000,0.000000,0.033054,0.106611
3050,33.856050,3,0.000000,0.000000,0.000000,0.043420,0.000000,0.043420,0.008684,None,0.538475,0.538475,7.478974,7.478974,0.010855,0.250000,0.250000,0.000000,0.033054,0.106611
3060,33.967060,0,0.000000,0.000000,0.000000,0.044339,0.000000,0.044339,0.008868,None,2.053832,2.053832,7.493660,7.493660,0.011085,0.250000,0.283031,0.000000,0.033213,0.106643
3060,33.967060,1,1.000000,1.000000,0.000000,0.000019,0.000000,0.000019,0.400004,Wall,-0.190783,-1.338882,12.476280,12.476280,0.000005,0.250000,0.283031,0.000000,0.033213,0.106643
3060,33.967060,2,0.000000,0.000000,0.000000,0.044394,0.000000,0.044394,0.008879,None,3.457547,5.178984,7.493660,7.493660,0.011099,0.250000,0.283031,0.000000,0.033213,0.106643
3060,33.967060,3,0.000000,0.132122,0.000000,0.044101,0.000000,0.044101,0.008820,None,0.433939,0.433939,7.579106,7.579106,0.011025,0.250000,0.283031,0.000000,0.033213,0.106643
3070,34.078070,0,0.000000,0.000000,0.000000,0.044333,0.000000,0.044333,0.008867,None,2.013636,2.013636,7.583976,7.583976,0.011083,0.263252,0.334277,0.000000,0.030931,0.111487
3070,34.078070,1,1.000000,1.000000,0.000000,0.000005,0.000000,0.000005,0.400001,Wall,-0.190783,-1.338882,12.401250,12.401250,0.000001,0.263252,0.334277,0.000000,0.030931,0.111487
3070,34.078070,2,0.000000,0.000000,0.000000,0.035084,0.000000,0.035084,0.007017,None,3.538730,5.262840,7.583976,7.583976,0.008771,0.263252,0.334277,0.000000,0.030931,0.111487
3070,34.078070,3,0.053010,0.337107,0.000000,0.044300,0.000000,0.044300,0.030064,None,0.331447,0.331447,7.674216,7.674216,0.011075,0.263252,0.334277,0.000000,0.030931,0.111487
3080,34.189080,0,0.000000,0.000000,0.000000,0.044335,0.000000,0.044335,0.008867,None,1.975830,1.975830,7.636181,7.636181,0.011084,0.335513,0.384859,0.000000,0.024881,0.139181
3080,34.189080,1,1.000000,1.000000,0.000000,0.000002,0.000000,0.000002,0.400000,Wall,-0.190783,-1.338882,12.401250,12.401250,0.000000,0.335513,0.384859,0.000000,0.024881,0.139181
3080,34.189080,2,0.000000,0.000000,0.000000,0.010817,0.000000,0.010817,0.002163,None,3.571631,5.262840,7.636181,7.636181,0.002704,0.335513,0.384859,0.000000,0.024881,0.139181
3080,34.189080,3,0.342052,0.539436,0.000000,0.044370,0.000000,0.044370,0.145695,Wall,0.230282,0.230282,7.748820,7.748820,0.011093,0.335513,0.384859,0.000000,0.024881,0.139181
3090,34.300080,0,0.000000,0.000000,0.000000,0.044335,0.000000,0.044335,0.008867,None,1.940519,1.940519,7.703275,7.703275,0.011084,0.406473,0.434531,0.000000,0.027948,0.168179
3090,34.300080,1,1.000000,1.000000,0.000000,0.000000,0.000000,0.000000,0.400000,Wall,-0.190783,-1.338882,12.361970,12.361970,0.000000,0.406473,0.434531,0.000000,0.027948,0.168179
3090,34.300080,2,0.000000,0.000000,0.000000,0.023073,0.000000,0.023073,0.004615,None,3.643182,5.317523,7.703275,7.703275,0.005768,0.406473,0.434531,0.000000,0.027948,0.168179
3090,34.300080,3,0.625890,0.738123,0.000000,0.044383,0.000000,0.044383,0.259233,Wall,0.130939,0.130939,7.839146,7.839146,0.011096,0.406473,0.434531,0.000000,0.027948,0.168179
3100,34.411090,0,0.000000,0.000000,0.000000,0.044342,0.000000,0.044342,0.008868,None,1.907968,1.907968,7.788219,7.788219,0.011085,0.476177,0.483324,0.000000,0.031636,0.196798
3100,34.411090,1,1.000000,1.000000,0.000000,0.000000,0.000000,0.000000,0.400000,Wall,-0.190783,-1.338882,12.277550,12.277550,0.000000,0.476177,0.483324,0.000000,0.031636,0.196798
3100,34.411090,2,0.000000,0.000000,0.000000,0.037814,0.000000,0.037814,0.007563,None,3.742136,5.425158,7.788219,7.788219,0.009454,0.476177,0.483324,0.000000,0.031636,0.196798
3100,34.411090,3,0.904709,0.933296,0.000000,0.044389,0.000000,0.044389,0.370762,Wall,0.033352,0.033352,7.940241,7.940241,0.011097,0.476177,0.483324,0.000000,0.031636,0.196798
3110,34.522100,0,0.000000,0.000000,0.000000,0.044338,0.000000,0.044338,0.008868,None,1.878155,1.878155,7.875864,7.875864,0.011085,0.500000,0.500000,0.000000,0.032772,0.206554
3110,34.522100,1,1.000000,1.000000,0.000000,0.000000,0.000000,0.000000,0.400000,Wall,-0.190783,-1.338882,12.183010,12.183010,0.000000,0.500000,0.500000,0.000000,0.032772,0.206554
3110,34.522100,2,0.000000,0.000000,0.000000,0.042356,0.000000,0.042356,0.008471,None,3.813200,5.530656,7.875864,7.875864,0.010589,0.500000,0.500000,0.000000,0.032772,0.206554
3110,34.522100,3,1.000000,1.000000,0.000000,0.044392,0.000000,0.044392,0.408878,Wall,-0.062364,-0.062364,8.033549,8.033549,0.011098,0.500000,0.500000,0.000000,0.032772,0.206554
3120,34.633110,0,0.000000,0.000000,0.000000,0.044341,0.000000,0.044341,0.008868,None,1.851048,1.851048,7.963401,7.963401,0.011085,0.500000,0.500000,0.000000,0.033120,0.206624
3120,34.633110,1,1.000000,1.000000,0.000000,0.000000,0.000000,0.000000,0.400000,Wall,-0.190783,-1.338882,12.083960,12.083960,0.000000,0.500000,0.500000,0.000000,0.033120,0.206624
3120,34.633110,2,0.000000,0.000000,0.000000,0.043755,0.000000,0.043755,0.008751,None,3.871118,5.635258,7.963401,7.963401,0.010939,0.500000,0.500000,0.000000,0.033120,0.206624
3120,34.633110,3,1.000000,1.000000,0.000000,0.044383,0.000000,0.044383,0.408877,Wall,-0.156185,-0.156185,8.122091,8.122091,0.011096,0.500000,0.500000,0.000000,0.033120,0.206624
3130,34.744110,0,0.000000,0.000000,0.000000,0.044342,0.000000,0.044342,0.008868,None,1.826751,1.826751,8.049225,8.049225,0.011086,0.500000,0.500000,0.000000,0.033229,0.206646
3130,34.744110,1,1.000000,1.000000,0.000000,0.000000,0.000000,0.000000,0.400000,Wall,-0.190783,-1.338882,11.983590,11.983590,0.000000,0.500000,0.500000,0.000000,0.033229,0.206646
3130,34.744110,2,0.000000,0.000000,0.000000,0.044188,0.000000,0.044188,0.008838,None,3.923752,5.739574,8.049225,8.049225,0.011047,0.500000,0.500000,0.000000,0.033229,0.206646
3130,34.744110,3,1.000000,1.000000,0.000000,0.044388,0.000000,0.044388,0.408878,Wall,-0.248074,-0.248074,8.207502,8.207502,0.011097,0.500000,0.500000,0.000000,0.033229,0.206646
3140,34.855120,0,0.000000,0.000000,0.000000,0.044338,0.000000,0.044338,0.008868,None,1.805172,1.805172,8.132815,8.132815,0.011085,0.500000,0.500000,0.000000,0.033264,0.206653
3140,34.855120,1,1.000000,1.000000,0.000000,0.000000,0.000000,0.000000,0.400000,Wall,-0.190783,-1.338882,11.882870,11.882870,0.000000,0.500000,0.500000,0.000000,0.033264,0.206653
3140,34.855120,2,0.000000,0.000000,0.000000,0.044326,0.000000,0.044326,0.008865,None,3.973929,5.843862,8.132815,8.132815,0.011082,0.500000,0.500000,0.000000,0.033264,0.206653
3140,34.855120,3,1.000000,1.000000,0.000000,0.044390,0.000000,0.044390,0.408878,Wall,-0.337945,-0.337945,8.290316,8.290316,0.011098,0.500000,0.500000,0.000000,0.033264,0.206653
3150,34.966130,0,0.000000,0.000000,0.000000,0.019460,0.000000,0.019460,0.003892,None,1.799215,1.799215,8.188741,8.188741,0.004865,0.500000,0.500000,0.000000,0.027055,0.205411
3150,34.966130,1,1.000000,1.000000,0.000000,0.000000,0.000000,0.000000,0.400000,Wall,-0.190783,-1.338882,11.782120,11.782120,0.000000,0.500000,0.500000,0.000000,0.027055,0.205411
3150,34.966130,2,0.000000,0.000000,0.000000,0.044374,0.000000,0.044374,0.008875,None,4.022317,5.948178,8.188741,8.188741,0.011094,0.500000,0.500000,0.000000,0.027055,0.205411
3150,34.966130,3,1.000000,1.000000,0.000000,0.044386,0.000000,0.044386,0.408877,Wall,-0.425729,-0.425729,8.370649,8.370649,0.011096,0.500000,0.500000,0.000000,0.027055,0.205411
3160,35.077140,0,0.000000,0.000000,0.000000,0.005999,0.000000,0.005999,0.001200,None,1.799215,1.799215,8.234930,8.234930,0.001500,0.500000,0.500000,0.000000,0.023693,0.204739
3160,35.077140,1,1.000000,1.000000,0.000000,0.000000,0.000000,0.000000,0.400000,Wall,-0.190783,-1.338882,11.680950,11.680950,0.000000,0.500000,0.500000,0.000000,0.023693,0.204739
3160,35.077140,2,0.000000,0.000000,0.000000,0.044387,0.000000,0.044387,0.008877,None,4.067507,6.052289,8.234930,8.234930,0.011097,0.500000,0.500000,0.000000,0.023693,0.204739
3160,35.077140,3,1.000000,1.000000,0.000000,0.044385,0.000000,0.044385,0.408877,Wall,-0.488636,-0.511364,8.447983,8.447983,0.011096,0.500000,0.500000,0.000000,0.023693,0.204739
3170,35.188140,0,0.000000,0.000000,0.000000,0.028887,0.000000,0.028887,0.005777,None,1.833858,1.833858,8.295609,8.295609,0.007222,0.500000,0.500000,0.000000,0.029413,0.205883
3170,35.188140,1,1.000000,1.000000,0.000000,0.000000,0.000000,0.000000,0.400000,Wall,-0.190783,-1.338882,11.577130,11.577130,0.000000,0.500000,0.500000,0.000000,0.029413,0.205883
3170,35.188140,2,0.000000,0.000000,0.000000,0.044384,0.000000,0.044384,0.008877,None,4.104373,6.155596,8.295609,8.295609,0.011096,0.500000,0.500000,0.000000,0.029413,0.205883
3170,35.188140,3,1.000000,1.000000,0.000000,0.044379,0.000000,0.044379,0.408876,Wall,-0.405184,-0.594816,8.520619,8.520619,0.011095,0.500000,0.500000,0.000000,0.029413,0.205883
3180,35.299150,0,0.000000,0.000000,0.000000,0.039579,0.000000,0.039579,0.007916,None,1.878764,1.878764,8.358286,8.358286,0.009895,0.500000,0.500000,0.000000,0.032087,0.206418
3180,35.299150,1,1.000000,1.000000,0.000000,0.000000,0.000000,0.000000,0.400000,Wall,-0.190783,-1.338882,11.470720,11.470720,0.000000,0.500000,0.500000,0.000000,0.032087,0.206418
3180,35.299150,2,0.000000,0.000000,0.000000,0.044386,0.000000,0.044386,0.008877,None,4.134045,6.258192,8.358286,8.358286,0.011097,0.500000,0.500000,0.000000,0.032087,0.206418
3180,35.299150,3,1.000000,1.000000,0.000000,0.044384,0.000000,0.044384,0.408877,Wall,-0.323943,-0.676057,8.588587,8.588587,0.011096,0.500000,0.500000,0.000000,0.032087,0.206418
3190,35.410160,0,0.000000,0.000000,0.000000,0.042876,0.000000,0.042876,0.008575,None,1.898993,1.898993,8.422769,8.422769,0.010719,0.500000,0.500000,0.000000,0.032912,0.206582
3190,35.410160,1,1.000000,1.000000,0.000000,0.000000,0.000000,0.000000,0.400000,Wall,-0.190783,-1.338882,11.366920,11.366920,0.000000,0.500000,0.500000,0.000000,0.032912,0.206582
3190,35.410160,2,0.000000,0.000000,0.000000,0.044389,0.000000,0.044389,0.008878,None,4.168272,6.361197,8.422769,8.422769,0.011097,0.500000,0.500000,0.000000,0.032912,0.206582
3190,35.410160,3,1.000000,1.000000,0.000000,0.044384,0.000000,0.044384,0.408877,Wall,-0.245163,-0.754837,8.655001,8.655001,0.011096,0.500000,0.500000,0.000000,0.032912,0.206582
3200,35.521170,0,0.000000,0.000000,0.000000,0.043893,0.000000,0.043893,0.008779,None,1.907875,1.907875,8.486466,8.486466,0.010973,0.500000,0.500000,0.000000,0.033166,0.206633
3200,35.521170,1,1.000000,1.000000,0.000000,0.000000,0.000000,0.000000,0.400000,Wall,-0.190783,-1.338882,11.265720,11.265720,0.000000,0.500000,0.500000,0.000000,0.033166,0.206633
3200,35.521170,2,0.000000,0.000000,0.000000,0.044382,0.000000,0.044382,0.008876,None,4.138769,6.464553,8.486466,8.486466,0.011096,0.500000,0.500000,0.000000,0.033166,0.206633
3200,35.521170,3,1.000000,1.000000,0.000000,0.044388,0.000000,0.044388,0.408878,Wall,-0.256299,-0.831224,8.719776,8.719776,0.011097,0.500000,0.500000,0.000000,0.033166,0.206633
3210,35.632180,0,0.000000,0.000000,0.000000,0.044211,0.000000,0.044211,0.008842,None,1.914202,1.914202,8.548175,8.548175,0.011053,0.500000,0.500000,0.000000,0.033245,0.206649
3210,35.632180,1,1.000000,1.000000,0.000000,0.000000,0.000000,0.000000,0.400000,Wall,-0.190783,-1.338882,11.165500,11.165500,0.000000,0.500000,0.500000,0.000000,0.033245,0.206649
3210,35.632180,2,0.000000,0.000000,0.000000,0.044384,0.000000,0.044384,0.008877,None,4.089202,6.568142,8.548175,8.548175,0.011096,0.500000,0.500000,0.000000,0.033245,0.206649
3210,35.632180,3,1.000000,1.000000,0.000000,0.044386,0.000000,0.044386,0.408877,Wall,-0.336678,-0.904797,8.782256,8.782256,0.011096,0.500000,0.500000,0.000000,0.033245,0.206649
3220,35.743180,0,0.000000,0.000000,0.000000,0.044302,0.000000,0.044302,0.008860,None,1.921618,1.921618,8.607059,8.607059,0.011075,0.500000,0.500000,0.000000,0.036566,0.207313
3220,35.743180,1,1.000000,1.000000,0.000000,0.013192,0.000000,0.013192,0.402638,Wall,-0.156699,-1.007836,10.766560,10.766560,0.003298,0.500000,0.500000,0.000000,0.036566,0.207313
3220,35.743180,2,0.000000,0.000000,0.000000,0.044390,0.000000,0.044390,0.008878,None,4.037805,6.672031,8.607059,8.607059,0.011097,0.500000,0.500000,0.000000,0.036566,0.207313
3220,35.743180,3,1.000000,1.000000,0.000000,0.044382,0.000000,0.044382,0.408877,Wall,-0.305135,-0.975893,8.842580,8.842580,0.011096,0.500000,0.500000,0.000000,0.036566,0.207313
3230,35.854190,0,0.000000,0.000000,0.000000,0.044341,0.000000,0.044341,0.008868,None,1.931323,1.931323,8.660746,8.660746,0.011085,0.250000,0.290733,0.000000,0.041964,0.108393
3230,35.854190,1,0.000000,0.162931,0.000000,0.034753,0.000000,0.034753,0.006951,None,0.418535,0.418535,9.273868,9.273868,0.008688,0.250000,0.290733,0.000000,0.041964,0.108393
3230,35.854190,2,0.000000,0.000000,0.000000,0.044386,0.000000,0.044386,0.008877,None,3.965620,6.776110,8.660746,8.660746,0.011097,0.250000,0.290733,0.000000,0.041964,0.108393
3230,35.854190,3,1.000000,1.000000,0.000000,0.044378,0.000000,0.044378,0.408876,Wall,-0.229646,-1.043818,8.900060,8.900060,0.011094,0.250000,0.290733,0.000000,0.041964,0.108393
3240,35.965200,0,0.000000,0.000000,0.000000,0.044349,0.000000,0.044349,0.008870,None,1.943789,1.943789,8.707533,8.707533,0.011087,0.250000,0.250000,0.000000,0.043630,0.108726
3240,35.965200,1,0.000000,0.000000,0.000000,0.041401,0.000000,0.041401,0.008280,None,0.663577,0.663577,8.491233,8.491233,0.010350,0.250000,0.250000,0.000000,0.043630,0.108726
3240,35.965200,2,0.000000,0.000000,0.000000,0.044390,0.000000,0.044390,0.008878,None,3.883181,6.880568,8.491233,8.491233,0.011098,0.250000,0.250000,0.000000,0.043630,0.108726
3240,35.965200,3,1.000000,1.000000,0.000000,0.044381,0.000000,0.044381,0.408876,Wall,-0.156575,-1.109010,8.951792,8.951792,0.011095,0.250000,0.250000,0.000000,0.043630,0.108726
3250,36.076210,0,0.000000,0.000000,0.000000,0.044350,0.000000,0.044350,0.008870,None,1.959036,1.959036,8.750345,8.750345,0.011087,0.250000,0.250000,0.000000,0.044141,0.108828
3250,36.076210,1,0.000000,0.000000,0.000000,0.043445,0.000000,0.043445,0.008689,None,0.816263,0.816263,8.119445,8.119445,0.010861,0.250000,0.250000,0.000000,0.044141,0.108828
3250,36.076210,2,0.000000,0.000000,0.000000,0.044386,0.000000,0.044386,0.008877,None,3.798022,6.985368,8.119445,8.119445,0.011097,0.250000,0.250000,0.000000,0.044141,0.108828
3250,36.076210,3,1.000000,1.000000,0.000000,0.044382,0.000000,0.044382,0.408876,Wall,-0.116599,-1.171362,9.001880,9.001880,0.011096,0.250000,0.250000,0.000000,0.044141,0.108828
3260,36.187210,0,0.000000,0.000000,0.000000,0.044349,0.000000,0.044349,0.008870,None,1.977032,1.977032,8.767032,8.767032,0.011087,0.250000,0.250000,0.000000,0.041970,0.108394
3260,36.187210,1,0.000000,0.000000,0.000000,0.044079,0.000000,0.044079,0.008816,None,0.938421,0.938421,7.908078,7.908078,0.011020,0.250000,0.250000,0.000000,0.041970,0.108394
3260,36.187210,2,0.000000,0.000000,0.000000,0.035076,0.000000,0.035076,0.007015,None,3.730575,7.069545,7.908078,7.908078,0.008769,0.250000,0.250000,0.000000,0.041970,0.108394
3260,36.187210,3,1.000000,1.000000,0.000000,0.044373,0.000000,0.044373,0.408875,Wall,-0.192941,-1.230449,9.044765,9.044765,0.011093,0.250000,0.250000,0.000000,0.041970,0.108394
3270,36.298220,0,0.000000,0.000000,0.000000,0.044352,0.000000,0.044352,0.008870,None,1.997869,1.997869,8.740036,8.740036,0.011088,0.250000,0.250000,0.000000,0.035953,0.107191
3270,36.298220,1,0.000000,0.000000,0.000000,0.044270,0.000000,0.044270,0.008854,None,1.052111,1.052111,7.821731,7.821731,0.011067,0.250000,0.250000,0.000000,0.035953,0.107191
3270,36.298220,2,0.000000,0.000000,0.000000,0.010815,0.000000,0.010815,0.002163,None,3.713308,7.069545,7.821731,7.821731,0.002704,0.250000,0.250000,0.000000,0.035953,0.107191
3270,36.298220,3,1.000000,1.000000,0.000000,0.044376,0.000000,0.044376,0.408875,Wall,-0.213005,-1.286689,9.051570,9.051570,0.011094,0.250000,0.250000,0.000000,0.035953,0.107191
3280,36.409230,0,0.000000,0.000000,0.000000,0.044352,0.000000,0.044352,0.008870,None,2.021591,2.021591,8.711521,8.711521,0.011088,0.250000,0.250000,0.000000,0.026426,0.105285
3280,36.409230,1,0.000000,0.000000,0.000000,0.044334,0.000000,0.044334,0.008867,None,1.163687,1.163687,7.749145,7.749145,0.011084,0.250000,0.250000,0.000000,0.026426,0.105285
3280,36.409230,2,0.000000,0.000000,0.000000,0.003335,0.000000,0.003335,0.000667,None,3.679982,7.069545,7.749145,7.749145,0.000834,0.250000,0.250000,0.000000,0.026426,0.105285
3280,36.409230,3,1.000000,1.000000,0.000000,0.013684,0.000000,0.013684,0.402737,Wall,-0.213005,-1.286689,9.051570,9.051570,0.003421,0.250000,0.250000,0.000000,0.026426,0.105285
3290,36.520240,0,0.000000,0.000000,0.000000,0.044351,0.000000,0.044351,0.008870,None,2.048074,2.048074,8.681603,8.681603,0.011088,0.250000,0.250000,0.000000,0.023488,0.104698
3290,36.520240,1,0.000000,0.000000,0.000000,0.044354,0.000000,0.044354,0.008871,None,1.274753,1.274753,7.680761,7.680761,0.011088,0.250000,0.250000,0.000000,0.023488,0.104698
3290,36.520240,2,0.000000,0.000000,0.000000,0.001028,0.000000,0.001028,0.000206,None,3.641912,7.069545,7.680761,7.680761,0.000257,0.250000,0.250000,0.000000,0.023488,0.104698
3290,36.520240,3,1.000000,1.000000,0.000000,0.004219,0.000000,0.004219,0.400844,Wall,-0.213005,-1.286689,9.051570,9.051570,0.001055,0.250000,0.250000,0.000000,0.023488,0.104698
3300,36.631240,0,0.000000,0.000000,0.000000,0.044353,0.000000,0.044353,0.008871,None,2.077294,2.077294,8.721356,8.721356,0.011088,0.250000,0.250000,0.000000,0.027517,0.105503
3300,36.631240,1,0.000000,0.000000,0.000000,0.044357,0.000000,0.044357,0.008871,None,1.385694,1.385694,7.549615,7.549615,0.011089,0.250000,0.250000,0.000000,0.027517,0.105503
3300,36.631240,2,0.000000,0.000000,0.000000,0.020058,0.000000,0.020058,0.004012,None,3.543049,7.114249,7.549615,7.549615,0.005014,0.250000,0.250000,0.000000,0.027517,0.105503
3300,36.631240,3,1.000000,1.000000,0.000000,0.001300,0.000000,0.001300,0.400260,Wall,-0.213005,-1.286689,9.006611,9.006611,0.000325,0.250000,0.250000,0.000000,0.027517,0.105503
3310,36.742250,0,0.000000,0.000000,0.000000,0.044353,0.000000,0.044353,0.008871,None,2.109333,2.109333,8.831554,8.831554,0.011088,0.250000,0.250000,0.000000,0.031500,0.106300
3310,36.742250,1,0.000000,0.000000,0.000000,0.044361,0.000000,0.044361,0.008872,None,1.496605,1.496605,7.355708,7.355708,0.011090,0.250000,0.250000,0.000000,0.031500,0.106300
3310,36.742250,2,0.000000,0.000000,0.000000,0.036886,0.000000,0.036886,0.007377,None,3.405891,7.059570,7.355708,7.355708,0.009222,0.250000,0.250000,0.000000,0.031500,0.106300
3310,36.742250,3,1.000000,1.000000,0.000000,0.000400,0.000000,0.000400,0.400080,Wall,-0.213005,-1.286689,8.916955,8.916955,0.000100,0.250000,0.250000,0.000000,0.031500,0.106300
3320,36.853260,0,0.000000,0.000000,0.000000,0.044360,0.000000,0.044360,0.008872,None,2.143960,2.143960,8.868511,8.868511,0.011090,0.250000,0.250000,0.000000,0.032729,0.106546
3320,36.853260,1,0.000000,0.000000,0.000000,0.044362,0.000000,0.044362,0.008872,None,1.607510,1.607510,7.177525,7.177525,0.011090,0.250000,0.250000,0.000000,0.032729,0.106546
3320,36.853260,2,0.000000,0.000000,0.000000,0.042071,0.000000,0.042071,0.008414,None,3.301652,6.987800,7.177525,7.177525,0.010518,0.250000,0.250000,0.000000,0.032729,0.106546
3320,36.853260,3,1.000000,1.000000,0.000000,0.000123,0.000000,0.000123,0.400025,Wall,-0.213005,-1.286689,8.906194,8.906194,0.000031,0.250000,0.250000,0.000000,0.032729,0.106546
3330,36.964270,0,0.000000,0.000000,0.000000,0.044359,0.000000,0.044359,0.008872,None,2.181399,2.181399,8.876066,8.876066,0.011090,0.250000,0.250000,0.000000,0.033109,0.106622
3330,36.964270,1,0.000000,0.000000,0.000000,0.044362,0.000000,0.044362,0.008872,None,1.718413,1.718413,7.005739,7.005739,0.011090,0.250000,0.250000,0.000000,0.033109,0.106622
3330,36.964270,2,0.000000,0.000000,0.000000,0.043677,0.000000,0.043677,0.008735,None,3.209016,6.942742,7.005739,7.005739,0.010919,0.250000,0.250000,0.000000,0.033109,0.106622
3330,36.964270,3,1.000000,1.000000,0.000000,0.000039,0.000000,0.000039,0.400008,Wall,-0.213005,-1.286689,8.925501,8.925501,0.000010,0.250000,0.250000,0.000000,0.033109,0.106622
3340,37.075280,0,0.000000,0.000000,0.000000,0.044358,0.000000,0.044358,0.008872,None,2.221344,2.221344,8.876650,8.876650,0.011090,0.250000,0.250000,0.000000,0.027609,0.105522
3340,37.075280,1,0.000000,0.000000,0.000000,0.021897,0.000000,0.021897,0.004379,None,1.762774,1.762774,6.872066,6.872066,0.005474,0.250000,0.250000,0.000000,0.027609,0.105522
3340,37.075280,2,0.000000,0.000000,0.000000,0.044169,0.000000,0.044169,0.008834,None,3.126470,6.902175,6.872066,6.872066,0.011042,0.250000,0.250000,0.000000,0.027609,0.105522
3340,37.075280,3,1.000000,1.000000,0.000000,0.000011,0.000000,0.000011,0.400002,Wall,-0.213005,-1.286689,8.950621,8.950621,0.000003,0.250000,0.250000,0.000000,0.027609,0.105522
3350,37.186280,0,0.000000,0.000000,0.000000,0.044357,0.000000,0.044357,0.008871,None,2.263978,2.263978,8.873466,8.873466,0.011089,0.250000,0.250000,0.000000,0.023859,0.104772
3350,37.186280,1,0.000000,0.000000,0.000000,0.006752,0.000000,0.006752,0.001350,None,1.762774,1.762774,6.763130,6.763130,0.001688,0.250000,0.250000,0.000000,0.023859,0.104772
3350,37.186280,2,0.000000,0.000000,0.000000,0.044322,0.000000,0.044322,0.008864,None,3.064967,6.862696,6.763130,6.763130,0.011081,0.250000,0.250000,0.000000,0.023859,0.104772
3350,37.186280,3,1.000000,1.000000,0.000000,0.000004,0.000000,0.000004,0.400001,Wall,-0.213005,-1.286689,8.977903,8.977903,0.000001,0.250000,0.250000,0.000000,0.023859,0.104772
3360,37.297290,0,0.000000,0.000000,0.000000,0.044357,0.000000,0.044357,0.008871,None,2.309194,2.309194,8.864720,8.864720,0.011089,0.250000,0.250000,0.000000,0.022701,0.104540
3360,37.297290,1,0.000000,0.000000,0.000000,0.002083,0.000000,0.002083,0.000417,None,1.762774,1.762774,6.654908,6.654908,0.000521,0.250000,0.250000,0.000000,0.022701,0.104540
3360,37.297290,2,0.000000,0.000000,0.000000,0.044364,0.000000,0.044364,0.008873,None,3.011701,6.826209,6.654908,6.654908,0.011091,0.250000,0.250000,0.000000,0.022701,0.104540
3360,37.297290,3,1.000000,1.000000,0.000000,0.000000,0.000000,0.000000,0.400000,Wall,-0.213005,-1.286689,9.009473,9.009473,0.000000,0.250000,0.250000,0.000000,0.022701,0.104540
3370,37.408300,0,0.000000,0.000000,0.000000,0.044358,0.000000,0.044358,0.008872,None,2.356993,2.356993,8.849364,8.849364,0.011090,0.250000,0.250000,0.000000,0.022345,0.104469
3370,37.408300,1,0.000000,0.000000,0.000000,0.000641,0.000000,0.000641,0.000128,None,1.762774,1.762774,6.547308,6.547308,0.000160,0.250000,0.250000,0.000000,0.022345,0.104469
3370,37.408300,2,0.000000,0.000000,0.000000,0.044383,0.000000,0.044383,0.008877,None,2.961694,6.793766,6.547308,6.547308,0.011096,0.250000,0.250000,0.000000,0.022345,0.104469
3370,37.408300,3,1.000000,1.000000,0.000000,0.000000,0.000000,0.000000,0.400000,Wall,-0.213005,-1.286689,9.046640,9.046640,0.000000,0.250000,0.250000,0.000000,0.022345,0.104469
3380,37.519310,0,0.000000,0.000000,0.000000,0.044357,0.000000,0.044357,0.008871,None,2.407390,2.407390,8.826032,8.826032,0.011089,0.250000,0.250000,0.000000,0.028458,0.105692
3380,37.519310,1,0.000000,0.000000,0.000000,0.025093,0.000000,0.025093,0.005019,None,1.840430,1.840430,6.401270,6.401270,0.006273,0.250000,0.250000,0.000000,0.028458,0.105692
3380,37.519310,2,0.000000,0.000000,0.000000,0.044384,0.000000,0.044384,0.008877,None,2.904504,6.766720,6.401270,6.401270,0.011096,0.250000,0.250000,0.000000,0.028458,0.105692
3380,37.519310,3,1.000000,1.000000,0.000000,0.000000,0.000000,0.000000,0.400000,Wall,-0.213005,-1.286689,9.090510,9.090510,0.000000,0.250000,0.250000,0.000000,0.028458,0.105692
3390,37.630310,0,0.000000,0.000000,0.000000,0.019466,0.000000,0.019466,0.003893,None,2.422976,2.422976,8.828368,8.828368,0.004867,0.250000,0.250000,0.000000,0.023244,0.104649
3390,37.630310,1,0.000000,0.000000,0.000000,0.038430,0.000000,0.038430,0.007686,None,1.951391,1.951391,6.262022,6.262022,0.009607,0.250000,0.250000,0.000000,0.023244,0.104649
3390,37.630310,2,0.000000,0.000000,0.000000,0.035080,0.000000,0.035080,0.007016,None,2.847908,6.749275,6.262022,6.262022,0.008770,0.250000,0.250000,0.000000,0.023244,0.104649
3390,37.630310,3,1.000000,1.000000,0.000000,0.000000,0.000000,0.000000,0.400000,Wall,-0.213005,-1.286689,9.130674,9.130674,0.000000,0.250000,0.250000,0.000000,0.023244,0.104649
3400,37.741320,0,0.000000,0.000000,0.000000,0.006002,0.000000,0.006002,0.001200,None,2.422976,2.422976,8.828368,8.828368,0.001501,0.250000,0.250000,0.000000,0.014838,0.102968
3400,37.741320,1,0.000000,0.000000,0.000000,0.042535,0.000000,0.042535,0.008507,None,2.062305,2.062305,6.208228,6.208228,0.010634,0.250000,0.250000,0.000000,0.014838,0.102968
3400,37.741320,2,0.000000,0.000000,0.000000,0.010816,0.000000,0.010816,0.002163,None,2.836469,6.749275,6.208228,6.208228,0.002704,0.250000,0.250000,0.000000,0.014838,0.102968
3400,37.741320,3,1.000000,1.000000,0.000000,0.000000,0.000000,0.000000,0.400000,Wall,-0.213005,-1.286689,9.130674,9.130674,0.000000,0.250000,0.250000,0.000000,0.014838,0.102968
3410,37.852330,0,0.000000,0.000000,0.000000,0.001851,0.000000,0.001851,0.000370,None,2.422976,2.422976,8.828368,8.828368,0.000463,0.250000,0.250000,0.000000,0.012247,0.102450
3410,37.852330,1,0.000000,0.000000,0.000000,0.043803,0.000000,0.043803,0.008761,None,2.173200,2.173200,6.155974,6.155974,0.010951,0.250000,0.250000,0.000000,0.012247,0.102450
3410,37.852330,2,0.000000,0.000000,0.000000,0.003335,0.000000,0.003335,0.000667,None,2.807093,6.749275,6.155974,6.155974,0.000834,0.250000,0.250000,0.000000,0.012247,0.102450
3410,37.852330,3,1.000000,1.000000,0.000000,0.000000,0.000000,0.000000,0.400000,Wall,-0.213005,-1.286689,9.130674,9.130674,0.000000,0.250000,0.250000,0.000000,0.012247,0.102450
3420,37.963340,0,0.000000,0.000000,0.000000,0.031246,0.000000,0.031246,0.006249,None,2.383267,2.383267,8.867459,8.867459,0.007812,0.250000,0.250000,0.000000,0.019116,0.103823
3420,37.963340,1,0.000000,0.000000,0.000000,0.044189,0.000000,0.044189,0.008838,None,2.284072,2.284072,6.104316,6.104316,0.011047,0.250000,0.250000,0.000000,0.019116,0.103823
3420,37.963340,2,0.000000,0.000000,0.000000,0.001029,0.000000,0.001029,0.000206,None,2.772605,6.749275,6.104316,6.104316,0.000257,0.250000,0.250000,0.000000,0.019116,0.103823
3420,37.963340,3,1.000000,1.000000,0.000000,0.000000,0.000000,0.000000,0.400000,Wall,-0.213005,-1.286689,9.130674,9.130674,0.000000,0.250000,0.250000,0.000000,0.019116,0.103823
3430,38.074340,0,0.000000,0.000000,0.000000,0.040307,0.000000,0.040307,0.008061,None,2.383910,2.383910,8.867499,8.867499,0.010077,0.250000,0.250000,0.000000,0.021232,0.104246
3430,38.074340,1,0.000000,0.000000,0.000000,0.044305,0.000000,0.044305,0.008861,None,2.394909,2.394909,6.053644,6.053644,0.011076,0.250000,0.250000,0.000000,0.021232,0.104246
3430,38.074340,2,0.000000,0.000000,0.000000,0.000317,0.000000,0.000317,0.000063,None,2.736952,6.749275,6.053644,6.053644,0.000079,0.250000,0.250000,0.000000,0.021232,0.104246
3430,38.074340,3,1.000000,1.000000,0.000000,0.000000,0.000000,0.000000,0.400000,Wall,-0.213005,-1.286689,9.130674,9.130674,0.000000,0.250000,0.250000,0.000000,0.021232,0.104246
3440,38.185350,0,0.000000,0.000000,0.000000,0.043095,0.000000,0.043095,0.008619,None,2.421396,2.421396,8.831881,8.831881,0.010774,0.250000,0.250000,0.000000,0.021880,0.104376
3440,38.185350,1,0.000000,0.000000,0.000000,0.044326,0.000000,0.044326,0.008865,None,2.505623,2.505623,6.004981,6.004981,0.011082,0.250000,0.250000,0.000000,0.021880,0.104376
3440,38.185350,2,0.000000,0.000000,0.000000,0.000097,0.000000,0.000097,0.000019,None,2.701379,6.749275,6.004981,6.004981,0.000024,0.250000,0.250000,0.000000,0.021880,0.104376
3440,38.185350,3,1.000000,1.000000,0.000000,0.000000,0.000000,0.000000,0.400000,Wall,-0.213005,-1.286689,9.130674,9.130674,0.000000,0.250000,0.250000,0.000000,0.021880,0.104376
3450,38.296360,0,0.000000,0.000000,0.000000,0.043958,0.000000,0.043958,0.008792,None,2.470767,2.470767,8.785520,8.785520,0.010990,0.250000,0.250000,0.000000,0.022081,0.104416
3450,38.296360,1,0.000000,0.000000,0.000000,0.044334,0.000000,0.044334,0.008867,None,2.616380,2.616380,5.958618,5.958618,0.011084,0.250000,0.250000,0.000000,0.022081,0.104416
3450,38.296360,2,0.000000,0.000000,0.000000,0.000030,0.000000,0.000030,0.000006,None,2.666300,6.749275,5.958618,5.958618,0.000007,0.250000,0.250000,0.000000,0.022081,0.104416
3450,38.296360,3,1.000000,1.000000,0.000000,0.000000,0.000000,0.000000,0.400000,Wall,-0.213005,-1.286689,9.130674,9.130674,0.000000,0.250000,0.250000,0.000000,0.022081,0.104416
3460,38.407370,0,0.000000,0.000000,0.000000,0.044228,0.000000,0.044228,0.008846,None,2.524347,2.524347,8.736077,8.736077,0.011057,0.250000,0.250000,0.000000,0.022144,0.104429
3460,38.407370,1,0.000000,0.000000,0.000000,0.044340,0.000000,0.044340,0.008868,None,2.727178,2.727178,5.914737,5.914737,0.011085,0.250000,0.250000,0.000000,0.022144,0.104429
3460,38.407370,2,0.000000,0.000000,0.000000,0.000009,0.000000,0.000009,0.000002,None,2.631862,6.749275,5.914737,5.914737,0.000002,0.250000,0.250000,0.000000,0.022144,0.104429
3460,38.407370,3,1.000000,1.000000,0.000000,0.000000,0.000000,0.000000,0.400000,Wall,-0.213005,-1.286689,9.130674,9.130674,0.000000,0.250000,0.250000,0.000000,0.022144,0.104429
3470,38.518380,0,0.000000,0.000000,0.000000,0.044306,0.000000,0.044306,0.008861,None,2.580433,2.580433,8.685219,8.685219,0.011076,0.250000,0.250000,0.000000,0.022164,0.104433
3470,38.518380,1,0.000000,0.000000,0.000000,0.044345,0.000000,0.044345,0.008869,None,2.837994,2.837994,5.873610,5.873610,0.011086,0.250000,0.250000,0.000000,0.022164,0.104433
3470,38.518380,2,0.000000,0.000000,0.000000,0.000003,0.000000,0.000003,0.000001,None,2.598150,6.749275,5.873610,5.873610,0.000001,0.250000,0.250000,0.000000,0.022164,0.104433
3470,38.518380,3,1.000000,1.000000,0.000000,0.000000,0.000000,0.000000,0.400000,Wall,-0.213005,-1.286689,9.130674,9.130674,0.000000,0.250000,0.250000,0.000000,0.022164,0.104433
3480,38.629380,0,0.000000,0.000000,0.000000,0.044331,0.000000,0.044331,0.008866,None,2.638956,2.638956,8.633007,8.633007,0.011083,0.250000,0.250000,0.000000,0.022171,0.104434
3480,38.629380,1,0.000000,0.000000,0.000000,0.044352,0.000000,0.044352,0.008870,None,2.948809,2.948809,5.835485,5.835485,0.011088,0.250000,0.250000,0.000000,0.022171,0.104434
3480,38.629380,2,0.000000,0.000000,0.000000,0.000001,0.000000,0.000001,0.000000,None,2.565220,6.749275,5.835485,5.835485,0.000000,0.250000,0.250000,0.000000,0.022171,0.104434
3480,38.629380,3,1.000000,1.000000,0.000000,0.000000,0.000000,0.000000,0.400000,Wall,-0.213005,-1.286689,9.130674,9.130674,0.000000,0.250000,0.250000,0.000000,0.022171,0.104434
3490,38.740390,0,0.000000,0.000000,0.000000,0.044340,0.000000,0.044340,0.008868,None,2.699734,2.699734,8.632238,8.632238,0.011085,0.250000,0.250000,0.000000,0.024502,0.104900
3490,38.740390,1,0.000000,0.000000,0.000000,0.044362,0.000000,0.044362,0.008872,None,3.059625,3.059625,5.792706,5.792706,0.011091,0.250000,0.250000,0.000000,0.024502,0.104900
3490,38.740390,2,0.000000,0.000000,0.000000,0.009307,0.000000,0.009307,0.001861,None,2.518049,6.697585,5.792706,5.792706,0.002327,0.250000,0.250000,0.000000,0.024502,0.104900
3490,38.740390,3,1.000000,1.000000,0.000000,0.000000,0.000000,0.000000,0.400000,Wall,-0.213005,-1.286689,9.081016,9.081016,0.000000,0.250000,0.250000,0.000000,0.024502,0.104900
3500,38.851400,0,0.000000,0.000000,0.000000,0.044340,0.000000,0.044340,0.008868,None,2.762906,2.762906,9.023159,9.023159,0.011085,0.250000,0.250000,0.000000,0.032890,0.106578
3500,38.851400,1,0.000000,0.000000,0.000000,0.044350,0.000000,0.044350,0.008870,None,3.149025,3.170205,5.802386,5.802386,0.011088,0.250000,0.250000,0.000000,0.032890,0.106578
3500,38.851400,2,0.000000,0.000000,0.000000,0.033567,0.000000,0.033567,0.006713,None,2.457615,6.270076,5.802386,5.802386,0.008392,0.250000,0.250000,0.000000,0.032890,0.106578
3500,38.851400,3,1.000000,1.000000,0.000000,0.009304,0.000000,0.009304,0.401861,Wall,-0.190435,-1.101244,8.500840,8.500840,0.002326,0.250000,0.250000,0.000000,0.032890,0.106578
3510,38.962410,0,0.000000,0.000000,0.000000,0.044346,0.000000,0.044346,0.008869,None,2.823502,2.823502,9.241898,9.241898,0.011087,0.250000,0.250000,0.000000,0.035892,0.107178
3510,38.962410,1,0.000000,0.000000,0.000000,0.044351,0.000000,0.044351,0.008870,None,3.113232,3.280702,5.803185,5.803185,0.011088,0.250000,0.250000,0.000000,0.035892,0.107178
3510,38.962410,2,0.000000,0.000000,0.000000,0.041045,0.000000,0.041045,0.008209,None,2.413792,5.986753,5.803185,5.803185,0.010261,0.250000,0.250000,0.000000,0.035892,0.107178
3510,38.962410,3,1.000000,1.000000,0.000000,0.013824,0.000000,0.013824,0.402765,Wall,-0.301060,-0.301060,7.781401,7.781401,0.003456,0.250000,0.250000,0.000000,0.035892,0.107178
3520,39.073410,0,0.000000,0.000000,0.000000,0.044344,0.000000,0.044344,0.008869,None,2.868472,2.868472,9.321455,9.321455,0.011086,0.250000,0.250000,0.000000,0.034075,0.106815
3520,39.073410,1,0.000000,0.000000,0.000000,0.044348,0.000000,0.044348,0.008870,None,3.085392,3.390874,5.779124,5.779124,0.011087,0.250000,0.250000,0.000000,0.034075,0.106815
3520,39.073410,2,0.000000,0.000000,0.000000,0.043346,0.000000,0.043346,0.008669,None,2.369244,5.818414,5.779124,5.779124,0.010836,0.250000,0.250000,0.000000,0.034075,0.106815
3520,39.073410,3,1.000000,1.000000,0.000000,0.004261,0.000000,0.004261,0.400852,Wall,-0.301060,-0.301060,7.652466,7.652466,0.001065,0.250000,0.250000,0.000000,0.034075,0.106815
3530,39.184420,0,0.000000,0.000000,0.000000,0.044350,0.000000,0.044350,0.008870,None,2.913765,2.913765,9.385555,9.385555,0.011088,0.250000,0.250000,0.000000,0.033516,0.106703
3530,39.184420,1,0.000000,0.000000,0.000000,0.044343,0.000000,0.044343,0.008869,None,3.067044,3.500590,5.753133,5.753133,0.011086,0.250000,0.250000,0.000000,0.033516,0.106703
3530,39.184420,2,0.000000,0.000000,0.000000,0.044057,0.000000,0.044057,0.008811,None,2.326350,5.690377,5.753133,5.753133,0.011014,0.250000,0.250000,0.000000,0.033516,0.106703
3530,39.184420,3,1.000000,1.000000,0.000000,0.001316,0.000000,0.001316,0.400263,Wall,-0.301060,-0.301060,7.574845,7.574845,0.000329,0.250000,0.250000,0.000000,0.033516,0.106703
3540,39.295430,0,0.000000,0.000000,0.000000,0.044354,0.000000,0.044354,0.008871,None,2.958952,2.958952,9.444351,9.444351,0.011088,0.250000,0.250000,0.000000,0.033345,0.106669
3540,39.295430,1,0.000000,0.000000,0.000000,0.044343,0.000000,0.044343,0.008869,None,3.055902,3.609876,5.734330,5.734330,0.011086,0.250000,0.250000,0.000000,0.033345,0.106669
3540,39.295430,2,0.000000,0.000000,0.000000,0.044278,0.000000,0.044278,0.008856,None,2.287478,5.573630,5.734330,5.734330,0.011069,0.250000,0.250000,0.000000,0.033345,0.106669
3540,39.295430,3,1.000000,1.000000,0.000000,0.000406,0.000000,0.000406,0.400081,Wall,-0.301060,-0.301060,7.511922,7.511922,0.000101,0.250000,0.250000,0.000000,0.033345,0.106669
3550,39.406440,0,0.000000,0.000000,0.000000,0.044354,0.000000,0.044354,0.008871,None,3.006490,3.006490,9.501040,9.501040,0.011089,0.250000,0.250000,0.000000,0.033293,0.106659
3550,39.406440,1,0.000000,0.000000,0.000000,0.044341,0.000000,0.044341,0.008868,None,3.051260,3.718630,5.726317,5.726317,0.011085,0.250000,0.250000,0.000000,0.033293,0.106659
3550,39.406440,2,0.000000,0.000000,0.000000,0.044351,0.000000,0.044351,0.008870,None,2.254202,5.459382,5.726317,5.726317,0.011088,0.250000,0.250000,0.000000,0.033293,0.106659
3550,39.406440,3,1.000000,1.000000,0.000000,0.000126,0.000000,0.000126,0.400025,Wall,-0.301060,-0.301060,7.452223,7.452223,0.000032,0.250000,0.250000,0.000000,0.033293,0.106659
3560,39.517440,0,0.000000,0.000000,0.000000,0.044357,0.000000,0.044357,0.008871,None,3.056298,3.056298,9.556559,9.556559,0.011089,0.250000,0.250000,0.000000,0.033278,0.106656
3560,39.517440,1,0.000000,0.000000,0.000000,0.044341,0.000000,0.044341,0.008868,None,3.052566,3.767658,5.730143,5.730143,0.011085,0.250000,0.250000,0.000000,0.033278,0.106656
3560,39.517440,2,0.000000,0.000000,0.000000,0.044375,0.000000,0.044375,0.008875,None,2.227578,5.345352,5.730143,5.730143,0.011094,0.250000,0.250000,0.000000,0.033278,0.106656
3560,39.517440,3,1.000000,1.000000,0.000000,0.000038,0.000000,0.000038,0.400008,Wall,-0.301060,-0.301060,7.392406,7.392406,0.000010,0.250000,0.250000,0.000000,0.033278,0.106656
3570,39.628450,0,0.000000,0.000000,0.000000,0.044351,0.000000,0.044351,0.008870,None,3.108316,3.108316,9.611123,9.611123,0.011088,0.250000,0.250000,0.000000,0.033272,0.106654
3570,39.628450,1,0.000000,0.000000,0.000000,0.044344,0.000000,0.044344,0.008869,None,3.059701,3.713085,5.745776,5.745776,0.011086,0.250000,0.250000,0.000000,0.033272,0.106654
3570,39.628450,2,0.000000,0.000000,0.000000,0.044383,0.000000,0.044383,0.008877,None,2.207961,5.231019,5.745776,5.745776,0.011096,0.250000,0.250000,0.000000,0.033272,0.106654
3570,39.628450,3,1.000000,1.000000,0.000000,0.000011,0.000000,0.000011,0.400002,Wall,-0.301060,-0.301060,7.331749,7.331749,0.000003,0.250000,0.250000,0.000000,0.033272,0.106654
3580,39.739460,0,0.000000,0.000000,0.000000,0.044348,0.000000,0.044348,0.008870,None,3.162617,3.162617,9.664706,9.664706,0.011087,0.250000,0.250000,0.000000,0.033270,0.106654
3580,39.739460,1,0.000000,0.000000,0.000000,0.044346,0.000000,0.044346,0.008869,None,3.072626,3.656556,5.773005,5.773005,0.011086,0.250000,0.250000,0.000000,0.033270,0.106654
3580,39.739460,2,0.000000,0.000000,0.000000,0.044381,0.000000,0.044381,0.008876,None,2.195492,5.116117,5.773005,5.773005,0.011095,0.250000,0.250000,0.000000,0.033270,0.106654
3580,39.739460,3,1.000000,1.000000,0.000000,0.000004,0.000000,0.000004,0.400001,Wall,-0.301060,-0.301060,7.270016,7.270016,0.000001,0.250000,0.250000,0.000000,0.033270,0.106654
3590,39.850470,0,0.000000,0.000000,0.000000,0.015382,0.000000,0.015382,0.003076,None,3.168179,3.168179,9.730291,9.730291,0.003845,0.250000,0.250000,0.000000,0.022727,0.104546
3590,39.850470,1,0.000000,0.000000,0.000000,0.044343,0.000000,0.044343,0.008869,None,3.093013,3.598106,5.816466,5.816466,0.011086,0.250000,0.250000,0.000000,0.022727,0.104546
3590,39.850470,2,0.000000,0.000000,0.000000,0.031184,0.000000,0.031184,0.006237,None,2.205045,5.035469,5.816466,5.816466,0.007796,0.250000,0.250000,0.000000,0.022727,0.104546
3590,39.850470,3,1.000000,1.000000,0.000000,0.000000,0.000000,0.000000,0.400000,Wall,-0.301060,-0.301060,7.226169,7.226169,0.000000,0.250000,0.250000,0.000000,0.022727,0.104546
3600,39.961480,0,0.000000,0.000000,0.000000,0.014046,0.000000,0.014046,0.002809,None,3.177188,3.177188,9.723750,9.723750,0.003511,0.250000,0.250000,0.000000,0.017002,0.103400
3600,39.961480,1,0.000000,0.000000,0.000000,0.044345,0.000000,0.044345,0.008869,None,3.131708,3.537622,5.877099,5.877099,0.011086,0.250000,0.250000,0.000000,0.017002,0.103400
3600,39.961480,2,0.000000,0.000000,0.000000,0.009615,0.000000,0.009615,0.001923,None,2.231605,5.035469,5.877099,5.877099,0.002404,0.250000,0.250000,0.000000,0.017002,0.103400
3600,39.961480,3,1.000000,1.000000,0.000000,0.000000,0.000000,0.000000,0.400000,Wall,-0.301060,-0.301060,7.226169,7.226169,0.000000,0.250000,0.250000,0.000000,0.017002,0.103400
3610,40.072480,0,0.000000,0.000000,0.000000,0.035018,0.000000,0.035018,0.007004,None,3.222212,3.222212,9.693463,9.693463,0.008755,0.250000,0.250000,0.000000,0.020581,0.104116
3610,40.072480,1,0.000000,0.000000,0.000000,0.044341,0.000000,0.044341,0.008868,None,3.179792,3.475182,5.941082,5.941082,0.011085,0.250000,0.250000,0.000000,0.020581,0.104116
3610,40.072480,2,0.000000,0.000000,0.000000,0.002964,0.000000,0.002964,0.000593,None,2.246679,5.035469,5.941082,5.941082,0.000741,0.250000,0.250000,0.000000,0.020581,0.104116
3610,40.072480,3,1.000000,1.000000,0.000000,0.000000,0.000000,0.000000,0.400000,Wall,-0.301060,-0.301060,7.226169,7.226169,0.000000,0.250000,0.250000,0.000000,0.020581,0.104116
3620,40.183490,0,0.000000,0.000000,0.000000,0.041482,0.000000,0.041482,0.008296,None,3.275082,3.275082,9.652551,9.652551,0.010371,0.250000,0.250000,0.000000,0.021685,0.104337
3620,40.183490,1,0.000000,0.000000,0.000000,0.044343,0.000000,0.044343,0.008869,None,3.232263,3.410624,6.008477,6.008477,0.011086,0.250000,0.250000,0.000000,0.021685,0.104337
3620,40.183490,2,0.000000,0.000000,0.000000,0.000914,0.000000,0.000914,0.000183,None,2.259825,5.035469,6.008477,6.008477,0.000229,0.250000,0.250000,0.000000,0.021685,0.104337
3620,40.183490,3,1.000000,1.000000,0.000000,0.000000,0.000000,0.000000,0.400000,Wall,-0.301060,-0.301060,7.226169,7.226169,0.000000,0.250000,0.250000,0.000000,0.021685,0.104337
3630,40.294500,0,0.000000,0.000000,0.000000,0.043473,0.000000,0.043473,0.008695,None,3.332495,3.332495,9.606321,9.606321,0.010868,0.064471,0.120130,0.000000,0.019969,0.029782
3630,40.294500,1,0.000000,0.000000,0.000000,0.019459,0.000000,0.019459,0.003892,None,3.259559,3.390848,6.029342,6.029342,0.004865,0.064471,0.120130,0.000000,0.019969,0.029782
3630,40.294500,2,0.000000,0.000000,0.000000,0.000282,0.000000,0.000282,0.000056,None,2.270190,5.035469,6.029342,6.029342,0.000070,0.064471,0.120130,0.000000,0.019969,0.029782
3630,40.294500,3,0.257883,0.480518,0.000000,0.016661,0.000000,0.016661,0.106486,Wall,0.259741,0.259741,7.165030,7.165030,0.004165,0.064471,0.120130,0.000000,0.019969,0.029782
3640,40.405510,0,0.000000,0.000000,0.000000,0.044090,0.000000,0.044090,0.008818,None,3.392438,3.392438,9.549446,9.549446,0.011023,0.000000,0.000000,0.000000,0.021499,0.004300
3640,40.405510,1,0.000000,0.000000,0.000000,0.006001,0.000000,0.006001,0.001200,None,3.265290,3.390848,6.029342,6.029342,0.001500,0.000000,0.000000,0.000000,0.021499,0.004300
3640,40.405510,2,0.000000,0.000000,0.000000,0.000087,0.000000,0.000087,0.000017,None,2.273679,5.035469,6.029342,6.029342,0.000022,0.000000,0.000000,0.000000,0.021499,0.004300
3640,40.405510,3,0.000000,0.000000,0.000000,0.035820,0.000000,0.035820,0.007164,None,0.580410,0.580410,7.408804,7.408804,0.008955,0.000000,0.000000,0.000000,0.021499,0.004300
3650,40.516510,0,0.000000,0.000000,0.000000,0.044276,0.000000,0.044276,0.008855,None,3.454444,3.454444,9.481661,9.481661,0.011069,0.000000,0.000000,0.000000,0.021969,0.004394
3650,40.516510,1,0.000000,0.000000,0.000000,0.001849,0.000000,0.001849,0.000370,None,3.267028,3.390848,6.029342,6.029342,0.000462,0.000000,0.000000,0.000000,0.021969,0.004394
3650,40.516510,2,0.000000,0.000000,0.000000,0.000027,0.000000,0.000027,0.000005,None,2.274767,5.035469,6.029342,6.029342,0.000007,0.000000,0.000000,0.000000,0.021969,0.004394
3650,40.516510,3,0.000000,0.000000,0.000000,0.041724,0.000000,0.041724,0.008345,None,0.723624,0.723624,7.540134,7.540134,0.010431,0.000000,0.000000,0.000000,0.021969,0.004394
3660,40.627520,0,0.000000,0.000000,0.000000,0.044337,0.000000,0.044337,0.008867,None,3.518425,3.518425,9.413076,9.413076,0.011084,0.000000,0.000000,0.000000,0.022116,0.004423
3660,40.627520,1,0.000000,0.000000,0.000000,0.000570,0.000000,0.000570,0.000114,None,3.267561,3.390848,6.029342,6.029342,0.000143,0.000000,0.000000,0.000000,0.022116,0.004423
3660,40.627520,2,0.000000,0.000000,0.000000,0.000008,0.000000,0.000008,0.000002,None,2.275104,5.035469,6.029342,6.029342,0.000002,0.000000,0.000000,0.000000,0.022116,0.004423
3660,40.627520,3,0.000000,0.000000,0.000000,0.043547,0.000000,0.043547,0.008709,None,0.767918,0.767918,7.556923,7.556923,0.010887,0.000000,0.000000,0.000000,0.022116,0.004423
3670,40.738530,0,0.000000,0.000000,0.000000,0.044355,0.000000,0.044355,0.008871,None,3.584390,3.584390,9.530922,9.530922,0.011089,0.000000,0.000000,0.000000,0.031261,0.006252
3670,40.738530,1,0.000000,0.000000,0.000000,0.009475,0.000000,0.009475,0.001895,None,3.299816,3.354948,6.329962,6.329962,0.002369,0.000000,0.000000,0.000000,0.031261,0.006252
3670,40.738530,2,0.000000,0.000000,0.000000,0.027104,0.000000,0.027104,0.005421,None,2.481349,4.885938,6.329962,6.329962,0.006776,0.000000,0.000000,0.000000,0.031261,0.006252
3670,40.738530,3,0.000000,0.000000,0.000000,0.044109,0.000000,0.044109,0.008822,None,0.735122,0.735122,7.238416,7.238416,0.011027,0.000000,0.000000,0.000000,0.031261,0.006252
3680,40.849540,0,0.000000,0.000000,0.000000,0.044360,0.000000,0.044360,0.008872,None,3.652331,3.652331,9.625999,9.625999,0.011090,0.000000,0.000000,0.000000,0.040330,0.008066
3680,40.849540,1,0.000000,0.000000,0.000000,0.033599,0.000000,0.033599,0.006720,None,3.095623,3.095623,6.878075,6.878075,0.008400,0.000000,0.000000,0.000000,0.040330,0.008066
3680,40.849540,2,0.000000,0.000000,0.000000,0.039082,0.000000,0.039082,0.007816,None,2.739313,4.718740,6.878075,6.878075,0.009770,0.000000,0.000000,0.000000,0.040330,0.008066
3680,40.849540,3,0.000000,0.000000,0.000000,0.044281,0.000000,0.044281,0.008856,None,0.721907,0.721907,6.883113,6.883113,0.011070,0.000000,0.000000,0.000000,0.040330,0.008066
3690,40.960540,0,0.000000,0.000000,0.000000,0.044366,0.000000,0.044366,0.008873,None,3.722187,3.722187,9.697315,9.697315,0.011091,0.000000,0.000000,0.000000,0.043127,0.008625
3690,40.960540,1,0.000000,0.000000,0.000000,0.041040,0.000000,0.041040,0.008208,None,2.909966,2.909966,7.184489,7.184489,0.010260,0.000000,0.000000,0.000000,0.043127,0.008625
3690,40.960540,2,0.000000,0.000000,0.000000,0.042773,0.000000,0.042773,0.008555,None,2.804092,4.588893,6.677216,6.677216,0.010693,0.000000,0.000000,0.000000,0.043127,0.008625
3690,40.960540,3,0.000000,0.000000,0.000000,0.044328,0.000000,0.044328,0.008866,None,0.715807,0.715807,6.677216,6.677216,0.011082,0.000000,0.000000,0.000000,0.043127,0.008625
3700,41.071550,0,0.000000,0.000000,0.000000,0.044371,0.000000,0.044371,0.008874,None,3.790275,3.793927,9.669277,9.669277,0.011093,0.000000,0.000000,0.000000,0.043990,0.008798
3700,41.071550,1,0.000000,0.000000,0.000000,0.043329,0.000000,0.043329,0.008666,None,2.784704,2.784704,7.318707,7.318707,0.010832,0.000000,0.000000,0.000000,0.043990,0.008798
3700,41.071550,2,0.000000,0.000000,0.000000,0.043914,0.000000,0.043914,0.008783,None,2.722454,4.474151,6.535745,6.535745,0.010978,0.000000,0.000000,0.000000,0.043990,0.008798
3700,41.071550,3,0.000000,0.000000,0.000000,0.044346,0.000000,0.044346,0.008869,None,0.713496,0.713496,6.535745,6.535745,0.011087,0.000000,0.000000,0.000000,0.043990,0.008798
3710,41.182560,0,0.000000,0.000000,0.000000,0.044369,0.000000,0.044369,0.008874,None,3.802396,3.867405,9.546471,9.546471,0.011092,0.000000,0.000000,0.000000,0.044254,0.008851
3710,41.182560,1,0.000000,0.000000,0.000000,0.044035,0.000000,0.044035,0.008807,None,2.681147,2.681147,7.402529,7.402529,0.011009,0.000000,0.000000,0.000000,0.044254,0.008851
3710,41.182560,2,0.000000,0.000000,0.000000,0.044265,0.000000,0.044265,0.008853,None,2.659432,4.364470,6.415374,6.415374,0.011066,0.000000,0.000000,0.000000,0.044254,0.008851
3710,41.182560,3,0.000000,0.000000,0.000000,0.044346,0.000000,0.044346,0.008869,None,0.714306,0.714306,6.415374,6.415374,0.011086,0.000000,0.000000,0.000000,0.044254,0.008851
3720,41.293570,0,0.000000,0.000000,0.000000,0.044373,0.000000,0.044373,0.008875,None,3.814349,3.942701,9.416005,9.416005,0.011093,0.000000,0.000000,0.000000,0.044339,0.008868
3720,41.293570,1,0.000000,0.000000,0.000000,0.044254,0.000000,0.044254,0.008851,None,2.586947,2.586947,7.489577,7.489577,0.011064,0.000000,0.000000,0.000000,0.044339,0.008868
3720,41.293570,2,0.000000,0.000000,0.000000,0.044377,0.000000,0.044377,0.008875,None,2.601942,4.256927,6.301723,6.301723,0.011094,0.000000,0.000000,0.000000,0.044339,0.008868
3720,41.293570,3,0.000000,0.000000,0.000000,0.044353,0.000000,0.044353,0.008871,None,0.718164,0.718164,6.301723,6.301723,0.011088,0.000000,0.000000,0.000000,0.044339,0.008868
3730,41.404580,0,0.000000,0.000000,0.000000,0.044372,0.000000,0.044372,0.008874,None,3.826037,4.019752,9.255507,9.255507,0.011093,0.000000,0.000000,0.000000,0.044366,0.008873
3730,41.404580,1,0.000000,0.000000,0.000000,0.044327,0.000000,0.044327,0.008865,None,2.519971,2.519971,7.568604,7.568604,0.011082,0.000000,0.000000,0.000000,0.044366,0.008873
3730,41.404580,2,0.000000,0.000000,0.000000,0.044406,0.000000,0.044406,0.008881,None,2.545970,4.150568,6.190575,6.190575,0.011102,0.000000,0.000000,0.000000,0.044366,0.008873
3730,41.404580,3,0.000000,0.000000,0.000000,0.044359,0.000000,0.044359,0.008872,None,0.724973,0.724973,6.190575,6.190575,0.011090,0.000000,0.000000,0.000000,0.044366,0.008873
3740,41.515580,0,0.000000,0.000000,0.000000,0.044371,0.000000,0.044371,0.008874,None,3.837531,4.098473,9.074339,9.074339,0.011093,0.000000,0.000000,0.000000,0.044372,0.008874
3740,41.515580,1,0.000000,0.000000,0.000000,0.044344,0.000000,0.044344,0.008869,None,2.472204,2.472204,7.640196,7.640196,0.011086,0.000000,0.000000,0.000000,0.044372,0.008874
3740,41.515580,2,0.000000,0.000000,0.000000,0.044419,0.000000,0.044419,0.008884,None,2.490572,4.045335,6.081175,6.081175,0.011105,0.000000,0.000000,0.000000,0.044372,0.008874
3740,41.515580,3,0.000000,0.000000,0.000000,0.044356,0.000000,0.044356,0.008871,None,0.734466,0.734466,6.081175,6.081175,0.011089,0.000000,0.000000,0.000000,0.044372,0.008874
3750,41.626590,0,0.000000,0.000000,0.000000,0.044370,0.000000,0.044370,0.008874,None,3.848837,4.178838,8.886355,8.886355,0.011093,0.000000,0.000000,0.000000,0.044374,0.008875
3750,41.626590,1,0.000000,0.000000,0.000000,0.044348,0.000000,0.044348,0.008870,None,2.431372,2.431372,7.716565,7.716565,0.011087,0.000000,0.000000,0.000000,0.044374,0.008875
3750,41.626590,2,0.000000,0.000000,0.000000,0.044425,0.000000,0.044425,0.008885,None,2.435482,3.941171,5.973012,5.973012,0.011106,0.000000,0.000000,0.000000,0.044374,0.008875
3750,41.626590,3,0.000000,0.000000,0.000000,0.044351,0.000000,0.044351,0.008870,None,0.746948,0.746948,5.973012,5.973012,0.011088,0.000000,0.000000,0.000000,0.044374,0.008875
3760,41.737600,0,0.000000,0.000000,0.000000,0.044366,0.000000,0.044366,0.008873,None,3.860061,4.260749,8.696097,8.696097,0.011091,0.000000,0.000000,0.000000,0.044374,0.008875
3760,41.737600,1,0.000000,0.000000,0.000000,0.044348,0.000000,0.044348,0.008870,None,2.394079,2.394079,7.798260,7.798260,0.011087,0.000000,0.000000,0.000000,0.044374,0.008875
3760,41.737600,2,0.000000,0.000000,0.000000,0.044429,0.000000,0.044429,0.008886,None,2.380828,3.838232,5.866484,5.866484,0.011107,0.000000,0.000000,0.000000,0.044374,0.008875
3760,41.737600,3,0.000000,0.000000,0.000000,0.044355,0.000000,0.044355,0.008871,None,0.762123,0.762123,5.866484,5.866484,0.011089,0.000000,0.000000,0.000000,0.044374,0.008875
3770,41.848610,0,0.000000,0.000000,0.000000,0.044370,0.000000,0.044370,0.008874,None,3.871105,4.344196,8.503321,8.503321,0.011092,0.000000,0.000000,0.000000,0.044374,0.008875
3770,41.848610,1,0.000000,0.000000,0.000000,0.044352,0.000000,0.044352,0.008870,None,2.360347,2.360347,7.885119,7.885119,0.011088,0.000000,0.000000,0.000000,0.044374,0.008875
3770,41.848610,2,0.000000,0.000000,0.000000,0.044423,0.000000,0.044423,0.008885,None,2.326478,3.736627,5.761220,5.761220,0.011106,0.000000,0.000000,0.000000,0.044374,0.008875
3770,41.848610,3,0.000000,0.000000,0.000000,0.044350,0.000000,0.044350,0.008870,None,0.780251,0.780251,5.761220,5.761220,0.011087,0.000000,0.000000,0.000000,0.044374,0.008875
3780,41.959610,0,0.000000,0.000000,0.000000,0.044372,0.000000,0.044372,0.008874,None,3.785064,4.429175,8.308465,8.308465,0.011093,0.000000,0.000000,0.000000,0.044373,0.008875
3780,41.959610,1,0.000000,0.000000,0.000000,0.044350,0.000000,0.044350,0.008870,None,2.330309,2.330309,7.976863,7.976863,0.011087,0.000000,0.000000,0.000000,0.044373,0.008875
3780,41.959610,2,0.000000,0.000000,0.000000,0.044422,0.000000,0.044422,0.008884,None,2.272544,3.636200,5.657423,5.657423,0.011105,0.000000,0.000000,0.000000,0.044373,0.008875
3780,41.959610,3,0.000000,0.000000,0.000000,0.044346,0.000000,0.044346,0.008869,None,0.801368,0.801368,5.657423,5.657423,0.011087,0.000000,0.000000,0.000000,0.044373,0.008875
3790,42.070620,0,0.000000,0.000000,0.000000,0.044371,0.000000,0.044371,0.008874,None,3.690505,4.515570,8.112643,8.112643,0.011093,0.000000,0.000000,0.000000,0.044374,0.008875
3790,42.070620,1,0.000000,0.000000,0.000000,0.044352,0.000000,0.044352,0.008870,None,2.303156,2.303156,8.073014,8.073014,0.011088,0.000000,0.000000,0.000000,0.044374,0.008875
3790,42.070620,2,0.000000,0.000000,0.000000,0.044426,0.000000,0.044426,0.008885,None,2.220101,3.536662,5.556539,5.556539,0.011107,0.000000,0.000000,0.000000,0.044374,0.008875
3790,42.070620,3,0.000000,0.000000,0.000000,0.044348,0.000000,0.044348,0.008870,None,0.825450,0.825450,5.556539,5.556539,0.011087,0.000000,0.000000,0.000000,0.044374,0.008875
3800,42.181630,0,0.000000,0.000000,0.000000,0.044370,0.000000,0.044370,0.008874,None,3.596124,4.603045,7.916312,7.916312,0.011093,0.000000,0.000000,0.000000,0.043142,0.008628
3800,42.181630,1,0.000000,0.000000,0.000000,0.044344,0.000000,0.044344,0.008869,None,2.278854,2.278854,7.916312,7.916312,0.011086,0.000000,0.000000,0.000000,0.043142,0.008628
3800,42.181630,2,0.000000,0.000000,0.000000,0.044427,0.000000,0.044427,0.008885,None,2.190040,3.430367,5.489049,5.489049,0.011107,0.000000,0.000000,0.000000,0.043142,0.008628
3800,42.181630,3,0.000000,0.000000,0.000000,0.039427,0.000000,0.039427,0.007885,None,0.849714,0.849714,5.489049,5.489049,0.009857,0.000000,0.000000,0.000000,0.043142,0.008628
3810,42.292640,0,0.000000,0.000000,0.000000,0.044377,0.000000,0.044377,0.008875,None,3.501866,4.691557,7.719325,7.719325,0.011094,0.000000,0.000000,0.000000,0.030704,0.006141
3810,42.292640,1,0.000000,0.000000,0.000000,0.044349,0.000000,0.044349,0.008870,None,2.257240,2.257240,7.719325,7.719325,0.011087,0.000000,0.000000,0.000000,0.030704,0.006141
3810,42.292640,2,0.000000,0.000000,0.000000,0.021932,0.000000,0.021932,0.004386,None,2.205379,3.385679,5.483006,5.483006,0.005483,0.000000,0.000000,0.000000,0.030704,0.006141
3810,42.292640,3,0.000000,0.000000,0.000000,0.012157,0.000000,0.012157,0.002431,None,0.849714,0.849714,5.483006,5.483006,0.003039,0.000000,0.000000,0.000000,0.030704,0.006141
3820,42.403640,0,0.000000,0.000000,0.000000,0.044376,0.000000,0.044376,0.008875,None,3.407286,4.781560,7.521928,7.521928,0.011094,0.000000,0.000000,0.000000,0.029750,0.005950
3820,42.403640,1,0.000000,0.000000,0.000000,0.044347,0.000000,0.044347,0.008869,None,2.238250,2.238250,7.521928,7.521928,0.011087,0.000000,0.000000,0.000000,0.029750,0.005950
3820,42.403640,2,0.000000,0.000000,0.000000,0.026529,0.000000,0.026529,0.005306,None,2.191821,3.331254,5.469856,5.469856,0.006632,0.000000,0.000000,0.000000,0.029750,0.005950
3820,42.403640,3,0.000000,0.000000,0.000000,0.003748,0.000000,0.003748,0.000750,None,0.849714,0.849714,5.469856,5.469856,0.000937,0.000000,0.000000,0.000000,0.029750,0.005950
3830,42.514650,0,0.000000,0.000000,0.000000,0.044383,0.000000,0.044383,0.008877,None,3.312725,4.872567,7.323977,7.323977,0.011096,0.000000,0.000000,0.000000,0.032203,0.006441
3830,42.514650,1,0.000000,0.000000,0.000000,0.044349,0.000000,0.044349,0.008870,None,2.222123,2.222123,7.323977,7.323977,0.011087,0.000000,0.000000,0.000000,0.032203,0.006441
3830,42.514650,2,0.000000,0.000000,0.000000,0.038923,0.000000,0.038923,0.007785,None,2.173491,3.218971,5.458368,5.458368,0.009731,0.000000,0.000000,0.000000,0.032203,0.006441
3830,42.514650,3,0.000000,0.000000,0.000000,0.001156,0.000000,0.001156,0.000231,None,0.849714,0.849714,5.458368,5.458368,0.000289,0.000000,0.000000,0.000000,0.032203,0.006441
3840,42.625660,0,0.000000,0.000000,0.000000,0.044376,0.000000,0.044376,0.008875,None,3.219231,4.963740,7.126575,7.126575,0.011094,0.000000,0.000000,0.000000,0.032954,0.006591
3840,42.625660,1,0.000000,0.000000,0.000000,0.044344,0.000000,0.044344,0.008869,None,2.208636,2.208636,7.126575,7.126575,0.011086,0.000000,0.000000,0.000000,0.032954,0.006591
3840,42.625660,2,0.000000,0.000000,0.000000,0.042742,0.000000,0.042742,0.008548,None,2.178550,3.102972,5.467162,5.467162,0.010686,0.000000,0.000000,0.000000,0.032954,0.006591
3840,42.625660,3,0.000000,0.000000,0.000000,0.000355,0.000000,0.000355,0.000071,None,0.849714,0.849714,5.467162,5.467162,0.000089,0.000000,0.000000,0.000000,0.032954,0.006591
3850,42.736670,0,0.000000,0.000000,0.000000,0.044381,0.000000,0.044381,0.008876,None,3.125904,5.055209,6.928290,6.928290,0.011095,0.000000,0.000000,0.000000,0.038804,0.007761
3850,42.736670,1,0.000000,0.000000,0.000000,0.044351,0.000000,0.044351,0.008870,None,2.198024,2.198024,6.928290,6.928290,0.011088,0.000000,0.000000,0.000000,0.038804,0.007761
3850,42.736670,2,0.000000,0.000000,0.000000,0.043923,0.000000,0.043923,0.008785,None,2.189619,2.986427,5.357974,5.357974,0.010981,0.000000,0.000000,0.000000,0.038804,0.007761
3850,42.736670,3,0.000000,0.000000,0.000000,0.022561,0.000000,0.022561,0.004512,None,0.978415,0.978415,5.357974,5.357974,0.005640,0.000000,0.000000,0.000000,0.038804,0.007761
3860,42.847680,0,0.000000,0.000000,0.000000,0.019475,0.000000,0.019475,0.003895,None,3.097401,5.082784,6.807167,6.807167,0.004869,0.000000,0.000000,0.000000,0.036435,0.007287
3860,42.847680,1,0.000000,0.000000,0.000000,0.044353,0.000000,0.044353,0.008871,None,2.190144,2.190144,6.807167,6.807167,0.011088,0.000000,0.000000,0.000000,0.036435,0.007287
3860,42.847680,2,0.000000,0.000000,0.000000,0.044288,0.000000,0.044288,0.008858,None,2.199254,2.870219,5.164480,5.164480,0.011072,0.000000,0.000000,0.000000,0.036435,0.007287
3860,42.847680,3,0.000000,0.000000,0.000000,0.037623,0.000000,0.037623,0.007525,None,1.202555,1.202555,5.164480,5.164480,0.009406,0.000000,0.000000,0.000000,0.036435,0.007287
3870,42.958680,0,0.000000,0.000000,0.000000,0.006005,0.000000,0.006005,0.001201,None,3.074219,5.082784,6.718236,6.718236,0.001501,0.000000,0.000000,0.000000,0.034253,0.006851
3870,42.958680,1,0.000000,0.000000,0.000000,0.044351,0.000000,0.044351,0.008870,None,2.185026,2.185026,6.718236,6.718236,0.011088,0.000000,0.000000,0.000000,0.034253,0.006851
3870,42.958680,2,0.000000,0.000000,0.000000,0.044394,0.000000,0.044394,0.008879,None,2.211904,2.754712,5.073865,5.073865,0.011099,0.000000,0.000000,0.000000,0.034253,0.006851
3870,42.958680,3,0.000000,0.000000,0.000000,0.042263,0.000000,0.042263,0.008453,None,1.334006,1.334006,5.073865,5.073865,0.010566,0.000000,0.000000,0.000000,0.034253,0.006851
3880,43.069690,0,0.000000,0.000000,0.000000,0.001851,0.000000,0.001851,0.000370,None,3.041235,5.082784,6.628227,6.628227,0.000463,0.000000,0.000000,0.000000,0.033581,0.006716
3880,43.069690,1,0.000000,0.000000,0.000000,0.044350,0.000000,0.044350,0.008870,None,2.182718,2.182718,6.628227,6.628227,0.011088,0.000000,0.000000,0.000000,0.033581,0.006716
3880,43.069690,2,0.000000,0.000000,0.000000,0.044427,0.000000,0.044427,0.008885,None,2.229272,2.639689,5.038201,5.038201,0.011107,0.000000,0.000000,0.000000,0.033581,0.006716
3880,43.069690,3,0.000000,0.000000,0.000000,0.043695,0.000000,0.043695,0.008739,None,1.420606,1.420606,5.038201,5.038201,0.010924,0.000000,0.000000,0.000000,0.033581,0.006716
3890,43.180700,0,0.000000,0.000000,0.000000,0.000570,0.000000,0.000570,0.000114,None,3.004881,5.082784,6.537147,6.537147,0.000143,0.000000,0.000000,0.000000,0.033377,0.006675
3890,43.180700,1,0.000000,0.000000,0.000000,0.044354,0.000000,0.044354,0.008871,None,2.183100,2.183100,6.537147,6.537147,0.011088,0.000000,0.000000,0.000000,0.033377,0.006675
3890,43.180700,2,0.000000,0.000000,0.000000,0.044441,0.000000,0.044441,0.008888,None,2.252058,2.524923,5.026390,5.026390,0.011110,0.000000,0.000000,0.000000,0.033377,0.006675
3890,43.180700,3,0.000000,0.000000,0.000000,0.044141,0.000000,0.044141,0.008828,None,1.493560,1.493560,5.026390,5.026390,0.011035,0.000000,0.000000,0.000000,0.033377,0.006675
3900,43.291710,0,0.000000,0.000000,0.000000,0.009476,0.000000,0.009476,0.001895,None,2.950685,5.095483,6.424089,6.424089,0.002369,0.000000,0.000000,0.000000,0.035636,0.007127
3900,43.291710,1,0.000000,0.000000,0.000000,0.044353,0.000000,0.044353,0.008871,None,2.186243,2.186243,6.424089,6.424089,0.011088,0.000000,0.000000,0.000000,0.035636,0.007127
3900,43.291710,2,0.000000,0.000000,0.000000,0.044445,0.000000,0.044445,0.008889,None,2.280542,2.410669,5.026918,5.026918,0.011111,0.000000,0.000000,0.000000,0.035636,0.007127
3900,43.291710,3,0.000000,0.000000,0.000000,0.044273,0.000000,0.044273,0.008855,None,1.562234,1.562234,5.026918,5.026918,0.011068,0.000000,0.000000,0.000000,0.035636,0.007127
3910,43.402710,0,0.000000,0.000000,0.000000,0.033609,0.000000,0.033609,0.006722,None,2.858603,5.152975,6.226005,6.226005,0.008402,0.000000,0.000000,0.000000,0.041680,0.008336
3910,43.402710,1,0.000000,0.000000,0.000000,0.044354,0.000000,0.044354,0.008871,None,2.192248,2.192248,6.226005,6.226005,0.011089,0.000000,0.000000,0.000000,0.041680,0.008336
3910,43.402710,2,0.000000,0.000000,0.000000,0.044442,0.000000,0.044442,0.008888,None,2.297172,2.297172,5.036167,5.036167,0.011110,0.000000,0.000000,0.000000,0.041680,0.008336
3910,43.402710,3,0.000000,0.000000,0.000000,0.044314,0.000000,0.044314,0.008863,None,1.608655,1.608655,5.036167,5.036167,0.011079,0.000000,0.000000,0.000000,0.041680,0.008336
3920,43.513720,0,0.000000,0.000000,0.000000,0.041050,0.000000,0.041050,0.008210,None,2.762537,5.225474,6.019637,6.019637,0.010263,0.000000,0.000000,0.000000,0.043542,0.008708
3920,43.513720,1,0.000000,0.000000,0.000000,0.044351,0.000000,0.044351,0.008870,None,2.201138,2.201138,6.019637,6.019637,0.011088,0.000000,0.000000,0.000000,0.043542,0.008708
3920,43.513720,2,0.000000,0.000000,0.000000,0.044443,0.000000,0.044443,0.008889,None,2.184326,2.184326,5.052952,5.052952,0.011111,0.000000,0.000000,0.000000,0.043542,0.008708
3920,43.513720,3,0.000000,0.000000,0.000000,0.044324,0.000000,0.044324,0.008865,None,1.655084,1.655084,5.052952,5.052952,0.011081,0.000000,0.000000,0.000000,0.043542,0.008708
3930,43.624730,0,0.000000,0.000000,0.000000,0.043340,0.000000,0.043340,0.008668,None,2.672097,5.307134,5.877678,5.877678,0.010835,0.000000,0.000000,0.000000,0.037894,0.007579
3930,43.624730,1,0.000000,0.000000,0.000000,0.019463,0.000000,0.019463,0.003893,None,2.204374,2.204374,5.877678,5.877678,0.004866,0.000000,0.000000,0.000000,0.037894,0.007579
3930,43.624730,2,0.000000,0.000000,0.000000,0.044438,0.000000,0.044438,0.008888,None,2.072375,2.072375,5.076388,5.076388,0.011109,0.000000,0.000000,0.000000,0.037894,0.007579
3930,43.624730,3,0.000000,0.000000,0.000000,0.044334,0.000000,0.044334,0.008867,None,1.701618,1.701618,5.076388,5.076388,0.011083,0.000000,0.000000,0.000000,0.037894,0.007579
3940,43.735740,0,0.000000,0.000000,0.000000,0.044049,0.000000,0.044049,0.008810,None,2.601880,5.392494,5.764559,5.764559,0.011012,0.000000,0.000000,0.000000,0.031409,0.006282
3940,43.735740,1,0.000000,0.000000,0.000000,0.006001,0.000000,0.006001,0.001200,None,2.204374,2.204374,5.764559,5.764559,0.001500,0.000000,0.000000,0.000000,0.031409,0.006282
3940,43.735740,2,0.000000,0.000000,0.000000,0.044441,0.000000,0.044441,0.008888,None,1.961085,1.961085,5.118922,5.118922,0.011110,0.000000,0.000000,0.000000,0.031409,0.006282
3940,43.735740,3,0.000000,0.000000,0.000000,0.031144,0.000000,0.031144,0.006229,None,1.735696,1.735696,5.118922,5.118922,0.007786,0.000000,0.000000,0.000000,0.031409,0.006282
3950,43.846740,0,0.000000,0.000000,0.000000,0.044267,0.000000,0.044267,0.008853,None,2.538977,5.479735,5.652035,5.652035,0.011067,0.000000,0.000000,0.000000,0.025041,0.005008
3950,43.846740,1,0.000000,0.000000,0.000000,0.001850,0.000000,0.001850,0.000370,None,2.204374,2.204374,5.652035,5.652035,0.000463,0.000000,0.000000,0.000000,0.025041,0.005008
3950,43.846740,2,0.000000,0.000000,0.000000,0.044443,0.000000,0.044443,0.008889,None,1.850574,1.850574,5.195420,5.195420,0.011111,0.000000,0.000000,0.000000,0.025041,0.005008
3950,43.846740,3,0.000000,0.000000,0.000000,0.009604,0.000000,0.009604,0.001921,None,1.735696,1.735696,5.195420,5.195420,0.002401,0.000000,0.000000,0.000000,0.025041,0.005008
3960,43.957750,0,0.000000,0.000000,0.000000,0.044339,0.000000,0.044339,0.008868,None,2.478467,5.568534,5.540119,5.540119,0.011085,0.000000,0.000000,0.000000,0.028689,0.005738
3960,43.957750,1,0.000000,0.000000,0.000000,0.000570,0.000000,0.000570,0.000114,None,2.204374,2.204374,5.540119,5.540119,0.000143,0.000000,0.000000,0.000000,0.028689,0.005738
3960,43.957750,2,0.000000,0.000000,0.000000,0.044437,0.000000,0.044437,0.008887,None,1.741160,1.741160,5.218995,5.218995,0.011109,0.000000,0.000000,0.000000,0.028689,0.005738
3960,43.957750,3,0.000000,0.000000,0.000000,0.025409,0.000000,0.025409,0.005082,None,1.775093,1.775093,5.218995,5.218995,0.006352,0.000000,0.000000,0.000000,0.028689,0.005738
3970,44.068760,0,0.000000,0.000000,0.000000,0.044357,0.000000,0.044357,0.008871,None,2.405979,5.658678,5.454382,5.454382,0.011089,0.000000,0.000000,0.000000,0.039116,0.007823
3970,44.068760,1,0.000000,0.000000,0.000000,0.029171,0.000000,0.029171,0.005834,None,2.086950,2.086950,5.454382,5.454382,0.007293,0.000000,0.000000,0.000000,0.039116,0.007823
3970,44.068760,2,0.000000,0.000000,0.000000,0.044436,0.000000,0.044436,0.008887,None,1.632760,1.632760,5.202183,5.202183,0.011109,0.000000,0.000000,0.000000,0.039116,0.007823
3970,44.068760,3,0.000000,0.000000,0.000000,0.038501,0.000000,0.038501,0.007700,None,1.826172,1.844680,5.202183,5.202183,0.009625,0.000000,0.000000,0.000000,0.039116,0.007823
3980,44.179770,0,0.000000,0.000000,0.000000,0.044367,0.000000,0.044367,0.008873,None,2.318764,5.750205,5.333889,5.333889,0.011092,0.000000,0.000000,0.000000,0.042759,0.008552
3980,44.179770,1,0.000000,0.000000,0.000000,0.039694,0.000000,0.039694,0.007939,None,2.002294,2.002294,5.333889,5.333889,0.009924,0.000000,0.000000,0.000000,0.042759,0.008552
3980,44.179770,2,0.000000,0.000000,0.000000,0.044438,0.000000,0.044438,0.008888,None,1.525221,1.525221,5.218020,5.218020,0.011110,0.000000,0.000000,0.000000,0.042759,0.008552
3980,44.179770,3,0.000000,0.000000,0.000000,0.042538,0.000000,0.042538,0.008508,None,1.783149,1.911787,5.218020,5.218020,0.010635,0.000000,0.000000,0.000000,0.042759,0.008552
3990,44.290780,0,0.000000,0.000000,0.000000,0.044370,0.000000,0.044370,0.008874,None,2.227427,5.843013,5.163535,5.163535,0.011093,0.000000,0.000000,0.000000,0.043881,0.008776
3990,44.290780,1,0.000000,0.000000,0.000000,0.042934,0.000000,0.042934,0.008587,None,1.978091,1.978091,5.163535,5.163535,0.010734,0.000000,0.000000,0.000000,0.043881,0.008776
3990,44.290780,2,0.000000,0.000000,0.000000,0.044437,0.000000,0.044437,0.008887,None,1.418933,1.418933,5.254399,5.254399,0.011109,0.000000,0.000000,0.000000,0.043881,0.008776
3990,44.290780,3,0.000000,0.000000,0.000000,0.043783,0.000000,0.043783,0.008757,None,1.760846,1.978316,5.254399,5.254399,0.010946,0.000000,0.000000,0.000000,0.043881,0.008776
4000,44.401780,0,0.000000,0.000000,0.000000,0.044372,0.000000,0.044372,0.008874,None,2.135230,5.937117,4.978210,4.978210,0.011093,0.000000,0.000000,0.000000,0.044227,0.008845
4000,44.401780,1,0.000000,0.000000,0.000000,0.043932,0.000000,0.043932,0.008786,None,1.975280,1.975280,4.978210,4.978210,0.010983,0.000000,0.000000,0.000000,0.044227,0.008845
4000,44.401780,2,0.000000,0.000000,0.000000,0.044435,0.000000,0.044435,0.008887,None,1.313845,1.313845,5.301220,5.301220,0.011109,0.000000,0.000000,0.000000,0.044227,0.008845
4000,44.401780,3,0.000000,0.000000,0.000000,0.044168,0.000000,0.044168,0.008834,None,1.748727,2.045982,5.301220,5.301220,0.011042,0.000000,0.000000,0.000000,0.044227,0.008845
4010,44.512790,0,0.000000,0.000000,0.000000,0.044374,0.000000,0.044374,0.008875,None,2.043469,6.032476,4.791046,4.791046,0.011094,0.000000,0.000000,0.000000,0.044335,0.008867
4010,44.512790,1,0.000000,0.000000,0.000000,0.044244,0.000000,0.044244,0.008849,None,1.979716,1.979716,4.791046,4.791046,0.011061,0.000000,0.000000,0.000000,0.044335,0.008867
4010,44.512790,2,0.000000,0.000000,0.000000,0.044435,0.000000,0.044435,0.008887,None,1.209876,1.209876,5.354068,5.354068,0.011109,0.000000,0.000000,0.000000,0.044335,0.008867
4010,44.512790,3,0.000000,0.000000,0.000000,0.044287,0.000000,0.044287,0.008857,None,1.742642,2.115453,5.354068,5.354068,0.011072,0.000000,0.000000,0.000000,0.044335,0.008867
4020,44.623800,0,0.000000,0.000000,0.000000,0.044372,0.000000,0.044372,0.008874,None,1.952544,6.129031,4.605491,4.605491,0.011093,0.000000,0.000000,0.000000,0.044366,0.008873
4020,44.623800,1,0.000000,0.000000,0.000000,0.044338,0.000000,0.044338,0.008868,None,1.987874,1.987874,4.605491,4.605491,0.011084,0.000000,0.000000,0.000000,0.044366,0.008873
4020,44.623800,2,0.000000,0.000000,0.000000,0.044432,0.000000,0.044432,0.008886,None,1.107410,1.107410,5.410770,5.410770,0.011108,0.000000,0.000000,0.000000,0.044366,0.008873
4020,44.623800,3,0.000000,0.000000,0.000000,0.044322,0.000000,0.044322,0.008864,None,1.740935,2.186931,5.410770,5.410770,0.011081,0.000000,0.000000,0.000000,0.044366,0.008873
4030,44.734810,0,0.000000,0.000000,0.000000,0.044372,0.000000,0.044372,0.008874,None,1.862746,6.133027,4.423006,4.423006,0.011093,0.000000,0.000000,0.000000,0.042049,0.008410
4030,44.734810,1,0.000000,0.000000,0.000000,0.044365,0.000000,0.044365,0.008873,None,1.998857,1.998857,4.423006,4.423006,0.011091,0.000000,0.000000,0.000000,0.042049,0.008410
4030,44.734810,2,0.000000,0.000000,0.000000,0.035118,0.000000,0.035118,0.007024,None,1.026299,1.026299,5.449036,5.449036,0.008779,0.000000,0.000000,0.000000,0.042049,0.008410
4030,44.734810,3,0.000000,0.000000,0.000000,0.044341,0.000000,0.044341,0.008868,None,1.741489,2.260473,5.449036,5.449036,0.011085,0.000000,0.000000,0.000000,0.042049,0.008410
4040,44.845810,0,0.000000,0.000000,0.000000,0.044369,0.000000,0.044369,0.008874,None,1.774394,6.103888,4.244014,4.244014,0.011092,0.000000,0.000000,0.000000,0.042210,0.008442
4040,44.845810,1,0.000000,0.000000,0.000000,0.044372,0.000000,0.044372,0.008874,None,2.012725,2.012725,4.244014,4.244014,0.011093,0.000000,0.000000,0.000000,0.042210,0.008442
4040,44.845810,2,0.000000,0.000000,0.000000,0.035764,0.000000,0.035764,0.007153,None,0.957106,0.957106,5.467335,5.467335,0.008941,0.000000,0.000000,0.000000,0.042210,0.008442
4040,44.845810,3,0.000000,0.000000,0.000000,0.044336,0.000000,0.044336,0.008867,None,1.732587,2.335994,5.467335,5.467335,0.011084,0.000000,0.000000,0.000000,0.042210,0.008442
4050,44.956820,0,0.000000,0.000000,0.000000,0.027716,0.000000,0.027716,0.005543,None,1.724425,6.087631,4.104550,4.104550,0.006929,0.000000,0.000000,0.000000,0.039550,0.007910
4050,44.956820,1,0.000000,0.000000,0.000000,0.044385,0.000000,0.044385,0.008877,None,2.029309,2.029309,4.104550,4.104550,0.011096,0.000000,0.000000,0.000000,0.039550,0.007910
4050,44.956820,2,0.000000,0.000000,0.000000,0.041760,0.000000,0.041760,0.008352,None,0.860229,0.860229,5.517959,5.517959,0.010440,0.000000,0.000000,0.000000,0.039550,0.007910
4050,44.956820,3,0.000000,0.000000,0.000000,0.044339,0.000000,0.044339,0.008868,None,1.735471,2.413486,5.517959,5.517959,0.011085,0.000000,0.000000,0.000000,0.039550,0.007910
4060,45.067830,0,0.000000,0.000000,0.000000,0.037537,0.000000,0.037537,0.007507,None,1.633204,6.062433,3.939551,3.939551,0.009384,0.000000,0.000000,0.000000,0.042470,0.008494
4060,45.067830,1,0.000000,0.000000,0.000000,0.044386,0.000000,0.044386,0.008877,None,2.048737,2.048737,3.939551,3.939551,0.011096,0.000000,0.000000,0.000000,0.042470,0.008494
4060,45.067830,2,0.000000,0.000000,0.000000,0.043613,0.000000,0.043613,0.008723,None,0.764301,0.764301,5.570447,5.570447,0.010903,0.000000,0.000000,0.000000,0.042470,0.008494
4060,45.067830,3,0.000000,0.000000,0.000000,0.044343,0.000000,0.044343,0.008869,None,1.744520,2.492918,5.570447,5.570447,0.011086,0.000000,0.000000,0.000000,0.042470,0.008494
4070,45.178840,0,0.000000,0.000000,0.000000,0.042272,0.000000,0.042272,0.008454,None,1.544491,6.040056,3.771860,3.771860,0.010568,0.000000,0.000000,0.000000,0.043797,0.008759
4070,45.178840,1,0.000000,0.000000,0.000000,0.044388,0.000000,0.044388,0.008878,None,2.006285,2.071050,3.771860,3.771860,0.011097,0.000000,0.000000,0.000000,0.043797,0.008759
4070,45.178840,2,0.000000,0.000000,0.000000,0.044186,0.000000,0.044186,0.008837,None,0.669468,0.669468,5.624777,5.624777,0.011046,0.000000,0.000000,0.000000,0.043797,0.008759
4070,45.178840,3,0.000000,0.000000,0.000000,0.044343,0.000000,0.044343,0.008869,None,1.757204,2.574239,5.624777,5.624777,0.011086,0.000000,0.000000,0.000000,0.043797,0.008759
4080,45.289840,0,0.000000,0.000000,0.000000,0.043736,0.000000,0.043736,0.008747,None,1.461633,6.021444,3.610617,3.610617,0.010934,0.000000,0.000000,0.000000,0.044206,0.008841
4080,45.289840,1,0.000000,0.000000,0.000000,0.044391,0.000000,0.044391,0.008878,None,1.903775,2.096131,3.610617,3.610617,0.011098,0.000000,0.000000,0.000000,0.044206,0.008841
4080,45.289840,2,0.000000,0.000000,0.000000,0.044357,0.000000,0.044357,0.008871,None,0.576423,0.576423,5.665992,5.665992,0.011089,0.000000,0.000000,0.000000,0.044206,0.008841
4080,45.289840,3,0.000000,0.000000,0.000000,0.044341,0.000000,0.044341,0.008868,None,1.772998,2.657284,5.665992,5.665992,0.011085,0.000000,0.000000,0.000000,0.044206,0.008841
4090,45.400850,0,0.000000,0.000000,0.000000,0.044179,0.000000,0.044179,0.008836,None,1.382439,6.005278,3.455953,3.455953,0.011045,0.000000,0.007477,0.000000,0.044329,0.008866
4090,45.400850,1,0.000000,0.000000,0.000000,0.044386,0.000000,0.044386,0.008877,None,1.801620,2.123929,3.455953,3.455953,0.011096,0.000000,0.007477,0.000000,0.044329,0.008866
4090,45.400850,2,0.000000,0.029907,0.000000,0.044410,0.000000,0.044410,0.008882,None,0.485046,0.485046,5.709580,5.709580,0.011102,0.000000,0.007477,0.000000,0.044329,0.008866
4090,45.400850,3,0.000000,0.000000,0.000000,0.044342,0.000000,0.044342,0.008868,None,1.792551,2.741657,5.709580,5.709580,0.011085,0.000000,0.007477,0.000000,0.044329,0.008866
4100,45.511860,0,0.000000,0.000000,0.000000,0.044326,0.000000,0.044326,0.008865,None,1.306216,5.991577,3.308289,3.308289,0.011082,0.000000,0.052280,0.000000,0.044373,0.008875
4100,45.511860,1,0.000000,0.000000,0.000000,0.044388,0.000000,0.044388,0.008878,None,1.700481,2.154446,3.308289,3.308289,0.011097,0.000000,0.052280,0.000000,0.044373,0.008875
4100,45.511860,2,0.000000,0.209120,0.000000,0.044434,0.000000,0.044434,0.008887,None,0.395440,0.395440,5.769196,5.769196,0.011108,0.000000,0.052280,0.000000,0.044373,0.008875
4100,45.511860,3,0.000000,0.000000,0.000000,0.044343,0.000000,0.044343,0.008869,None,1.841451,2.821177,5.769196,5.769196,0.011086,0.000000,0.052280,0.000000,0.044373,0.008875
4110,45.622870,0,0.000000,0.000000,0.000000,0.044360,0.000000,0.044360,0.008872,None,1.233613,5.980752,3.168981,3.168981,0.011090,0.030000,0.096000,0.000000,0.044380,0.020876
4110,45.622870,1,0.000000,0.000000,0.000000,0.044386,0.000000,0.044386,0.008877,None,1.600796,2.187657,3.168981,3.168981,0.011096,0.030000,0.096000,0.000000,0.044380,0.020876
4110,45.622870,2,0.120001,0.384001,0.000000,0.044431,0.000000,0.044431,0.056887,Mixed,0.308000,0.308000,5.846064,5.846064,0.011108,0.030000,0.096000,0.000000,0.044380,0.020876
4110,45.622870,3,0.000000,0.000000,0.000000,0.044344,0.000000,0.044344,0.008869,None,1.921202,2.894895,5.846064,5.846064,0.011086,0.030000,0.096000,0.000000,0.044380,0.020876
4120,45.733880,0,0.000000,0.000000,0.000000,0.044376,0.000000,0.044376,0.008875,None,1.164446,5.972562,3.038434,3.038434,0.011094,0.090933,0.138653,0.000000,0.044384,0.045250
4120,45.733880,1,0.000000,0.000000,0.000000,0.044391,0.000000,0.044391,0.008878,None,1.502736,2.223498,3.038434,3.038434,0.011098,0.090933,0.138653,0.000000,0.044384,0.045250
4120,45.733880,2,0.363730,0.554611,0.000000,0.044429,0.000000,0.044429,0.154378,Wall,0.222694,0.222694,5.934222,5.934222,0.011107,0.090933,0.138653,0.000000,0.044384,0.045250
4120,45.733880,3,0.000000,0.000000,0.000000,0.044338,0.000000,0.044338,0.008868,None,2.016357,2.965128,5.934222,5.934222,0.011085,0.090933,0.138653,0.000000,0.044384,0.045250
4130,45.844880,0,0.000000,0.000000,0.000000,0.044382,0.000000,0.044382,0.008876,None,1.099307,5.967257,2.917854,2.917854,0.011096,0.150432,0.180302,0.000000,0.044384,0.069049
4130,45.844880,1,0.000000,0.000000,0.000000,0.044385,0.000000,0.044385,0.008877,None,1.406811,2.262071,2.917854,2.917854,0.011096,0.150432,0.180302,0.000000,0.044384,0.069049
4130,45.844880,2,0.601727,0.721209,0.000000,0.044429,0.000000,0.044429,0.249576,Wall,0.139396,0.139396,6.016704,6.016704,0.011107,0.150432,0.180302,0.000000,0.044384,0.069049
4130,45.844880,3,0.000000,0.000000,0.000000,0.044340,0.000000,0.044340,0.008868,None,2.119692,3.032881,6.016704,6.016704,0.011085,0.150432,0.180302,0.000000,0.044384,0.069049
4140,45.955890,0,0.000000,0.000000,0.000000,0.044385,0.000000,0.044385,0.008877,None,1.038560,5.964907,2.808022,2.808022,0.011096,0.208222,0.220755,0.000000,0.044385,0.092166
4140,45.955890,1,0.000000,0.000000,0.000000,0.044390,0.000000,0.044390,0.008878,None,1.312996,2.303317,2.808022,2.808022,0.011097,0.208222,0.220755,0.000000,0.044385,0.092166
4140,45.955890,2,0.832886,0.883020,0.000000,0.044422,0.000000,0.044422,0.342039,Wall,0.058490,0.058490,6.107430,6.107430,0.011106,0.208222,0.220755,0.000000,0.044385,0.092166
4140,45.955890,3,0.000000,0.000000,0.000000,0.044343,0.000000,0.044343,0.008869,None,2.228539,3.098428,6.107430,6.107430,0.011086,0.208222,0.220755,0.000000,0.044385,0.092166
4150,46.066900,0,0.000000,0.000000,0.000000,0.044382,0.000000,0.044382,0.008876,None,0.983063,5.965752,2.710250,2.710250,0.011095,0.250000,0.250000,0.000000,0.044386,0.108877
4150,46.066900,1,0.000000,0.000000,0.000000,0.044388,0.000000,0.044388,0.008878,None,1.221762,2.347162,2.710250,2.710250,0.011097,0.250000,0.250000,0.000000,0.044386,0.108877
4150,46.066900,2,1.000000,1.000000,0.000000,0.044429,0.000000,0.044429,0.408886,Wall,-0.020335,-0.020335,6.205863,6.205863,0.011107,0.250000,0.250000,0.000000,0.044386,0.108877
4150,46.066900,3,0.000000,0.000000,0.000000,0.044344,0.000000,0.044344,0.008869,None,2.341527,3.161855,6.205863,6.205863,0.011086,0.250000,0.250000,0.000000,0.044386,0.108877
4160,46.177910,0,0.000000,0.000000,0.000000,0.044386,0.000000,0.044386,0.008877,None,0.932746,5.969399,2.624838,2.624838,0.011096,0.250000,0.250000,0.000000,0.044384,0.108877
4160,46.177910,1,0.000000,0.000000,0.000000,0.044386,0.000000,0.044386,0.008877,None,1.133389,2.393611,2.624838,2.624838,0.011097,0.250000,0.250000,0.000000,0.044384,0.108877
4160,46.177910,2,1.000000,1.000000,0.000000,0.044425,0.000000,0.044425,0.408885,Wall,-0.096638,-0.096638,6.311577,6.311577,0.011106,0.250000,0.250000,0.000000,0.044384,0.108877
4160,46.177910,3,0.000000,0.000000,0.000000,0.044339,0.000000,0.044339,0.008868,None,2.458178,3.223110,6.311577,6.311577,0.011085,0.250000,0.250000,0.000000,0.044384,0.108877
4170,46.288910,0,0.000000,0.000000,0.000000,0.044383,0.000000,0.044383,0.008877,None,0.888436,5.976032,2.552778,2.552778,0.011096,0.250000,0.250000,0.000000,0.044384,0.108877
4170,46.288910,1,0.000000,0.000000,0.000000,0.044386,0.000000,0.044386,0.008877,None,1.048203,2.442600,2.552778,2.552778,0.011097,0.250000,0.250000,0.000000,0.044384,0.108877
4170,46.288910,2,1.000000,1.000000,0.000000,0.044432,0.000000,0.044432,0.408886,Wall,-0.170504,-0.170504,6.424034,6.424034,0.011108,0.250000,0.250000,0.000000,0.044384,0.108877
4170,46.288910,3,0.000000,0.000000,0.000000,0.044336,0.000000,0.044336,0.008867,None,2.577486,3.282283,6.424034,6.424034,0.011084,0.250000,0.250000,0.000000,0.044384,0.108877
4180,46.399920,0,0.000000,0.000000,0.000000,0.044388,0.000000,0.044388,0.008878,None,0.851582,5.985762,2.506162,2.506162,0.011097,0.250000,0.250000,0.000000,0.042060,0.108412
4180,46.399920,1,0.000000,0.000000,0.000000,0.035083,0.000000,0.035083,0.007017,None,0.985954,2.483644,2.506162,2.506162,0.008771,0.250000,0.250000,0.000000,0.042060,0.108412
4180,46.399920,2,1.000000,1.000000,0.000000,0.044430,0.000000,0.044430,0.408886,Wall,-0.241881,-0.241881,6.542995,6.542995,0.011108,0.250000,0.250000,0.000000,0.042060,0.108412
4180,46.399920,3,0.000000,0.000000,0.000000,0.044338,0.000000,0.044338,0.008868,None,2.699611,3.339212,6.542995,6.542995,0.011085,0.250000,0.250000,0.000000,0.042060,0.108412
4190,46.510930,0,0.000000,0.000000,0.000000,0.024648,0.000000,0.024648,0.004930,None,0.857230,5.991771,2.509844,2.509844,0.006162,0.250000,0.250000,0.000000,0.031058,0.106212
4190,46.510930,1,0.000000,0.000000,0.000000,0.010817,0.000000,0.010817,0.002163,None,0.986075,2.483644,2.509844,2.509844,0.002704,0.250000,0.250000,0.000000,0.031058,0.106212
4190,46.510930,2,1.000000,1.000000,0.000000,0.044425,0.000000,0.044425,0.408885,Wall,-0.310482,-0.310482,6.667803,6.667803,0.011106,0.250000,0.250000,0.000000,0.031058,0.106212
4190,46.510930,3,0.000000,0.000000,0.000000,0.044342,0.000000,0.044342,0.008868,None,2.823511,3.394005,6.667803,6.667803,0.011085,0.250000,0.250000,0.000000,0.031058,0.106212
4200,46.621940,0,0.000000,0.000000,0.000000,0.038297,0.000000,0.038297,0.007659,None,0.835051,6.002794,2.519156,2.519156,0.009574,0.250000,0.250000,0.000000,0.032600,0.106520
4200,46.621940,1,0.000000,0.000000,0.000000,0.003335,0.000000,0.003335,0.000667,None,0.973630,2.483644,2.519156,2.519156,0.000834,0.250000,0.250000,0.000000,0.032600,0.106520
4200,46.621940,2,1.000000,1.000000,0.000000,0.044426,0.000000,0.044426,0.408885,Wall,-0.376370,-0.376370,6.798149,6.798149,0.011107,0.250000,0.250000,0.000000,0.032600,0.106520
4200,46.621940,3,0.000000,0.000000,0.000000,0.044341,0.000000,0.044341,0.008868,None,2.948873,3.446616,6.798149,6.798149,0.011085,0.250000,0.250000,0.000000,0.032600,0.106520
4210,46.732940,0,0.000000,0.000000,0.000000,0.042498,0.000000,0.042498,0.008500,None,0.825707,6.020173,2.453224,2.453224,0.010624,0.250000,0.250000,0.000000,0.031017,0.106203
4210,46.732940,1,0.000000,0.000000,0.000000,0.023477,0.000000,0.023477,0.004695,None,0.864648,2.571266,2.453224,2.453224,0.005869,0.250000,0.250000,0.000000,0.031017,0.106203
4210,46.732940,2,1.000000,1.000000,0.000000,0.044421,0.000000,0.044421,0.408884,Wall,-0.439466,-0.439466,6.908671,6.908671,0.011105,0.250000,0.250000,0.000000,0.031017,0.106203
4210,46.732940,3,0.000000,0.000000,0.000000,0.013671,0.000000,0.013671,0.002734,None,3.021537,3.446616,6.908671,6.908671,0.003418,0.250000,0.250000,0.000000,0.031017,0.106203
4220,46.843950,0,0.000000,0.000000,0.000000,0.043799,0.000000,0.043799,0.008760,None,0.811102,6.041295,2.334053,2.334053,0.010950,0.250000,0.250000,0.000000,0.032589,0.106518
4220,46.843950,1,0.000000,0.000000,0.000000,0.037913,0.000000,0.037913,0.007583,None,0.713972,2.727470,2.334053,2.334053,0.009478,0.250000,0.250000,0.000000,0.032589,0.106518
4220,46.843950,2,1.000000,1.000000,0.000000,0.044428,0.000000,0.044428,0.408886,Wall,-0.499852,-0.499852,7.019649,7.019649,0.011107,0.250000,0.250000,0.000000,0.032589,0.106518
4220,46.843950,3,0.000000,0.000000,0.000000,0.004215,0.000000,0.004215,0.000843,None,3.084905,3.446616,7.019649,7.019649,0.001054,0.250000,0.250000,0.000000,0.032589,0.106518
4230,46.954960,0,0.000000,0.000000,0.000000,0.044198,0.000000,0.044198,0.008840,None,0.799839,6.065145,2.279612,2.279612,0.011049,0.250000,0.250000,0.000000,0.026841,0.105368
4230,46.954960,1,0.000000,0.000000,0.000000,0.042373,0.000000,0.042373,0.008475,None,0.611509,2.795551,2.279612,2.279612,0.010593,0.250000,0.250000,0.000000,0.026841,0.105368
4230,46.954960,2,1.000000,1.000000,0.000000,0.019494,0.000000,0.019494,0.403899,Wall,-0.482688,-0.517312,7.052985,7.052985,0.004873,0.250000,0.250000,0.000000,0.026841,0.105368
4230,46.954960,3,0.000000,0.000000,0.000000,0.001300,0.000000,0.001300,0.000260,None,3.130546,3.446616,7.052985,7.052985,0.000325,0.250000,0.250000,0.000000,0.026841,0.105368
4240,47.065970,0,0.000000,0.000000,0.000000,0.044324,0.000000,0.044324,0.008865,None,0.797132,6.091695,2.302839,2.302839,0.011081,0.250000,0.250000,0.000000,0.023619,0.104724
4240,47.065970,1,0.000000,0.000000,0.000000,0.043742,0.000000,0.043742,0.008748,None,0.559107,2.832590,2.302839,2.302839,0.010936,0.250000,0.250000,0.000000,0.023619,0.104724
4240,47.065970,2,1.000000,1.000000,0.000000,0.006010,0.000000,0.006010,0.401202,Wall,-0.482688,-0.517312,7.052985,7.052985,0.001502,0.250000,0.250000,0.000000,0.023619,0.104724
4240,47.065970,3,0.000000,0.000000,0.000000,0.000401,0.000000,0.000401,0.000080,None,3.145307,3.446616,7.052985,7.052985,0.000100,0.250000,0.250000,0.000000,0.023619,0.104724
4250,47.176980,0,0.000000,0.000000,0.000000,0.044360,0.000000,0.044360,0.008872,None,0.806112,6.121125,2.381405,2.381405,0.011090,0.250000,0.250000,0.000000,0.030564,0.106113
4250,47.176980,1,0.000000,0.000000,0.000000,0.044162,0.000000,0.044162,0.008832,None,0.542545,2.859164,2.381405,2.381405,0.011040,0.250000,0.250000,0.000000,0.030564,0.106113
4250,47.176980,2,1.000000,1.000000,0.000000,0.011153,0.000000,0.011153,0.402231,Wall,-0.479831,-0.520169,7.118015,7.118015,0.002788,0.250000,0.250000,0.000000,0.030564,0.106113
4250,47.176980,3,0.000000,0.000000,0.000000,0.022579,0.000000,0.022579,0.004516,None,3.272114,3.451141,7.118015,7.118015,0.005645,0.250000,0.250000,0.000000,0.030564,0.106113
4260,47.287980,0,0.000000,0.000000,0.000000,0.044374,0.000000,0.044374,0.008875,None,0.828211,6.153409,2.490124,2.490124,0.011093,0.250000,0.250000,0.000000,0.040110,0.108022
4260,47.287980,1,0.000000,0.000000,0.000000,0.044290,0.000000,0.044290,0.008858,None,0.547565,2.877405,2.490124,2.490124,0.011073,0.250000,0.250000,0.000000,0.040110,0.108022
4260,47.287980,2,1.000000,1.000000,0.000000,0.034140,0.000000,0.034140,0.406828,Wall,-0.497939,-0.497939,7.291992,7.291992,0.008535,0.250000,0.250000,0.000000,0.040110,0.108022
4260,47.287980,3,0.000000,0.000000,0.000000,0.037637,0.000000,0.037637,0.007527,None,3.467046,3.469095,7.291992,7.291992,0.009409,0.250000,0.250000,0.000000,0.040110,0.108022
4270,47.398990,0,0.000000,0.000000,0.000000,0.044382,0.000000,0.044382,0.008876,None,0.864687,6.188779,2.618958,2.618958,0.011096,0.250000,0.250000,0.000000,0.043055,0.108611
4270,47.398990,1,0.000000,0.000000,0.000000,0.044325,0.000000,0.044325,0.008865,None,0.569850,2.883135,2.618958,2.618958,0.011081,0.250000,0.250000,0.000000,0.043055,0.108611
4270,47.398990,2,1.000000,1.000000,0.000000,0.041230,0.000000,0.041230,0.408246,Wall,-0.497839,-0.497839,7.441837,7.441837,0.010308,0.250000,0.250000,0.000000,0.043055,0.108611
4270,47.398990,3,0.000000,0.000000,0.000000,0.042281,0.000000,0.042281,0.008456,None,3.509084,3.509084,7.441837,7.441837,0.010570,0.250000,0.250000,0.000000,0.043055,0.108611
4280,47.510000,0,0.000000,0.000000,0.000000,0.044390,0.000000,0.044390,0.008878,None,0.915951,6.227091,2.763739,2.763739,0.011097,0.250000,0.250000,0.000000,0.043962,0.108792
4280,47.510000,1,0.000000,0.000000,0.000000,0.044340,0.000000,0.044340,0.008868,None,0.608409,2.870323,2.763739,2.763739,0.011085,0.250000,0.250000,0.000000,0.043962,0.108792
4280,47.510000,2,1.000000,1.000000,0.000000,0.043410,0.000000,0.043410,0.408682,Wall,-0.481422,-0.518578,7.581056,7.581056,0.010852,0.250000,0.250000,0.000000,0.043962,0.108792
4280,47.510000,3,0.000000,0.000000,0.000000,0.043708,0.000000,0.043708,0.008742,None,3.558770,3.558770,7.581056,7.581056,0.010927,0.250000,0.250000,0.000000,0.043962,0.108792
4290,47.621010,0,0.000000,0.000000,0.000000,0.044381,0.000000,0.044381,0.008876,None,0.982538,6.268326,2.911746,2.911746,0.011095,0.250000,0.250000,0.000000,0.044237,0.108847
4290,47.621010,1,0.000000,0.000000,0.000000,0.044341,0.000000,0.044341,0.008868,None,0.663411,2.854273,2.911746,2.911746,0.011085,0.250000,0.250000,0.000000,0.044237,0.108847
4290,47.621010,2,1.000000,1.000000,0.000000,0.044079,0.000000,0.044079,0.408816,Wall,-0.453836,-0.546164,7.716011,7.716011,0.011020,0.250000,0.250000,0.000000,0.044237,0.108847
4290,47.621010,3,0.000000,0.000000,0.000000,0.044148,0.000000,0.044148,0.008830,None,3.612600,3.612600,7.716011,7.716011,0.011037,0.250000,0.250000,0.000000,0.044237,0.108847
4300,47.732010,0,0.000000,0.000000,0.000000,0.044378,0.000000,0.044378,0.008876,None,1.064122,6.312495,3.012770,3.012770,0.011095,0.250000,0.250000,0.000000,0.044324,0.108865
4300,47.732010,1,0.000000,0.000000,0.000000,0.044342,0.000000,0.044342,0.008868,None,0.735079,2.834991,3.012770,3.012770,0.011085,0.250000,0.250000,0.000000,0.044324,0.108865
4300,47.732010,2,1.000000,1.000000,0.000000,0.044293,0.000000,0.044293,0.408859,Wall,-0.426166,-0.573834,7.848408,7.848408,0.011073,0.250000,0.250000,0.000000,0.044324,0.108865
4300,47.732010,3,0.000000,0.000000,0.000000,0.044283,0.000000,0.044283,0.008857,None,3.668967,3.668967,7.848408,7.848408,0.011071,0.250000,0.250000,0.000000,0.044324,0.108865
4310,47.843020,0,0.000000,0.000000,0.000000,0.044381,0.000000,0.044381,0.008876,None,1.158671,6.359636,3.114502,3.114502,0.011095,0.250000,0.250000,0.000000,0.041055,0.108211
4310,47.843020,1,0.000000,0.000000,0.000000,0.031154,0.000000,0.031154,0.006231,None,0.819724,2.819628,3.114502,3.114502,0.007788,0.250000,0.250000,0.000000,0.041055,0.108211
4310,47.843020,2,1.000000,1.000000,0.000000,0.044356,0.000000,0.044356,0.408871,Wall,-0.400765,-0.599236,7.978425,7.978425,0.011089,0.250000,0.250000,0.000000,0.041055,0.108211
4310,47.843020,3,0.000000,0.000000,0.000000,0.044330,0.000000,0.044330,0.008866,None,3.589563,3.727482,7.933580,7.933580,0.011082,0.250000,0.250000,0.000000,0.041055,0.108211
4320,47.954030,0,0.000000,0.000000,0.000000,0.044381,0.000000,0.044381,0.008876,None,1.249522,6.409622,3.188705,3.188705,0.011095,0.250000,0.250000,0.000000,0.035675,0.107135
4320,47.954030,1,0.000000,0.000000,0.000000,0.009606,0.000000,0.009606,0.001921,None,0.879603,2.819628,3.188705,3.188705,0.002401,0.250000,0.250000,0.000000,0.035675,0.107135
4320,47.954030,2,1.000000,1.000000,0.000000,0.044373,0.000000,0.044373,0.408875,Wall,-0.378588,-0.621412,8.105893,8.105893,0.011093,0.250000,0.250000,0.000000,0.035675,0.107135
4320,47.954030,3,0.000000,0.000000,0.000000,0.044341,0.000000,0.044341,0.008868,None,3.506516,3.788033,7.760335,7.760335,0.011085,0.250000,0.250000,0.000000,0.035675,0.107135
4330,48.065040,0,0.000000,0.000000,0.000000,0.044377,0.000000,0.044377,0.008875,None,1.338228,6.462375,3.252221,3.252221,0.011094,0.250000,0.250000,0.000000,0.034016,0.106803
4330,48.065040,1,0.000000,0.000000,0.000000,0.002962,0.000000,0.002962,0.000592,None,0.927034,2.819628,3.252221,3.252221,0.000740,0.250000,0.250000,0.000000,0.034016,0.106803
4330,48.065040,2,1.000000,1.000000,0.000000,0.044378,0.000000,0.044378,0.408876,Wall,-0.359733,-0.640267,8.233904,8.233904,0.011095,0.250000,0.250000,0.000000,0.034016,0.106803
4330,48.065040,3,0.000000,0.000000,0.000000,0.044347,0.000000,0.044347,0.008869,None,3.428761,3.847722,7.594124,7.594124,0.011087,0.250000,0.250000,0.000000,0.034016,0.106803
4340,48.176040,0,0.000000,0.000000,0.000000,0.044381,0.000000,0.044381,0.008876,None,1.428145,6.517973,3.300340,3.300340,0.011095,0.250000,0.250000,0.000000,0.033506,0.106701
4340,48.176040,1,0.000000,0.000000,0.000000,0.000913,0.000000,0.000913,0.000183,None,0.973090,2.819628,3.300340,3.300340,0.000228,0.250000,0.250000,0.000000,0.033506,0.106701
4340,48.176040,2,1.000000,1.000000,0.000000,0.044375,0.000000,0.044375,0.408875,Wall,-0.344214,-0.655787,8.366447,8.366447,0.011094,0.250000,0.250000,0.000000,0.033506,0.106701
4340,48.176040,3,0.000000,0.000000,0.000000,0.044355,0.000000,0.044355,0.008871,None,3.363885,3.902846,7.445663,7.445663,0.011089,0.250000,0.250000,0.000000,0.033506,0.106701
4350,48.287050,0,0.000000,0.000000,0.000000,0.044384,0.000000,0.044384,0.008877,None,1.519968,6.576149,3.353620,3.353620,0.011096,0.250000,0.250000,0.000000,0.033350,0.106670
4350,48.287050,1,0.000000,0.000000,0.000000,0.000282,0.000000,0.000282,0.000056,None,1.020903,2.819628,3.353620,3.353620,0.000070,0.250000,0.250000,0.000000,0.033350,0.106670
4350,48.287050,2,1.000000,1.000000,0.000000,0.044375,0.000000,0.044375,0.408875,Wall,-0.332193,-0.667807,8.351923,8.351923,0.011094,0.250000,0.250000,0.000000,0.033350,0.106670
4350,48.287050,3,0.000000,0.000000,0.000000,0.044357,0.000000,0.044357,0.008871,None,3.307436,3.954654,7.309380,7.309380,0.011089,0.250000,0.250000,0.000000,0.033350,0.106670
4360,48.398060,0,0.000000,0.000000,0.000000,0.044381,0.000000,0.044381,0.008876,None,1.621020,6.636978,3.463959,3.463959,0.011095,0.250000,0.250000,0.000000,0.038235,0.107647
4360,48.398060,1,0.000000,0.000000,0.000000,0.019826,0.000000,0.019826,0.003965,None,1.180849,2.713140,3.463959,3.463959,0.004957,0.250000,0.250000,0.000000,0.038235,0.107647
4360,48.398060,2,1.000000,1.000000,0.000000,0.044388,0.000000,0.044388,0.408878,Wall,-0.323517,-0.676483,8.232651,8.232651,0.011097,0.250000,0.250000,0.000000,0.038235,0.107647
4360,48.398060,3,0.000000,0.000000,0.000000,0.044345,0.000000,0.044345,0.008869,None,3.258979,4.002972,7.184532,7.184532,0.011086,0.250000,0.250000,0.000000,0.038235,0.107647
4370,48.509070,0,0.000000,0.000000,0.000000,0.044388,0.000000,0.044388,0.008878,None,1.752891,6.700365,3.618574,3.618574,0.011097,0.250000,0.250000,0.000000,0.037550,0.107510
4370,48.509070,1,0.000000,0.000000,0.000000,0.036809,0.000000,0.036809,0.007362,None,1.503123,2.470917,3.618574,3.618574,0.009202,0.250000,0.250000,0.000000,0.037550,0.107510
4370,48.509070,2,1.000000,1.000000,0.000000,0.044378,0.000000,0.044378,0.408876,Wall,-0.338394,-0.681663,8.113988,8.113988,0.011095,0.250000,0.250000,0.000000,0.037550,0.107510
4370,48.509070,3,0.000000,0.000000,0.000000,0.024626,0.000000,0.024626,0.004925,None,3.243289,4.025885,7.088106,7.088106,0.006157,0.250000,0.250000,0.000000,0.037550,0.107510
4380,48.620080,0,0.000000,0.000000,0.000000,0.044391,0.000000,0.044391,0.008878,None,1.857228,6.766226,3.743823,3.743823,0.011098,0.250000,0.250000,0.000000,0.034600,0.106920
4380,48.620080,1,0.000000,0.000000,0.000000,0.042042,0.000000,0.042042,0.008408,None,1.736907,2.329646,3.743823,3.743823,0.010510,0.250000,0.250000,0.000000,0.034600,0.106920
4380,48.620080,2,1.000000,1.000000,0.000000,0.044375,0.000000,0.044375,0.408875,Wall,-0.353113,-0.683576,7.996665,7.996665,0.011094,0.250000,0.250000,0.000000,0.034600,0.106920
4380,48.620080,3,0.000000,0.000000,0.000000,0.007593,0.000000,0.007593,0.001519,None,3.234254,4.025885,7.011492,7.011492,0.001898,0.250000,0.250000,0.000000,0.034600,0.106920
4390,48.731080,0,0.000000,0.000000,0.000000,0.044390,0.000000,0.044390,0.008878,None,1.920114,6.828164,3.871557,3.871557,0.011097,0.250000,0.250000,0.000000,0.033691,0.106738
4390,48.731080,1,0.000000,0.000000,0.000000,0.043653,0.000000,0.043653,0.008731,None,1.886749,2.242127,3.871557,3.871557,0.010913,0.250000,0.250000,0.000000,0.033691,0.106738
4390,48.731080,2,1.000000,1.000000,0.000000,0.044379,0.000000,0.044379,0.408876,Wall,-0.355450,-0.682022,7.880754,7.880754,0.011095,0.250000,0.250000,0.000000,0.033691,0.106738
4390,48.731080,3,0.000000,0.000000,0.000000,0.002341,0.000000,0.002341,0.000468,None,3.213927,4.025885,6.933681,6.933681,0.000585,0.250000,0.250000,0.000000,0.033691,0.106738
4400,48.842090,0,0.000000,0.000000,0.000000,0.044387,0.000000,0.044387,0.008877,None,1.989741,6.874462,4.007913,4.007913,0.011097,0.250000,0.250000,0.000000,0.031345,0.106269
4400,48.842090,1,0.000000,0.000000,0.000000,0.044153,0.000000,0.044153,0.008831,None,1.960471,2.171486,4.007913,4.007913,0.011038,0.250000,0.250000,0.000000,0.031345,0.106269
4400,48.842090,2,1.000000,1.000000,0.000000,0.013684,0.000000,0.013684,0.402737,Wall,-0.355450,-0.682022,7.780228,7.780228,0.003421,0.250000,0.250000,0.000000,0.031345,0.106269
4400,48.842090,3,0.000000,0.000000,0.000000,0.023157,0.000000,0.023157,0.004631,None,3.129131,4.066310,6.791926,6.791926,0.005789,0.250000,0.250000,0.000000,0.031345,0.106269
4410,48.953100,0,0.000000,0.000000,0.000000,0.044389,0.000000,0.044389,0.008878,None,2.065091,6.920306,4.154331,4.154331,0.011097,0.250000,0.250000,0.000000,0.032678,0.106536
4410,48.953100,1,0.000000,0.000000,0.000000,0.044309,0.000000,0.044309,0.008862,None,2.037391,2.104128,4.154331,4.154331,0.011077,0.250000,0.250000,0.000000,0.032678,0.106536
4410,48.953100,2,1.000000,1.000000,0.000000,0.004219,0.000000,0.004219,0.400844,Wall,-0.355450,-0.682022,7.681801,7.681801,0.001055,0.250000,0.250000,0.000000,0.032678,0.106536
4410,48.953100,3,0.000000,0.000000,0.000000,0.037794,0.000000,0.037794,0.007559,None,3.025640,4.131576,6.612495,6.612495,0.009449,0.250000,0.250000,0.000000,0.032678,0.106536
4420,49.064110,0,0.000000,0.000000,0.000000,0.031184,0.000000,0.031184,0.006237,None,2.125447,6.952594,4.285524,4.285524,0.007796,0.250000,0.250000,0.000000,0.029787,0.105957
4420,49.064110,1,0.000000,0.000000,0.000000,0.044356,0.000000,0.044356,0.008871,None,2.036060,2.036060,4.285524,4.285524,0.011089,0.250000,0.250000,0.000000,0.029787,0.105957
4420,49.064110,2,1.000000,1.000000,0.000000,0.001301,0.000000,0.001301,0.400260,Wall,-0.355450,-0.682022,7.614261,7.614261,0.000325,0.250000,0.250000,0.000000,0.029787,0.105957
4420,49.064110,3,0.000000,0.000000,0.000000,0.042306,0.000000,0.042306,0.008461,None,2.964854,4.186433,6.500254,6.500254,0.010576,0.250000,0.250000,0.000000,0.029787,0.105957
4430,49.175110,0,0.000000,0.000000,0.000000,0.009615,0.000000,0.009615,0.001923,None,2.150930,6.952594,4.364015,4.364015,0.002404,0.250000,0.250000,0.000000,0.024518,0.104904
4430,49.175110,1,0.000000,0.000000,0.000000,0.044367,0.000000,0.044367,0.008873,None,1.966182,1.966182,4.364015,4.364015,0.011092,0.250000,0.250000,0.000000,0.024518,0.104904
4430,49.175110,2,1.000000,1.000000,0.000000,0.000401,0.000000,0.000401,0.400080,Wall,-0.355450,-0.682022,7.614261,7.614261,0.000100,0.250000,0.250000,0.000000,0.024518,0.104904
4430,49.175110,3,0.000000,0.000000,0.000000,0.043690,0.000000,0.043690,0.008738,None,2.937022,4.235715,6.464334,6.464334,0.010923,0.250000,0.250000,0.000000,0.024518,0.104904
4440,49.286120,0,0.000000,0.000000,0.000000,0.002965,0.000000,0.002965,0.000593,None,2.184785,6.952594,4.445716,4.445716,0.000741,0.250000,0.250000,0.000000,0.022896,0.104579
4440,49.286120,1,0.000000,0.000000,0.000000,0.044375,0.000000,0.044375,0.008875,None,1.894025,1.894025,4.445716,4.445716,0.011094,0.250000,0.250000,0.000000,0.022896,0.104579
4440,49.286120,2,1.000000,1.000000,0.000000,0.000123,0.000000,0.000123,0.400025,Wall,-0.355450,-0.682022,7.614261,7.614261,0.000031,0.250000,0.250000,0.000000,0.022896,0.104579
4440,49.286120,3,0.000000,0.000000,0.000000,0.044120,0.000000,0.044120,0.008824,None,2.923069,4.281954,6.436957,6.436957,0.011030,0.250000,0.250000,0.000000,0.022896,0.104579
4450,49.397130,0,0.000000,0.000000,0.000000,0.000914,0.000000,0.000914,0.000183,None,2.222564,6.952594,4.530375,4.530375,0.000228,0.250000,0.250000,0.000000,0.022394,0.104479
4450,49.397130,1,0.000000,0.000000,0.000000,0.044375,0.000000,0.044375,0.008875,None,1.819761,1.819761,4.530375,4.530375,0.011094,0.250000,0.250000,0.000000,0.022394,0.104479
4450,49.397130,2,1.000000,1.000000,0.000000,0.000038,0.000000,0.000038,0.400008,Wall,-0.355450,-0.682022,7.614261,7.614261,0.000009,0.250000,0.250000,0.000000,0.022394,0.104479
4450,49.397130,3,0.000000,0.000000,0.000000,0.044248,0.000000,0.044248,0.008850,None,2.914797,4.325839,6.414733,6.414733,0.011062,0.250000,0.250000,0.000000,0.022394,0.104479
4460,49.508140,0,0.000000,0.000000,0.000000,0.022768,0.000000,0.022768,0.004554,None,2.285489,6.956663,4.651925,4.651925,0.005692,0.250000,0.250000,0.000000,0.027862,0.105572
4460,49.508140,1,0.000000,0.000000,0.000000,0.044374,0.000000,0.044374,0.008875,None,1.743328,1.743328,4.651925,4.651925,0.011094,0.250000,0.250000,0.000000,0.027862,0.105572
4460,49.508140,2,1.000000,1.000000,0.000000,0.000012,0.000000,0.000012,0.400002,Wall,-0.355450,-0.682022,7.538563,7.538563,0.000003,0.250000,0.250000,0.000000,0.027862,0.105572
4460,49.508140,3,0.000000,0.000000,0.000000,0.044293,0.000000,0.044293,0.008859,None,2.906961,4.367576,6.432683,6.432683,0.011073,0.250000,0.250000,0.000000,0.027862,0.105572
4470,49.619140,0,0.000000,0.000000,0.000000,0.037744,0.000000,0.037744,0.007549,None,2.358384,6.954385,4.769745,4.769745,0.009436,0.250000,0.250000,0.000000,0.027442,0.105489
4470,49.619140,1,0.000000,0.000000,0.000000,0.027715,0.000000,0.027715,0.005543,None,1.696524,1.696524,4.769745,4.769745,0.006929,0.250000,0.250000,0.000000,0.027442,0.105489
4470,49.619140,2,1.000000,1.000000,0.000000,0.000003,0.000000,0.000003,0.400001,Wall,-0.355450,-0.682022,7.412879,7.412879,0.000001,0.250000,0.250000,0.000000,0.027442,0.105489
4470,49.619140,3,0.000000,0.000000,0.000000,0.044306,0.000000,0.044306,0.008861,None,2.894341,4.407211,6.468740,6.468740,0.011077,0.250000,0.250000,0.000000,0.027442,0.105489
4480,49.730150,0,0.000000,0.000000,0.000000,0.042355,0.000000,0.042355,0.008471,None,2.417203,6.984702,4.847497,4.847497,0.010589,0.250000,0.250000,0.000000,0.023802,0.104760
4480,49.730150,1,0.000000,0.000000,0.000000,0.008545,0.000000,0.008545,0.001709,None,1.696524,1.696524,4.847497,4.847497,0.002136,0.250000,0.250000,0.000000,0.023802,0.104760
4480,49.730150,2,1.000000,1.000000,0.000000,0.000001,0.000000,0.000001,0.400000,Wall,-0.355450,-0.682022,7.302427,7.302427,0.000000,0.250000,0.250000,0.000000,0.023802,0.104760
4480,49.730150,3,0.000000,0.000000,0.000000,0.044307,0.000000,0.044307,0.008861,None,2.882809,4.444635,6.441297,6.441297,0.011077,0.250000,0.250000,0.000000,0.023802,0.104760
4490,49.841160,0,0.000000,0.000000,0.000000,0.043782,0.000000,0.043782,0.008756,None,2.469771,7.030890,4.932203,4.932203,0.010946,0.250000,0.250000,0.000000,0.022682,0.104537
4490,49.841160,1,0.000000,0.000000,0.000000,0.002635,0.000000,0.002635,0.000527,None,1.696524,1.696524,4.932203,4.932203,0.000659,0.250000,0.250000,0.000000,0.022682,0.104537
4490,49.841160,2,1.000000,1.000000,0.000000,0.000000,0.000000,0.000000,0.400000,Wall,-0.355450,-0.682022,7.199155,7.199155,0.000000,0.250000,0.250000,0.000000,0.022682,0.104537
4490,49.841160,3,0.000000,0.000000,0.000000,0.044312,0.000000,0.044312,0.008862,None,2.874154,4.479974,6.392588,6.392588,0.011078,0.250000,0.250000,0.000000,0.022682,0.104537
4500,49.952170,0,0.000000,0.000000,0.000000,0.044216,0.000000,0.044216,0.008843,None,2.520664,7.076835,5.020487,5.020487,0.011054,0.250000,0.250000,0.000000,0.022335,0.104467
4500,49.952170,1,0.000000,0.000000,0.000000,0.000812,0.000000,0.000812,0.000162,None,1.696524,1.696524,5.020487,5.020487,0.000203,0.250000,0.250000,0.000000,0.022335,0.104467
4500,49.952170,2,1.000000,1.000000,0.000000,0.000000,0.000000,0.000000,0.400000,Wall,-0.355450,-0.682022,7.099459,7.099459,0.000000,0.250000,0.250000,0.000000,0.022335,0.104467
4500,49.952170,3,0.000000,0.000000,0.000000,0.044311,0.000000,0.044311,0.008862,None,2.869617,4.513050,6.343774,6.343774,0.011078,0.250000,0.250000,0.000000,0.022335,0.104467
4510,50.063180,0,0.000000,0.000000,0.000000,0.044346,0.000000,0.044346,0.008869,None,2.545333,7.121727,5.111309,5.111309,0.011087,0.250000,0.250000,0.000000,0.022227,0.104445
4510,50.063180,1,0.000000,0.000000,0.000000,0.000251,0.000000,0.000251,0.000050,None,1.696524,1.696524,5.111309,5.111309,0.000063,0.250000,0.250000,0.000000,0.022227,0.104445
4510,50.063180,2,1.000000,1.000000,0.000000,0.000000,0.000000,0.000000,0.400000,Wall,-0.355450,-0.682022,7.002292,7.002292,0.000000,0.250000,0.250000,0.000000,0.022227,0.104445
4510,50.063180,3,0.000000,0.000000,0.000000,0.044311,0.000000,0.044311,0.008862,None,2.869409,4.543876,6.300492,6.300492,0.011078,0.250000,0.250000,0.000000,0.022227,0.104445
4520,50.174180,0,0.000000,0.000000,0.000000,0.044397,0.000000,0.044397,0.008879,None,2.493323,7.168365,5.204462,5.204462,0.011099,0.250000,0.250000,0.000000,0.022196,0.104439
4520,50.174180,1,0.000000,0.000000,0.000000,0.000077,0.000000,0.000077,0.000015,None,1.696524,1.696524,5.204462,5.204462,0.000019,0.250000,0.250000,0.000000,0.022196,0.104439
4520,50.174180,2,1.000000,1.000000,0.000000,0.000000,0.000000,0.000000,0.400000,Wall,-0.355450,-0.682022,6.907166,6.907166,0.000000,0.250000,0.250000,0.000000,0.022196,0.104439
4520,50.174180,3,0.000000,0.000000,0.000000,0.044309,0.000000,0.044309,0.008862,None,2.873709,4.572411,6.263700,6.263700,0.011077,0.250000,0.250000,0.000000,0.022196,0.104439
4530,50.285190,0,0.000000,0.000000,0.000000,0.044413,0.000000,0.044413,0.008883,None,2.442514,7.127935,5.362951,5.362951,0.011103,0.250000,0.250000,0.000000,0.027125,0.105425
4530,50.285190,1,0.000000,0.000000,0.000000,0.019772,0.000000,0.019772,0.003954,None,1.563268,1.563268,5.362951,5.362951,0.004943,0.250000,0.250000,0.000000,0.027125,0.105425
4530,50.285190,2,1.000000,1.000000,0.000000,0.000000,0.000000,0.000000,0.400000,Wall,-0.355450,-0.682022,6.814323,6.814323,0.000000,0.250000,0.250000,0.000000,0.027125,0.105425
4530,50.285190,3,0.000000,0.000000,0.000000,0.044314,0.000000,0.044314,0.008863,None,2.882440,4.598667,6.233534,6.233534,0.011078,0.250000,0.250000,0.000000,0.027125,0.105425
4540,50.396200,0,0.000000,0.000000,0.000000,0.044410,0.000000,0.044410,0.008882,None,2.393322,7.040074,5.583933,5.583933,0.011103,0.250000,0.250000,0.000000,0.031381,0.106276
4540,50.396200,1,0.000000,0.000000,0.000000,0.036801,0.000000,0.036801,0.007360,None,1.314790,1.314790,5.583933,5.583933,0.009200,0.250000,0.250000,0.000000,0.031381,0.106276
4540,50.396200,2,1.000000,1.000000,0.000000,0.000000,0.000000,0.000000,0.400000,Wall,-0.355450,-0.682022,6.724260,6.724260,0.000000,0.250000,0.250000,0.000000,0.031381,0.106276
4540,50.396200,3,0.000000,0.000000,0.000000,0.044314,0.000000,0.044314,0.008863,None,2.895838,4.619365,6.210100,6.210100,0.011079,0.250000,0.250000,0.000000,0.031381,0.106276
4550,50.507210,0,0.000000,0.000000,0.000000,0.044413,0.000000,0.044413,0.008883,None,2.345324,6.953883,5.792799,5.792799,0.011103,0.250000,0.250000,0.000000,0.032695,0.106539
4550,50.507210,1,0.000000,0.000000,0.000000,0.042053,0.000000,0.042053,0.008411,None,1.199718,1.199718,5.792799,5.792799,0.010513,0.250000,0.250000,0.000000,0.032695,0.106539
4550,50.507210,2,1.000000,1.000000,0.000000,0.000000,0.000000,0.000000,0.400000,Wall,-0.355450,-0.682022,6.636594,6.636594,0.000000,0.250000,0.250000,0.000000,0.032695,0.106539
4550,50.507210,3,0.000000,0.000000,0.000000,0.044313,0.000000,0.044313,0.008863,None,2.913890,4.636830,6.193457,6.193457,0.011078,0.250000,0.250000,0.000000,0.032695,0.106539
4560,50.618210,0,0.000000,0.000000,0.000000,0.044413,0.000000,0.044413,0.008883,None,2.298864,6.869691,5.997286,5.997286,0.011103,0.250000,0.250000,0.000000,0.033099,0.106620
4560,50.618210,1,0.000000,0.000000,0.000000,0.043672,0.000000,0.043672,0.008734,None,1.143986,1.143986,5.997286,5.997286,0.010918,0.250000,0.250000,0.000000,0.033099,0.106620
4560,50.618210,2,1.000000,1.000000,0.000000,0.000000,0.000000,0.000000,0.400000,Wall,-0.355450,-0.682022,6.551741,6.551741,0.000000,0.250000,0.250000,0.000000,0.033099,0.106620
4560,50.618210,3,0.000000,0.000000,0.000000,0.044310,0.000000,0.044310,0.008862,None,2.936754,4.634497,6.183476,6.183476,0.011078,0.250000,0.250000,0.000000,0.033099,0.106620
4570,50.729220,0,0.000000,0.000000,0.000000,0.013694,0.000000,0.013694,0.002739,None,2.329404,6.869691,6.098769,6.098769,0.003424,0.250000,0.250000,0.000000,0.025544,0.105109
4570,50.729220,1,0.000000,0.000000,0.000000,0.044169,0.000000,0.044169,0.008834,None,1.107182,1.107182,6.098769,6.098769,0.011042,0.250000,0.250000,0.000000,0.025544,0.105109
4570,50.729220,2,1.000000,1.000000,0.000000,0.000000,0.000000,0.000000,0.400000,Wall,-0.355450,-0.682022,6.551741,6.551741,0.000000,0.250000,0.250000,0.000000,0.025544,0.105109
4570,50.729220,3,0.000000,0.000000,0.000000,0.044315,0.000000,0.044315,0.008863,None,2.968410,4.626273,6.229919,6.229919,0.011079,0.250000,0.250000,0.000000,0.025544,0.105109
4580,50.840230,0,0.000000,0.000000,0.000000,0.004222,0.000000,0.004222,0.000844,None,2.338817,6.869691,6.199063,6.199063,0.001056,0.250000,0.250000,0.000000,0.023216,0.104643
4580,50.840230,1,0.000000,0.000000,0.000000,0.044326,0.000000,0.044326,0.008865,None,1.077140,1.077140,6.199063,6.199063,0.011081,0.250000,0.250000,0.000000,0.023216,0.104643
4580,50.840230,2,1.000000,1.000000,0.000000,0.000000,0.000000,0.000000,0.400000,Wall,-0.355450,-0.682022,6.551741,6.551741,0.000000,0.250000,0.250000,0.000000,0.023216,0.104643
4580,50.840230,3,0.000000,0.000000,0.000000,0.044315,0.000000,0.044315,0.008863,None,3.007072,4.615411,6.280280,6.280280,0.011079,0.250000,0.250000,0.000000,0.023216,0.104643
4590,50.951240,0,0.000000,0.000000,0.000000,0.001302,0.000000,0.001302,0.000260,None,2.341719,6.869691,6.298398,6.298398,0.000325,0.250000,0.250000,0.000000,0.022497,0.104499
4590,50.951240,1,0.000000,0.000000,0.000000,0.044369,0.000000,0.044369,0.008874,None,1.050885,1.050885,6.298398,6.298398,0.011092,0.250000,0.250000,0.000000,0.022497,0.104499
4590,50.951240,2,1.000000,1.000000,0.000000,0.000000,0.000000,0.000000,0.400000,Wall,-0.355450,-0.682022,6.551741,6.551741,0.000000,0.250000,0.250000,0.000000,0.022497,0.104499
4590,50.951240,3,0.000000,0.000000,0.000000,0.044316,0.000000,0.044316,0.008863,None,3.049478,4.602052,6.334366,6.334366,0.011079,0.250000,0.250000,0.000000,0.022497,0.104499
4600,51.062240,0,0.000000,0.000000,0.000000,0.000401,0.000000,0.000401,0.000080,None,2.342613,6.869691,6.392376,6.392376,0.000100,0.250000,0.250000,0.000000,0.022275,0.104455
4600,51.062240,1,0.000000,0.000000,0.000000,0.044386,0.000000,0.044386,0.008877,None,1.027676,1.027676,6.396865,6.396865,0.011097,0.250000,0.250000,0.000000,0.022275,0.104455
4600,51.062240,2,1.000000,1.000000,0.000000,0.000000,0.000000,0.000000,0.400000,Wall,-0.355450,-0.682022,6.551741,6.551741,0.000000,0.250000,0.250000,0.000000,0.022275,0.104455
4600,51.062240,3,0.000000,0.000000,0.000000,0.044311,0.000000,0.044311,0.008862,None,3.095042,4.585901,6.392376,6.392376,0.011078,0.250000,0.250000,0.000000,0.022275,0.104455
4610,51.173250,0,0.000000,0.000000,0.000000,0.000124,0.000000,0.000124,0.000025,None,2.342889,6.869691,6.453918,6.453918,0.000031,0.250000,0.250000,0.000000,0.022208,0.104442
4610,51.173250,1,0.000000,0.000000,0.000000,0.044393,0.000000,0.044393,0.008879,None,1.007394,1.007394,6.494454,6.494454,0.011098,0.250000,0.250000,0.000000,0.022208,0.104442
4610,51.173250,2,1.000000,1.000000,0.000000,0.000000,0.000000,0.000000,0.400000,Wall,-0.355450,-0.682022,6.551741,6.551741,0.000000,0.250000,0.250000,0.000000,0.022208,0.104442
4610,51.173250,3,0.000000,0.000000,0.000000,0.044315,0.000000,0.044315,0.008863,None,3.143153,4.567276,6.453918,6.453918,0.011079,0.250000,0.250000,0.000000,0.022208,0.104442
4620,51.284260,0,0.000000,0.000000,0.000000,0.000038,0.000000,0.000038,0.000008,None,2.342974,6.869691,6.518713,6.518713,0.000009,0.250000,0.250000,0.000000,0.022187,0.104437
4620,51.284260,1,0.000000,0.000000,0.000000,0.044391,0.000000,0.044391,0.008878,None,0.990103,0.990103,6.591100,6.591100,0.011098,0.250000,0.250000,0.000000,0.022187,0.104437
4620,51.284260,2,1.000000,1.000000,0.000000,0.000000,0.000000,0.000000,0.400000,Wall,-0.355450,-0.682022,6.551741,6.551741,0.000000,0.250000,0.250000,0.000000,0.022187,0.104437
4620,51.284260,3,0.000000,0.000000,0.000000,0.044318,0.000000,0.044318,0.008864,None,3.193559,4.546294,6.518713,6.518713,0.011080,0.250000,0.250000,0.000000,0.022187,0.104437
4630,51.395270,0,0.000000,0.000000,0.000000,0.000012,0.000000,0.000012,0.000002,None,2.343001,6.869691,6.551741,6.551741,0.000003,0.250000,0.250000,0.000000,0.022180,0.104436
4630,51.395270,1,0.000000,0.000000,0.000000,0.044397,0.000000,0.044397,0.008879,None,0.976005,0.976005,6.686791,6.686791,0.011099,0.250000,0.250000,0.000000,0.022180,0.104436
4630,51.395270,2,1.000000,1.000000,0.000000,0.000000,0.000000,0.000000,0.400000,Wall,-0.355450,-0.682022,6.551741,6.551741,0.000000,0.250000,0.250000,0.000000,0.022180,0.104436
4630,51.395270,3,0.000000,0.000000,0.000000,0.044311,0.000000,0.044311,0.008862,None,3.246351,4.522752,6.586796,6.586796,0.011078,0.250000,0.250000,0.000000,0.022180,0.104436
4640,51.506280,0,0.000000,0.000000,0.000000,0.000004,0.000000,0.000004,0.000001,None,2.343009,6.869691,6.551741,6.551741,0.000001,0.250000,0.250000,0.000000,0.022177,0.104435
4640,51.506280,1,0.000000,0.000000,0.000000,0.044394,0.000000,0.044394,0.008879,None,0.964844,0.964844,6.781499,6.781499,0.011098,0.250000,0.250000,0.000000,0.022177,0.104435
4640,51.506280,2,1.000000,1.000000,0.000000,0.000000,0.000000,0.000000,0.400000,Wall,-0.355450,-0.682022,6.551741,6.551741,0.000000,0.250000,0.250000,0.000000,0.022177,0.104435
4640,51.506280,3,0.000000,0.000000,0.000000,0.044310,0.000000,0.044310,0.008862,None,3.301349,4.496730,6.658066,6.658066,0.011078,0.250000,0.250000,0.000000,0.022177,0.104435
4650,51.617280,0,0.000000,0.000000,0.000000,0.000001,0.000000,0.000001,0.000000,None,2.318794,6.869691,5.449643,5.449643,0.000000,0.000000,0.058894,0.000000,0.023095,0.004619
4650,51.617280,1,0.000000,0.000000,0.000000,0.044396,0.000000,0.044396,0.008879,None,0.956842,0.956842,6.875193,6.875193,0.011099,0.000000,0.058894,0.000000,0.023095,0.004619
4650,51.617280,2,0.000000,0.235576,0.000000,0.030694,0.000000,0.030694,0.006139,None,0.382212,0.382212,5.449643,5.449643,0.007673,0.000000,0.058894,0.000000,0.023095,0.004619
4650,51.617280,3,0.000000,0.000000,0.000000,0.017288,0.000000,0.017288,0.003458,None,3.323862,4.491244,6.672685,6.672685,0.004322,0.000000,0.058894,0.000000,0.023095,0.004619
4660,51.728290,0,0.000000,0.000000,0.000000,0.030749,0.000000,0.030749,0.006150,None,2.196311,6.685961,4.664001,4.664001,0.007687,0.000000,0.000000,0.000000,0.030160,0.006032
4660,51.728290,1,0.000000,0.000000,0.000000,0.044403,0.000000,0.044403,0.008881,None,0.951891,0.951891,7.001761,7.001761,0.011101,0.000000,0.000000,0.000000,0.030160,0.006032
4660,51.728290,2,0.000000,0.000000,0.000000,0.040158,0.000000,0.040158,0.008032,None,0.628662,0.628662,4.664001,4.664001,0.010039,0.000000,0.000000,0.000000,0.030160,0.006032
4660,51.728290,3,0.000000,0.000000,0.000000,0.005330,0.000000,0.005330,0.001066,None,3.339602,4.491244,7.033383,7.033383,0.001333,0.000000,0.000000,0.000000,0.030160,0.006032
4670,51.839300,0,0.000000,0.000000,0.000000,0.040226,0.000000,0.040226,0.008045,None,2.088612,6.524378,4.419436,4.419436,0.010057,0.000000,0.000000,0.000000,0.027401,0.005480
4670,51.839300,1,0.000000,0.000000,0.000000,0.044393,0.000000,0.044393,0.008879,None,0.949987,0.949987,7.150602,7.150602,0.011098,0.000000,0.000000,0.000000,0.027401,0.005480
4670,51.839300,2,0.000000,0.000000,0.000000,0.023340,0.000000,0.023340,0.004668,None,0.713191,0.713191,4.419436,4.419436,0.005835,0.000000,0.000000,0.000000,0.027401,0.005480
4670,51.839300,3,0.000000,0.000000,0.000000,0.001644,0.000000,0.001644,0.000329,None,3.360688,4.491244,7.240320,7.240320,0.000411,0.000000,0.000000,0.000000,0.027401,0.005480
4680,51.950310,0,0.000000,0.000000,0.000000,0.043151,0.000000,0.043151,0.008630,None,2.013017,6.396818,4.315427,4.315427,0.010788,0.000000,0.000000,0.000000,0.030035,0.006007
4680,51.950310,1,0.000000,0.000000,0.000000,0.044399,0.000000,0.044399,0.008880,None,0.951288,0.951288,7.318243,7.318243,0.011100,0.000000,0.000000,0.000000,0.030035,0.006007
4680,51.950310,2,0.000000,0.000000,0.000000,0.007197,0.000000,0.007197,0.001439,None,0.713191,0.713191,4.315427,4.315427,0.001799,0.000000,0.000000,0.000000,0.030035,0.006007
4680,51.950310,3,0.000000,0.000000,0.000000,0.025393,0.000000,0.025393,0.005079,None,3.497813,4.385845,7.381892,7.381892,0.006348,0.000000,0.000000,0.000000,0.030035,0.006007
4690,52.061310,0,0.000000,0.000000,0.000000,0.044049,0.000000,0.044049,0.008810,None,1.956985,6.280490,4.217278,4.217278,0.011012,0.000000,0.000000,0.000000,0.032295,0.006459
4690,52.061310,1,0.000000,0.000000,0.000000,0.044399,0.000000,0.044399,0.008880,None,0.955609,0.955609,7.486413,7.486413,0.011100,0.000000,0.000000,0.000000,0.032295,0.006459
4690,52.061310,2,0.000000,0.000000,0.000000,0.002220,0.000000,0.002220,0.000444,None,0.713191,0.713191,4.217278,4.217278,0.000555,0.000000,0.000000,0.000000,0.032295,0.006459
4690,52.061310,3,0.000000,0.000000,0.000000,0.038513,0.000000,0.038513,0.007703,None,3.691530,4.234099,7.501483,7.501483,0.009628,0.000000,0.000000,0.000000,0.032295,0.006459
4700,52.172320,0,0.000000,0.000000,0.000000,0.044334,0.000000,0.044334,0.008867,None,1.908917,6.167084,4.124536,4.124536,0.011083,0.000000,0.000000,0.000000,0.028826,0.005765
4700,52.172320,1,0.000000,0.000000,0.000000,0.027728,0.000000,0.027728,0.005546,None,0.959662,0.959662,7.616334,7.616334,0.006932,0.000000,0.000000,0.000000,0.028826,0.005765
4700,52.172320,2,0.000000,0.000000,0.000000,0.000685,0.000000,0.000685,0.000137,None,0.713191,0.713191,4.124536,4.124536,0.000171,0.000000,0.000000,0.000000,0.028826,0.005765
4700,52.172320,3,0.000000,0.000000,0.000000,0.042557,0.000000,0.042557,0.008511,None,3.812623,4.139117,7.606948,7.606948,0.010639,0.000000,0.000000,0.000000,0.028826,0.005765
4710,52.283330,0,0.000000,0.000000,0.000000,0.044418,0.000000,0.044418,0.008884,None,1.864542,6.055147,4.035647,4.035647,0.011104,0.000000,0.000000,0.000000,0.031920,0.006384
4710,52.283330,1,0.000000,0.000000,0.000000,0.039249,0.000000,0.039249,0.007850,None,0.972356,0.972356,7.781705,7.781705,0.009812,0.000000,0.000000,0.000000,0.031920,0.006384
4710,52.283330,2,0.000000,0.000000,0.000000,0.000211,0.000000,0.000211,0.000042,None,0.713191,0.713191,4.035647,4.035647,0.000053,0.000000,0.000000,0.000000,0.031920,0.006384
4710,52.283330,3,0.000000,0.000000,0.000000,0.043802,0.000000,0.043802,0.008760,None,3.864447,4.071285,7.698445,7.698445,0.010951,0.000000,0.000000,0.000000,0.031920,0.006384
4720,52.394340,0,0.000000,0.000000,0.000000,0.044438,0.000000,0.044438,0.008888,None,1.822504,5.944364,3.950066,3.950066,0.011109,0.000000,0.000000,0.000000,0.032871,0.006574
4720,52.394340,1,0.000000,0.000000,0.000000,0.042804,0.000000,0.042804,0.008561,None,0.988552,0.988552,7.946086,7.946086,0.010701,0.000000,0.000000,0.000000,0.032871,0.006574
4720,52.394340,2,0.000000,0.000000,0.000000,0.000065,0.000000,0.000065,0.000013,None,0.713191,0.713191,3.950066,3.950066,0.000016,0.000000,0.000000,0.000000,0.032871,0.006574
4720,52.394340,3,0.000000,0.000000,0.000000,0.044178,0.000000,0.044178,0.008836,None,3.914609,4.011571,7.797360,7.797360,0.011045,0.000000,0.000000,0.000000,0.032871,0.006574
4730,52.505340,0,0.000000,0.000000,0.000000,0.044447,0.000000,0.044447,0.008889,None,1.768988,5.834504,3.705686,3.705686,0.011112,0.000000,0.000000,0.000000,0.039396,0.007879
4730,52.505340,1,0.000000,0.000000,0.000000,0.043902,0.000000,0.043902,0.008780,None,1.006184,1.006184,8.109829,8.109829,0.010975,0.000000,0.000000,0.000000,0.039396,0.007879
4730,52.505340,2,0.000000,0.000000,0.000000,0.024942,0.000000,0.024942,0.004988,None,0.810547,0.810547,3.705686,3.705686,0.006236,0.000000,0.000000,0.000000,0.039396,0.007879
4730,52.505340,3,0.000000,0.000000,0.000000,0.044294,0.000000,0.044294,0.008859,None,3.952969,3.952969,7.904643,7.904643,0.011073,0.000000,0.000000,0.000000,0.039396,0.007879
4740,52.616350,0,0.000000,0.000000,0.000000,0.044447,0.000000,0.044447,0.008889,None,1.690744,5.725324,3.461895,3.461895,0.011112,0.000000,0.000000,0.000000,0.042860,0.008572
4740,52.616350,1,0.000000,0.000000,0.000000,0.044239,0.000000,0.044239,0.008848,None,1.026045,1.026045,8.272800,8.272800,0.011060,0.000000,0.000000,0.000000,0.042860,0.008572
4740,52.616350,2,0.000000,0.000000,0.000000,0.038412,0.000000,0.038412,0.007682,None,0.931583,0.931583,3.461895,3.461895,0.009603,0.000000,0.000000,0.000000,0.042860,0.008572
4740,52.616350,3,0.000000,0.000000,0.000000,0.044340,0.000000,0.044340,0.008868,None,3.893369,3.893369,8.020352,8.020352,0.011085,0.000000,0.000000,0.000000,0.042860,0.008572
4750,52.727360,0,0.000000,0.000000,0.000000,0.044450,0.000000,0.044450,0.008890,None,1.606756,5.617132,3.283685,3.283685,0.011112,0.000000,0.000000,0.000000,0.043926,0.008785
4750,52.727360,1,0.000000,0.000000,0.000000,0.044345,0.000000,0.044345,0.008869,None,1.048362,1.048362,8.434863,8.434863,0.011086,0.000000,0.000000,0.000000,0.043926,0.008785
4750,52.727360,2,0.000000,0.000000,0.000000,0.042557,0.000000,0.042557,0.008511,None,1.045481,1.045481,3.283685,3.283685,0.010639,0.000000,0.000000,0.000000,0.043926,0.008785
4750,52.727360,3,0.000000,0.000000,0.000000,0.044353,0.000000,0.044353,0.008871,None,3.831892,3.831892,8.144267,8.144267,0.011088,0.000000,0.000000,0.000000,0.043926,0.008785
4760,52.838370,0,0.000000,0.000000,0.000000,0.044449,0.000000,0.044449,0.008890,None,1.523582,5.509924,3.137070,3.137070,0.011112,0.000000,0.000000,0.000000,0.044254,0.008851
4760,52.838370,1,0.000000,0.000000,0.000000,0.044379,0.000000,0.044379,0.008876,None,1.073717,1.073717,8.595960,8.595960,0.011095,0.000000,0.000000,0.000000,0.044254,0.008851
4760,52.838370,2,0.000000,0.000000,0.000000,0.043831,0.000000,0.043831,0.008766,None,1.157266,1.157266,3.137070,3.137070,0.010958,0.000000,0.000000,0.000000,0.044254,0.008851
4760,52.838370,3,0.000000,0.000000,0.000000,0.044358,0.000000,0.044358,0.008872,None,3.768382,3.768382,8.276027,8.276027,0.011089,0.000000,0.000000,0.000000,0.044254,0.008851
4770,52.949380,0,0.000000,0.000000,0.000000,0.044447,0.000000,0.044447,0.008889,None,1.443670,5.403906,3.005754,3.005754,0.011112,0.000000,0.000000,0.000000,0.044356,0.008871
4770,52.949380,1,0.000000,0.000000,0.000000,0.044382,0.000000,0.044382,0.008876,None,1.102028,1.102028,8.755906,8.755906,0.011096,0.000000,0.000000,0.000000,0.044356,0.008871
4770,52.949380,2,0.000000,0.000000,0.000000,0.044237,0.000000,0.044237,0.008847,None,1.268446,1.268446,3.005754,3.005754,0.011059,0.000000,0.000000,0.000000,0.044356,0.008871
4770,52.949380,3,0.000000,0.000000,0.000000,0.044359,0.000000,0.044359,0.008872,None,3.703088,3.703088,8.415194,8.415194,0.011090,0.000000,0.000000,0.000000,0.044356,0.008871
4780,53.060380,0,0.000000,0.000000,0.000000,0.044444,0.000000,0.044444,0.008889,None,1.367698,5.299098,2.880177,2.880177,0.011111,0.000000,0.000000,0.000000,0.044392,0.008878
4780,53.060380,1,0.000000,0.000000,0.000000,0.044386,0.000000,0.044386,0.008877,None,1.133252,1.133252,8.914721,8.914721,0.011096,0.000000,0.000000,0.000000,0.044392,0.008878
4780,53.060380,2,0.000000,0.000000,0.000000,0.044370,0.000000,0.044370,0.008874,None,1.289719,1.379462,2.880177,2.880177,0.011092,0.000000,0.000000,0.000000,0.044392,0.008878
4780,53.060380,3,0.000000,0.000000,0.000000,0.044368,0.000000,0.044368,0.008874,None,3.656834,3.656834,8.556417,8.556417,0.011092,0.000000,0.000000,0.000000,0.044392,0.008878
4790,53.171390,0,0.000000,0.000000,0.000000,0.044447,0.000000,0.044447,0.008889,None,1.295981,5.195412,2.765226,2.765226,0.011112,0.000000,0.000000,0.000000,0.044400,0.008880
4790,53.171390,1,0.000000,0.000000,0.000000,0.044387,0.000000,0.044387,0.008877,None,1.167426,1.167426,9.072427,9.072427,0.011097,0.000000,0.000000,0.000000,0.044400,0.008880
4790,53.171390,2,0.000000,0.000000,0.000000,0.044402,0.000000,0.044402,0.008880,None,1.204649,1.490257,2.765226,2.765226,0.011100,0.000000,0.000000,0.000000,0.044400,0.008880
4790,53.171390,3,0.000000,0.000000,0.000000,0.044365,0.000000,0.044365,0.008873,None,3.638784,3.638784,8.697189,8.697189,0.011091,0.000000,0.000000,0.000000,0.044400,0.008880
4800,53.282400,0,0.000000,0.000000,0.000000,0.044445,0.000000,0.044445,0.008889,None,1.229452,5.093117,2.669773,2.669773,0.011111,0.000000,0.000000,0.000000,0.044403,0.008881
4800,53.282400,1,0.000000,0.000000,0.000000,0.044390,0.000000,0.044390,0.008878,None,1.204593,1.204593,9.228873,9.228873,0.011098,0.000000,0.000000,0.000000,0.044403,0.008881
4800,53.282400,2,0.000000,0.000000,0.000000,0.044416,0.000000,0.044416,0.008883,None,1.125861,1.600847,2.669773,2.669773,0.011104,0.000000,0.000000,0.000000,0.044403,0.008881
4800,53.282400,3,0.000000,0.000000,0.000000,0.044360,0.000000,0.044360,0.008872,None,3.634257,3.634257,8.839715,8.839715,0.011090,0.000000,0.000000,0.000000,0.044403,0.008881
4810,53.393410,0,0.000000,0.000000,0.000000,0.044443,0.000000,0.044443,0.008889,None,1.168707,4.992112,2.597847,2.597847,0.011111,0.000000,0.000000,0.000000,0.044402,0.008880
4810,53.393410,1,0.000000,0.000000,0.000000,0.044396,0.000000,0.044396,0.008879,None,1.244568,1.244568,9.384083,9.384083,0.011099,0.000000,0.000000,0.000000,0.044402,0.008880
4810,53.393410,2,0.000000,0.000000,0.000000,0.044411,0.000000,0.044411,0.008882,None,1.055516,1.710993,2.597847,2.597847,0.011103,0.000000,0.000000,0.000000,0.044402,0.008880
4810,53.393410,3,0.000000,0.000000,0.000000,0.044356,0.000000,0.044356,0.008871,None,3.635494,3.635494,8.985020,8.985020,0.011089,0.000000,0.000000,0.000000,0.044402,0.008880
4820,53.504410,0,0.000000,0.000000,0.000000,0.044447,0.000000,0.044447,0.008889,None,1.114702,4.892659,2.549758,2.549758,0.011112,0.000000,0.000000,0.000000,0.044402,0.008880
4820,53.504410,1,0.000000,0.000000,0.000000,0.044393,0.000000,0.044393,0.008879,None,1.287518,1.287518,9.537874,9.537874,0.011098,0.000000,0.000000,0.000000,0.044402,0.008880
4820,53.504410,2,0.000000,0.000000,0.000000,0.044409,0.000000,0.044409,0.008882,None,0.993715,1.820604,2.549758,2.549758,0.011102,0.000000,0.000000,0.000000,0.044402,0.008880
4820,53.504410,3,0.000000,0.000000,0.000000,0.044360,0.000000,0.044360,0.008872,None,3.639889,3.639889,9.133308,9.133308,0.011090,0.000000,0.000000,0.000000,0.044402,0.008880
4830,53.615420,0,0.000000,0.000000,0.000000,0.044445,0.000000,0.044445,0.008889,None,1.068025,4.794709,2.524215,2.524215,0.011111,0.000000,0.000000,0.000000,0.044403,0.008881
4830,53.615420,1,0.000000,0.000000,0.000000,0.044396,0.000000,0.044396,0.008879,None,1.333296,1.333296,9.690382,9.690382,0.011099,0.000000,0.000000,0.000000,0.044403,0.008881
4830,53.615420,2,0.000000,0.000000,0.000000,0.044412,0.000000,0.044412,0.008882,None,0.940037,1.929672,2.524215,2.524215,0.011103,0.000000,0.000000,0.000000,0.044403,0.008881
4830,53.615420,3,0.000000,0.000000,0.000000,0.044360,0.000000,0.044360,0.008872,None,3.646684,3.646684,9.284380,9.284380,0.011090,0.000000,0.000000,0.000000,0.044403,0.008881
4840,53.726430,0,0.000000,0.000000,0.000000,0.044441,0.000000,0.044441,0.008888,None,1.029783,4.698560,2.521140,2.521140,0.011110,0.000000,0.000000,0.000000,0.044402,0.008880
4840,53.726430,1,0.000000,0.000000,0.000000,0.044395,0.000000,0.044395,0.008879,None,1.381819,1.381819,9.841413,9.841413,0.011099,0.000000,0.000000,0.000000,0.044402,0.008880
4840,53.726430,2,0.000000,0.000000,0.000000,0.044415,0.000000,0.044415,0.008883,None,0.894917,2.038093,2.521140,2.521140,0.011104,0.000000,0.000000,0.000000,0.044402,0.008880
4840,53.726430,3,0.000000,0.000000,0.000000,0.044357,0.000000,0.044357,0.008871,None,3.655884,3.655884,9.438061,9.438061,0.011089,0.000000,0.000000,0.000000,0.044402,0.008880
4850,53.837440,0,0.000000,0.000000,0.000000,0.044444,0.000000,0.044444,0.008889,None,1.000507,4.603937,2.539834,2.539834,0.011111,0.000000,0.000000,0.000000,0.037151,0.007430
4850,53.837440,1,0.000000,0.000000,0.000000,0.015397,0.000000,0.015397,0.003079,None,1.386806,1.386806,9.915802,9.915802,0.003849,0.000000,0.000000,0.000000,0.037151,0.007430
4850,53.837440,2,0.000000,0.000000,0.000000,0.044412,0.000000,0.044412,0.008882,None,0.858826,2.145825,2.539834,2.539834,0.011103,0.000000,0.000000,0.000000,0.037151,0.007430
4850,53.837440,3,0.000000,0.000000,0.000000,0.044352,0.000000,0.044352,0.008870,None,3.667348,3.667348,9.594165,9.594165,0.011088,0.000000,0.000000,0.000000,0.037151,0.007430
4860,53.948440,0,0.000000,0.000000,0.000000,0.044438,0.000000,0.044438,0.008888,None,0.981349,4.511349,2.579815,2.579815,0.011110,0.000000,0.000000,0.000000,0.034489,0.006898
4860,53.948440,1,0.000000,0.000000,0.000000,0.004747,0.000000,0.004747,0.000949,None,1.386806,1.386806,9.980371,9.980371,0.001187,0.000000,0.000000,0.000000,0.034489,0.006898
4860,53.948440,2,0.000000,0.000000,0.000000,0.044415,0.000000,0.044415,0.008883,None,0.832601,2.252798,2.579815,2.579815,0.011104,0.000000,0.000000,0.000000,0.034489,0.006898
4860,53.948440,3,0.000000,0.000000,0.000000,0.044357,0.000000,0.044357,0.008871,None,3.681329,3.681329,9.752360,9.752360,0.011089,0.000000,0.000000,0.000000,0.034489,0.006898
4870,54.059450,0,0.000000,0.000000,0.000000,0.044449,0.000000,0.044449,0.008890,None,0.972788,4.420139,2.640458,2.640458,0.011112,0.000000,0.000000,0.000000,0.033672,0.006734
4870,54.059450,1,0.000000,0.000000,0.000000,0.001464,0.000000,0.001464,0.000293,None,1.386806,1.386806,10.043560,10.043560,0.000366,0.000000,0.000000,0.000000,0.033672,0.006734
4870,54.059450,2,0.000000,0.000000,0.000000,0.044413,0.000000,0.044413,0.008883,None,0.817213,2.358893,2.640458,2.640458,0.011103,0.000000,0.000000,0.000000,0.033672,0.006734
4870,54.059450,3,0.000000,0.000000,0.000000,0.044361,0.000000,0.044361,0.008872,None,3.697739,3.697739,9.768106,9.768106,0.011090,0.000000,0.000000,0.000000,0.033672,0.006734
4880,54.170460,0,0.000000,0.000000,0.000000,0.044446,0.000000,0.044446,0.008889,None,0.976115,4.331182,2.720359,2.720359,0.011111,0.000000,0.000000,0.000000,0.041096,0.008219
4880,54.170460,1,0.000000,0.000000,0.000000,0.031169,0.000000,0.031169,0.006234,None,1.556364,1.556364,10.167600,10.167600,0.007792,0.000000,0.000000,0.000000,0.041096,0.008219
4880,54.170460,2,0.000000,0.000000,0.000000,0.044416,0.000000,0.044416,0.008883,None,0.813111,2.464175,2.720359,2.720359,0.011104,0.000000,0.000000,0.000000,0.041096,0.008219
4880,54.170460,3,0.000000,0.000000,0.000000,0.044355,0.000000,0.044355,0.008871,None,3.716531,3.716531,9.736019,9.736019,0.011089,0.000000,0.000000,0.000000,0.041096,0.008219
4890,54.281470,0,0.000000,0.000000,0.000000,0.044448,0.000000,0.044448,0.008890,None,0.991635,4.244174,2.818094,2.818094,0.011112,0.000000,0.000000,0.000000,0.043387,0.008677
4890,54.281470,1,0.000000,0.000000,0.000000,0.040333,0.000000,0.040333,0.008067,None,1.702804,1.702804,10.292780,10.292780,0.010083,0.000000,0.000000,0.000000,0.043387,0.008677
4890,54.281470,2,0.000000,0.000000,0.000000,0.044415,0.000000,0.044415,0.008883,None,0.821508,2.568483,2.818094,2.818094,0.011104,0.000000,0.000000,0.000000,0.043387,0.008677
4890,54.281470,3,0.000000,0.000000,0.000000,0.044352,0.000000,0.044352,0.008870,None,3.737770,3.737770,9.703272,9.703272,0.011088,0.000000,0.000000,0.000000,0.043387,0.008677
4900,54.392480,0,0.000000,0.000000,0.000000,0.044439,0.000000,0.044439,0.008888,None,1.020534,4.159390,2.932837,2.932837,0.011110,0.000000,0.000000,0.000000,0.044092,0.008818
4900,54.392480,1,0.000000,0.000000,0.000000,0.043160,0.000000,0.043160,0.008632,None,1.773873,1.773873,10.422120,10.422120,0.010790,0.000000,0.000000,0.000000,0.044092,0.008818
4900,54.392480,2,0.000000,0.000000,0.000000,0.044413,0.000000,0.044413,0.008883,None,0.843051,2.671781,2.932837,2.932837,0.011103,0.000000,0.000000,0.000000,0.044092,0.008818
4900,54.392480,3,0.000000,0.000000,0.000000,0.044355,0.000000,0.044355,0.008871,None,3.761378,3.761378,9.670089,9.670089,0.011089,0.000000,0.000000,0.000000,0.044092,0.008818
4910,54.503480,0,0.000000,0.000000,0.000000,0.044436,0.000000,0.044436,0.008887,None,1.062819,4.076616,3.062800,3.062800,0.011109,0.000000,0.000000,0.000000,0.044308,0.008862
4910,54.503480,1,0.000000,0.000000,0.000000,0.044028,0.000000,0.044028,0.008806,None,1.822734,1.822734,10.552460,10.552460,0.011007,0.000000,0.000000,0.000000,0.044308,0.008862
4910,54.503480,2,0.000000,0.000000,0.000000,0.044415,0.000000,0.044415,0.008883,None,0.878318,2.774065,3.062800,3.062800,0.011104,0.000000,0.000000,0.000000,0.044308,0.008862
4910,54.503480,3,0.000000,0.000000,0.000000,0.044354,0.000000,0.044354,0.008871,None,3.787373,3.787373,9.636114,9.636114,0.011089,0.000000,0.000000,0.000000,0.044308,0.008862
4920,54.614490,0,0.000000,0.000000,0.000000,0.024675,0.000000,0.024675,0.004935,None,1.111902,4.036052,3.166721,3.166721,0.006169,0.000000,0.000000,0.000000,0.039437,0.007887
4920,54.614490,1,0.000000,0.000000,0.000000,0.044299,0.000000,0.044299,0.008860,None,1.870940,1.870940,10.652390,10.652390,0.011075,0.000000,0.000000,0.000000,0.039437,0.007887
4920,54.614490,2,0.000000,0.000000,0.000000,0.044414,0.000000,0.044414,0.008883,None,0.925792,2.875164,3.166721,3.166721,0.011104,0.000000,0.000000,0.000000,0.039437,0.007887
4920,54.614490,3,0.000000,0.000000,0.000000,0.044360,0.000000,0.044360,0.008872,None,3.815683,3.815683,9.601955,9.601955,0.011090,0.000000,0.000000,0.000000,0.039437,0.007887
4930,54.725500,0,0.000000,0.000000,0.000000,0.007608,0.000000,0.007608,0.001522,None,1.137683,4.036052,3.237440,3.237440,0.001902,0.000000,0.000000,0.000000,0.031027,0.006205
4930,54.725500,1,0.000000,0.000000,0.000000,0.044377,0.000000,0.044377,0.008875,None,1.921253,1.921253,10.721430,10.721430,0.011094,0.000000,0.000000,0.000000,0.031027,0.006205
4930,54.725500,2,0.000000,0.000000,0.000000,0.044417,0.000000,0.044417,0.008883,None,0.975039,2.975070,3.237440,3.237440,0.011104,0.000000,0.000000,0.000000,0.031027,0.006205
4930,54.725500,3,0.000000,0.000000,0.000000,0.027707,0.000000,0.027707,0.005541,None,3.833779,3.833779,9.534966,9.534966,0.006927,0.000000,0.000000,0.000000,0.031027,0.006205
4940,54.836510,0,0.000000,0.000000,0.000000,0.029444,0.000000,0.029444,0.005889,None,1.140824,3.954633,3.329089,3.329089,0.007361,0.000000,0.000000,0.000000,0.031704,0.006341
4940,54.836510,1,0.000000,0.000000,0.000000,0.044408,0.000000,0.044408,0.008882,None,1.973980,1.973980,10.846500,10.846500,0.011102,0.000000,0.000000,0.000000,0.031704,0.006341
4940,54.836510,2,0.000000,0.000000,0.000000,0.044420,0.000000,0.044420,0.008884,None,1.032820,3.073731,3.329089,3.329089,0.011105,0.000000,0.000000,0.000000,0.031704,0.006341
4940,54.836510,3,0.000000,0.000000,0.000000,0.008543,0.000000,0.008543,0.001709,None,3.833779,3.833779,9.419497,9.419497,0.002136,0.000000,0.000000,0.000000,0.031704,0.006341
4950,54.947510,0,0.000000,0.000000,0.000000,0.039806,0.000000,0.039806,0.007961,None,1.186971,3.861959,3.414290,3.414290,0.009952,0.000000,0.000000,0.000000,0.032818,0.006564
4950,54.947510,1,0.000000,0.000000,0.000000,0.044413,0.000000,0.044413,0.008883,None,2.029067,2.029067,10.980970,10.980970,0.011103,0.000000,0.000000,0.000000,0.032818,0.006564
4950,54.947510,2,0.000000,0.000000,0.000000,0.044420,0.000000,0.044420,0.008884,None,1.108773,3.171026,3.414290,3.414290,0.011105,0.000000,0.000000,0.000000,0.032818,0.006564
4950,54.947510,3,0.000000,0.000000,0.000000,0.002634,0.000000,0.002634,0.000527,None,3.833779,3.833779,9.304839,9.304839,0.000659,0.000000,0.000000,0.000000,0.032818,0.006564
4960,55.058520,0,0.000000,0.000000,0.000000,0.042994,0.000000,0.042994,0.008599,None,1.273263,3.780772,3.528171,3.528171,0.010748,0.000000,0.000000,0.000000,0.033162,0.006632
4960,55.058520,1,0.000000,0.000000,0.000000,0.044421,0.000000,0.044421,0.008884,None,2.086585,2.086585,11.110400,11.110400,0.011105,0.000000,0.000000,0.000000,0.033162,0.006632
4960,55.058520,2,0.000000,0.000000,0.000000,0.044421,0.000000,0.044421,0.008884,None,1.200462,3.266916,3.528171,3.528171,0.011105,0.000000,0.000000,0.000000,0.033162,0.006632
4960,55.058520,3,0.000000,0.000000,0.000000,0.000812,0.000000,0.000812,0.000162,None,3.833779,3.833779,9.191016,9.191016,0.000203,0.000000,0.000000,0.000000,0.033162,0.006632
4970,55.169530,0,0.000000,0.000000,0.000000,0.043975,0.000000,0.043975,0.008795,None,1.379067,3.704110,3.622744,3.622744,0.010994,0.000000,0.000000,0.000000,0.033266,0.006653
4970,55.169530,1,0.000000,0.000000,0.000000,0.044418,0.000000,0.044418,0.008884,None,2.146452,2.146452,11.237260,11.237260,0.011104,0.000000,0.000000,0.000000,0.033266,0.006653
4970,55.169530,2,0.000000,0.000000,0.000000,0.044419,0.000000,0.044419,0.008884,None,1.305794,3.361327,3.622744,3.622744,0.011105,0.000000,0.000000,0.000000,0.033266,0.006653
4970,55.169530,3,0.000000,0.000000,0.000000,0.000250,0.000000,0.000250,0.000050,None,3.833779,3.833779,9.078236,9.078236,0.000063,0.000000,0.000000,0.000000,0.033266,0.006653
4980,55.280540,0,0.000000,0.000000,0.000000,0.044279,0.000000,0.044279,0.008856,None,1.494513,3.629888,3.687112,3.687112,0.011070,0.000000,0.000000,0.000000,0.029997,0.005999
4980,55.280540,1,0.000000,0.000000,0.000000,0.044420,0.000000,0.044420,0.008884,None,2.208644,2.208644,11.362390,11.362390,0.011105,0.000000,0.000000,0.000000,0.029997,0.005999
4980,55.280540,2,0.000000,0.000000,0.000000,0.031211,0.000000,0.031211,0.006242,None,1.410414,3.426507,3.687112,3.687112,0.007803,0.000000,0.000000,0.000000,0.029997,0.005999
4980,55.280540,3,0.000000,0.000000,0.000000,0.000077,0.000000,0.000077,0.000015,None,3.833779,3.833779,8.999883,8.999883,0.000019,0.000000,0.000000,0.000000,0.029997,0.005999
4990,55.391540,0,0.000000,0.000000,0.000000,0.044369,0.000000,0.044369,0.008874,None,1.595016,3.558024,3.733309,3.733309,0.011092,0.000000,0.000000,0.000000,0.024609,0.004922
4990,55.391540,1,0.000000,0.000000,0.000000,0.044422,0.000000,0.044422,0.008884,None,2.226161,2.226161,11.485830,11.485830,0.011105,0.000000,0.000000,0.000000,0.024609,0.004922
4990,55.391540,2,0.000000,0.000000,0.000000,0.009622,0.000000,0.009622,0.001924,None,1.470865,3.426507,3.733309,3.733309,0.002406,0.000000,0.000000,0.000000,0.024609,0.004922
4990,55.391540,3,0.000000,0.000000,0.000000,0.000024,0.000000,0.000024,0.000005,None,3.833779,3.833779,8.999883,8.999883,0.000006,0.000000,0.000000,0.000000,0.024609,0.004922
5000,55.502550,0,0.000000,0.000000,0.000000,0.044405,0.000000,0.044405,0.008881,None,1.687538,3.488216,3.784417,3.784417,0.011101,0.000000,0.000000,0.000000,0.022950,0.004590
5000,55.502550,1,0.000000,0.000000,0.000000,0.044420,0.000000,0.044420,0.008884,None,2.152187,2.152187,11.607640,11.607640,0.011105,0.000000,0.000000,0.000000,0.022950,0.004590
5000,55.502550,2,0.000000,0.000000,0.000000,0.002967,0.000000,0.002967,0.000593,None,1.521408,3.426507,3.784417,3.784417,0.000742,0.000000,0.000000,0.000000,0.022950,0.004590
5000,55.502550,3,0.000000,0.000000,0.000000,0.000007,0.000000,0.000007,0.000001,None,3.833779,3.833779,8.999883,8.999883,0.000002,0.000000,0.000000,0.000000,0.022950,0.004590
5010,55.613560,0,0.000000,0.000000,0.000000,0.044417,0.000000,0.044417,0.008883,None,1.778835,3.420864,3.840290,3.840290,0.011104,0.000000,0.000000,0.000000,0.022440,0.004488
5010,55.613560,1,0.000000,0.000000,0.000000,0.044426,0.000000,0.044426,0.008885,None,2.080236,2.080236,11.727790,11.727790,0.011106,0.000000,0.000000,0.000000,0.022440,0.004488
5010,55.613560,2,0.000000,0.000000,0.000000,0.000914,0.000000,0.000914,0.000183,None,1.570826,3.426507,3.840290,3.840290,0.000229,0.000000,0.000000,0.000000,0.022440,0.004488
5010,55.613560,3,0.000000,0.000000,0.000000,0.000002,0.000000,0.000002,0.000000,None,3.833779,3.833779,8.999883,8.999883,0.000001,0.000000,0.000000,0.000000,0.022440,0.004488
5020,55.724570,0,0.000000,0.000000,0.000000,0.044415,0.000000,0.044415,0.008883,None,1.870692,3.356125,3.891881,3.891881,0.011104,0.000000,0.000000,0.000000,0.022281,0.004456
5020,55.724570,1,0.000000,0.000000,0.000000,0.044425,0.000000,0.044425,0.008885,None,2.010693,2.010693,11.846140,11.846140,0.011106,0.000000,0.000000,0.000000,0.022281,0.004456
5020,55.724570,2,0.000000,0.000000,0.000000,0.000283,0.000000,0.000283,0.000057,None,1.621481,3.426507,3.891881,3.891881,0.000071,0.000000,0.000000,0.000000,0.022281,0.004456
5020,55.724570,3,0.000000,0.000000,0.000000,0.000000,0.000000,0.000000,0.000000,None,3.833779,3.833779,8.999883,8.999883,0.000000,0.000000,0.000000,0.000000,0.022281,0.004456
5030,55.835580,0,0.000000,0.000000,0.000000,0.044406,0.000000,0.044406,0.008881,None,1.963374,3.294044,3.943743,3.943743,0.011101,0.000000,0.000000,0.000000,0.022229,0.004446
5030,55.835580,1,0.000000,0.000000,0.000000,0.044422,0.000000,0.044422,0.008884,None,1.943447,1.943447,11.910440,11.910440,0.011105,0.000000,0.000000,0.000000,0.022229,0.004446
5030,55.835580,2,0.000000,0.000000,0.000000,0.000087,0.000000,0.000087,0.000017,None,1.673899,3.426507,3.943743,3.943743,0.000022,0.000000,0.000000,0.000000,0.022229,0.004446
5030,55.835580,3,0.000000,0.000000,0.000000,0.000000,0.000000,0.000000,0.000000,None,3.833779,3.833779,8.999883,8.999883,0.000000,0.000000,0.000000,0.000000,0.022229,0.004446
5040,55.946580,0,0.000000,0.000000,0.000000,0.044413,0.000000,0.044413,0.008883,None,2.017876,3.234322,4.000297,4.000297,0.011103,0.000000,0.000000,0.000000,0.022216,0.004443
5040,55.946580,1,0.000000,0.000000,0.000000,0.044426,0.000000,0.044426,0.008885,None,1.878291,1.878291,11.838500,11.838500,0.011107,0.000000,0.000000,0.000000,0.022216,0.004443
5040,55.946580,2,0.000000,0.000000,0.000000,0.000026,0.000000,0.000026,0.000005,None,1.728086,3.426507,4.000297,4.000297,0.000007,0.000000,0.000000,0.000000,0.022216,0.004443
5040,55.946580,3,0.000000,0.000000,0.000000,0.000000,0.000000,0.000000,0.000000,None,3.833779,3.833779,8.999883,8.999883,0.000000,0.000000,0.000000,0.000000,0.022216,0.004443
5050,56.057590,0,0.000000,0.000000,0.000000,0.044408,0.000000,0.044408,0.008882,None,2.056119,3.177120,4.082637,4.082637,0.011102,0.000000,0.000000,0.000000,0.028707,0.005741
5050,56.057590,1,0.000000,0.000000,0.000000,0.044425,0.000000,0.044425,0.008885,None,1.815587,1.815587,11.924650,11.924650,0.011106,0.000000,0.000000,0.000000,0.028707,0.005741
5050,56.057590,2,0.000000,0.000000,0.000000,0.009315,0.000000,0.009315,0.001863,None,1.834643,3.435139,4.082637,4.082637,0.002329,0.000000,0.000000,0.000000,0.028707,0.005741
5050,56.057590,3,0.000000,0.000000,0.000000,0.016681,0.000000,0.016681,0.003336,None,3.669501,3.669501,9.054221,9.054221,0.004170,0.000000,0.000000,0.000000,0.028707,0.005741
5060,56.168600,0,0.000000,0.000000,0.000000,0.044413,0.000000,0.044413,0.008883,None,2.116392,3.122457,4.282629,4.282629,0.011103,0.000000,0.000000,0.000000,0.039570,0.007914
5060,56.168600,1,0.000000,0.000000,0.000000,0.044420,0.000000,0.044420,0.008884,None,1.755200,1.755200,12.302240,12.302240,0.011105,0.000000,0.000000,0.000000,0.039570,0.007914
5060,56.168600,2,0.000000,0.000000,0.000000,0.033573,0.000000,0.033573,0.006715,None,2.116278,3.456581,4.282629,4.282629,0.008393,0.000000,0.000000,0.000000,0.039570,0.007914
5060,56.168600,3,0.000000,0.000000,0.000000,0.035876,0.000000,0.035876,0.007175,None,3.172266,3.172266,9.219187,9.219187,0.008969,0.000000,0.000000,0.000000,0.039570,0.007914
5070,56.279610,0,0.000000,0.000000,0.000000,0.044411,0.000000,0.044411,0.008882,None,2.192292,3.070411,4.466189,4.466189,0.011103,0.000000,0.000000,0.000000,0.042917,0.008583
5070,56.279610,1,0.000000,0.000000,0.000000,0.044426,0.000000,0.044426,0.008885,None,1.697021,1.697021,12.411960,12.411960,0.011106,0.000000,0.000000,0.000000,0.042917,0.008583
5070,56.279610,2,0.000000,0.000000,0.000000,0.041043,0.000000,0.041043,0.008209,None,2.229350,3.492558,4.466189,4.466189,0.010261,0.000000,0.000000,0.000000,0.042917,0.008583
5070,56.279610,3,0.000000,0.000000,0.000000,0.041788,0.000000,0.041788,0.008358,None,2.942070,2.942070,9.318541,9.318541,0.010447,0.000000,0.000000,0.000000,0.042917,0.008583
5080,56.390610,0,0.000000,0.000000,0.000000,0.044406,0.000000,0.044406,0.008881,None,2.276069,3.021115,4.639032,4.639032,0.011101,0.000000,0.000000,0.000000,0.043950,0.008790
5080,56.390610,1,0.000000,0.000000,0.000000,0.044425,0.000000,0.044425,0.008885,None,1.641195,1.641195,12.436300,12.436300,0.011106,0.000000,0.000000,0.000000,0.043950,0.008790
5080,56.390610,2,0.000000,0.000000,0.000000,0.043353,0.000000,0.043353,0.008671,None,2.323749,3.540237,4.639032,4.639032,0.010838,0.000000,0.000000,0.000000,0.043950,0.008790
5080,56.390610,3,0.000000,0.000000,0.000000,0.043616,0.000000,0.043616,0.008723,None,2.851429,2.851429,9.373355,9.373355,0.010904,0.000000,0.000000,0.000000,0.043950,0.008790
5090,56.501620,0,0.000000,0.000000,0.000000,0.044413,0.000000,0.044413,0.008883,None,2.364812,2.974125,4.812895,4.812895,0.011103,0.000000,0.000000,0.000000,0.037016,0.007403
5090,56.501620,1,0.000000,0.000000,0.000000,0.015408,0.000000,0.015408,0.003082,None,1.635765,1.635765,12.436890,12.436890,0.003852,0.000000,0.000000,0.000000,0.037016,0.007403
5090,56.501620,2,0.000000,0.000000,0.000000,0.044061,0.000000,0.044061,0.008812,None,2.413785,3.590680,4.812895,4.812895,0.011015,0.000000,0.000000,0.000000,0.037016,0.007403
5090,56.501620,3,0.000000,0.000000,0.000000,0.044180,0.000000,0.044180,0.008836,None,2.805596,2.805596,9.414072,9.414072,0.011045,0.000000,0.000000,0.000000,0.037016,0.007403
5100,56.612630,0,0.000000,0.000000,0.000000,0.044409,0.000000,0.044409,0.008882,None,2.457254,2.929762,4.991731,4.991731,0.011102,0.000000,0.000000,0.000000,0.038617,0.007723
5100,56.612630,1,0.000000,0.000000,0.000000,0.021430,0.000000,0.021430,0.004286,None,1.604664,1.604664,12.411570,12.411570,0.005357,0.000000,0.000000,0.000000,0.038617,0.007723
5100,56.612630,2,0.000000,0.000000,0.000000,0.044281,0.000000,0.044281,0.008856,None,2.504678,3.640314,4.991731,4.991731,0.011070,0.000000,0.000000,0.000000,0.038617,0.007723
5100,56.612630,3,0.000000,0.000000,0.000000,0.044348,0.000000,0.044348,0.008870,None,2.773685,2.773685,9.452312,9.452312,0.011087,0.000000,0.000000,0.000000,0.038617,0.007723
5110,56.723640,0,0.000000,0.000000,0.000000,0.044413,0.000000,0.044413,0.008883,None,2.552695,2.888001,5.176191,5.176191,0.011103,0.000000,0.000000,0.000000,0.042627,0.008525
5110,56.723640,1,0.000000,0.000000,0.000000,0.037338,0.000000,0.037338,0.007468,None,1.528647,1.528647,12.348500,12.348500,0.009334,0.000000,0.000000,0.000000,0.042627,0.008525
5110,56.723640,2,0.000000,0.000000,0.000000,0.044352,0.000000,0.044352,0.008870,None,2.597775,3.687992,5.176191,5.176191,0.011088,0.000000,0.000000,0.000000,0.042627,0.008525
5110,56.723640,3,0.000000,0.000000,0.000000,0.044405,0.000000,0.044405,0.008881,None,2.746504,2.746504,9.492307,9.492307,0.011101,0.000000,0.000000,0.000000,0.042627,0.008525
5120,56.834640,0,0.000000,0.000000,0.000000,0.044410,0.000000,0.044410,0.008882,None,2.650739,2.848924,5.366055,5.366055,0.011103,0.000000,0.000000,0.000000,0.043862,0.008772
5120,56.834640,1,0.000000,0.000000,0.000000,0.042240,0.000000,0.042240,0.008448,None,1.470544,1.470544,12.259250,12.259250,0.010560,0.000000,0.000000,0.000000,0.043862,0.008772
5120,56.834640,2,0.000000,0.000000,0.000000,0.044373,0.000000,0.044373,0.008875,None,2.693259,3.733342,5.366055,5.366055,0.011093,0.000000,0.000000,0.000000,0.043862,0.008772
5120,56.834640,3,0.000000,0.000000,0.000000,0.044424,0.000000,0.044424,0.008885,None,2.722610,2.722610,9.534881,9.534881,0.011106,0.000000,0.000000,0.000000,0.043862,0.008772
5130,56.945650,0,0.000000,0.000000,0.000000,0.044407,0.000000,0.044407,0.008881,None,2.750934,2.812252,5.560655,5.560655,0.011102,0.000000,0.000000,0.000000,0.044242,0.008848
5130,56.945650,1,0.000000,0.000000,0.000000,0.043757,0.000000,0.043757,0.008751,None,1.419519,1.419519,12.159190,12.159190,0.010939,0.000000,0.000000,0.000000,0.044242,0.008848
5130,56.945650,2,0.000000,0.000000,0.000000,0.044384,0.000000,0.044384,0.008877,None,2.790918,3.776282,5.560655,5.560655,0.011096,0.000000,0.000000,0.000000,0.044242,0.008848
5130,56.945650,3,0.000000,0.000000,0.000000,0.044420,0.000000,0.044420,0.008884,None,2.701464,2.701464,9.580186,9.580186,0.011105,0.000000,0.000000,0.000000,0.044242,0.008848
5140,57.056660,0,0.000000,0.000000,0.000000,0.044405,0.000000,0.044405,0.008881,None,2.778146,2.778146,5.759425,5.759425,0.011101,0.000000,0.000000,0.000000,0.044358,0.008872
5140,57.056660,1,0.000000,0.000000,0.000000,0.044214,0.000000,0.044214,0.008843,None,1.371430,1.371430,12.054270,12.054270,0.011054,0.000000,0.000000,0.000000,0.044358,0.008872
5140,57.056660,2,0.000000,0.000000,0.000000,0.044385,0.000000,0.044385,0.008877,None,2.890453,3.816806,5.759425,5.759425,0.011096,0.000000,0.000000,0.000000,0.044358,0.008872
5140,57.056660,3,0.000000,0.000000,0.000000,0.044427,0.000000,0.044427,0.008885,None,2.682862,2.682862,9.628954,9.628954,0.011107,0.000000,0.000000,0.000000,0.044358,0.008872
5150,57.167670,0,0.000000,0.000000,0.000000,0.044406,0.000000,0.044406,0.008881,None,2.746552,2.746552,5.961915,5.961915,0.011102,0.000000,0.000000,0.000000,0.044393,0.008879
5150,57.167670,1,0.000000,0.000000,0.000000,0.044354,0.000000,0.044354,0.008871,None,1.326073,1.326073,11.944910,11.944910,0.011089,0.000000,0.000000,0.000000,0.044393,0.008879
5150,57.167670,2,0.000000,0.000000,0.000000,0.044385,0.000000,0.044385,0.008877,None,2.991689,3.854894,5.961915,5.961915,0.011096,0.000000,0.000000,0.000000,0.044393,0.008879
5150,57.167670,3,0.000000,0.000000,0.000000,0.044427,0.000000,0.044427,0.008885,None,2.667027,2.667027,9.680758,9.680758,0.011107,0.000000,0.000000,0.000000,0.044393,0.008879
5160,57.278680,0,0.000000,0.000000,0.000000,0.044403,0.000000,0.044403,0.008881,None,2.717492,2.717492,6.167616,6.167616,0.011101,0.000000,0.000000,0.000000,0.044402,0.008880
5160,57.278680,1,0.000000,0.000000,0.000000,0.044399,0.000000,0.044399,0.008880,None,1.282966,1.282966,11.831530,11.831530,0.011100,0.000000,0.000000,0.000000,0.044402,0.008880
5160,57.278680,2,0.000000,0.000000,0.000000,0.044383,0.000000,0.044383,0.008877,None,3.094394,3.890529,6.167616,6.167616,0.011096,0.000000,0.000000,0.000000,0.044402,0.008880
5160,57.278680,3,0.000000,0.000000,0.000000,0.044423,0.000000,0.044423,0.008885,None,2.653713,2.653713,9.735869,9.735869,0.011106,0.000000,0.000000,0.000000,0.044402,0.008880
5170,57.389680,0,0.000000,0.000000,0.000000,0.044409,0.000000,0.044409,0.008882,None,2.690733,2.690733,6.376201,6.376201,0.011102,0.000000,0.000000,0.000000,0.044408,0.008882
5170,57.389680,1,0.000000,0.000000,0.000000,0.044417,0.000000,0.044417,0.008883,None,1.242240,1.242240,11.714150,11.714150,0.011104,0.000000,0.000000,0.000000,0.044408,0.008882
5170,57.389680,2,0.000000,0.000000,0.000000,0.044384,0.000000,0.044384,0.008877,None,3.198421,3.923688,6.376201,6.376201,0.011096,0.000000,0.000000,0.000000,0.044408,0.008882
5170,57.389680,3,0.000000,0.000000,0.000000,0.044423,0.000000,0.044423,0.008885,None,2.642890,2.642890,9.794320,9.794320,0.011106,0.000000,0.000000,0.000000,0.044408,0.008882
5180,57.500690,0,0.000000,0.000000,0.000000,0.033446,0.000000,0.033446,0.006689,None,2.680613,2.680613,6.536133,6.536133,0.008361,0.000000,0.000000,0.000000,0.041671,0.008334
5180,57.500690,1,0.000000,0.000000,0.000000,0.044428,0.000000,0.044428,0.008886,None,1.204391,1.204391,11.592050,11.592050,0.011107,0.000000,0.000000,0.000000,0.041671,0.008334
5180,57.500690,2,0.000000,0.000000,0.000000,0.044385,0.000000,0.044385,0.008877,None,3.288602,3.954430,6.536133,6.536133,0.011096,0.000000,0.000000,0.000000,0.041671,0.008334
5180,57.500690,3,0.000000,0.000000,0.000000,0.044425,0.000000,0.044425,0.008885,None,2.634911,2.634911,9.856089,9.856089,0.011106,0.000000,0.000000,0.000000,0.041671,0.008334
5190,57.611700,0,0.000000,0.000000,0.000000,0.041035,0.000000,0.041035,0.008207,None,2.664988,2.664988,6.684122,6.684122,0.010259,0.000000,0.000000,0.000000,0.037949,0.007590
5190,57.611700,1,0.000000,0.000000,0.000000,0.044424,0.000000,0.044424,0.008885,None,1.169380,1.169380,11.466090,11.466090,0.011106,0.000000,0.000000,0.000000,0.037949,0.007590
5190,57.611700,2,0.000000,0.000000,0.000000,0.021911,0.000000,0.021911,0.004382,None,3.333045,3.966045,6.684122,6.684122,0.005478,0.000000,0.000000,0.000000,0.037949,0.007590
5190,57.611700,3,0.000000,0.000000,0.000000,0.044426,0.000000,0.044426,0.008885,None,2.629581,2.629581,9.947807,9.947807,0.011106,0.000000,0.000000,0.000000,0.037949,0.007590
5200,57.722710,0,0.000000,0.000000,0.000000,0.043378,0.000000,0.043378,0.008676,None,2.649517,2.649517,6.789473,6.789473,0.010844,0.000000,0.000000,0.000000,0.034748,0.006950
5200,57.722710,1,0.000000,0.000000,0.000000,0.044431,0.000000,0.044431,0.008886,None,1.137295,1.137295,11.335700,11.335700,0.011108,0.000000,0.000000,0.000000,0.034748,0.006950
5200,57.722710,2,0.000000,0.000000,0.000000,0.006756,0.000000,0.006756,0.001351,None,3.367128,3.966045,6.789473,6.789473,0.001689,0.000000,0.000000,0.000000,0.034748,0.006950
5200,57.722710,3,0.000000,0.000000,0.000000,0.044425,0.000000,0.044425,0.008885,None,2.626939,2.626939,10.057310,10.057310,0.011106,0.000000,0.000000,0.000000,0.034748,0.006950
5210,57.833710,0,0.000000,0.000000,0.000000,0.044101,0.000000,0.044101,0.008820,None,2.634384,2.634384,6.895560,6.895560,0.011025,0.000000,0.000000,0.000000,0.033759,0.006752
5210,57.833710,1,0.000000,0.000000,0.000000,0.044429,0.000000,0.044429,0.008886,None,1.108039,1.108039,11.201590,11.201590,0.011107,0.000000,0.000000,0.000000,0.033759,0.006752
5210,57.833710,2,0.000000,0.000000,0.000000,0.002083,0.000000,0.002083,0.000417,None,3.413125,3.966045,6.895560,6.895560,0.000521,0.000000,0.000000,0.000000,0.033759,0.006752
5210,57.833710,3,0.000000,0.000000,0.000000,0.044421,0.000000,0.044421,0.008884,None,2.626930,2.626930,10.166010,10.166010,0.011105,0.000000,0.000000,0.000000,0.033759,0.006752
5220,57.944720,0,0.000000,0.000000,0.000000,0.044313,0.000000,0.044313,0.008863,None,2.620550,2.620550,7.002341,7.002341,0.011078,0.000000,0.000000,0.000000,0.033452,0.006690
5220,57.944720,1,0.000000,0.000000,0.000000,0.044432,0.000000,0.044432,0.008886,None,1.081863,1.081863,11.063360,11.063360,0.011108,0.000000,0.000000,0.000000,0.033452,0.006690
5220,57.944720,2,0.000000,0.000000,0.000000,0.000642,0.000000,0.000642,0.000128,None,3.463212,3.966045,7.002341,7.002341,0.000161,0.000000,0.000000,0.000000,0.033452,0.006690
5220,57.944720,3,0.000000,0.000000,0.000000,0.044419,0.000000,0.044419,0.008884,None,2.629627,2.629627,10.273910,10.273910,0.011105,0.000000,0.000000,0.000000,0.033452,0.006690
5230,58.055730,0,0.000000,0.000000,0.000000,0.044383,0.000000,0.044383,0.008877,None,2.608806,2.608806,7.109869,7.109869,0.011096,0.000000,0.000000,0.000000,0.033358,0.006672
5230,58.055730,1,0.000000,0.000000,0.000000,0.044432,0.000000,0.044432,0.008886,None,1.058591,1.058591,10.921440,10.921440,0.011108,0.000000,0.000000,0.000000,0.033358,0.006672
5230,58.055730,2,0.000000,0.000000,0.000000,0.000198,0.000000,0.000198,0.000040,None,3.514916,3.966045,7.109869,7.109869,0.000050,0.000000,0.000000,0.000000,0.033358,0.006672
5230,58.055730,3,0.000000,0.000000,0.000000,0.044420,0.000000,0.044420,0.008884,None,2.634897,2.634897,10.381140,10.381140,0.011105,0.000000,0.000000,0.000000,0.033358,0.006672
5240,58.166740,0,0.000000,0.000000,0.000000,0.044408,0.000000,0.044408,0.008882,None,2.550513,2.550513,7.323354,7.323354,0.011102,0.000000,0.000000,0.000000,0.040580,0.008116
5240,58.166740,1,0.000000,0.000000,0.000000,0.044433,0.000000,0.044433,0.008887,None,1.038233,1.038233,10.775840,10.775840,0.011108,0.000000,0.000000,0.000000,0.040580,0.008116
5240,58.166740,2,0.000000,0.000000,0.000000,0.029059,0.000000,0.029059,0.005812,None,3.652476,3.908532,7.323354,7.323354,0.007265,0.000000,0.000000,0.000000,0.040580,0.008116
5240,58.166740,3,0.000000,0.000000,0.000000,0.044420,0.000000,0.044420,0.008884,None,2.642914,2.642914,10.579400,10.579400,0.011105,0.000000,0.000000,0.000000,0.040580,0.008116
5250,58.277740,0,0.000000,0.000000,0.000000,0.044415,0.000000,0.044415,0.008883,None,2.433711,2.433711,7.546460,7.546460,0.011104,0.000000,0.000000,0.000000,0.043232,0.008646
5250,58.277740,1,0.000000,0.000000,0.000000,0.044432,0.000000,0.044432,0.008886,None,1.020979,1.020979,10.626680,10.626680,0.011108,0.000000,0.000000,0.000000,0.043232,0.008646
5250,58.277740,2,0.000000,0.000000,0.000000,0.039667,0.000000,0.039667,0.007933,None,3.775267,3.831023,7.546460,7.546460,0.009917,0.000000,0.000000,0.000000,0.043232,0.008646
5250,58.277740,3,0.000000,0.000000,0.000000,0.044416,0.000000,0.044416,0.008883,None,2.653712,2.653712,10.626680,10.626680,0.011104,0.000000,0.000000,0.000000,0.043232,0.008646
5260,58.388750,0,0.000000,0.000000,0.000000,0.044413,0.000000,0.044413,0.008883,None,2.317028,2.317028,7.767058,7.767058,0.011103,0.000000,0.000000,0.000000,0.044050,0.008810
5260,58.388750,1,0.000000,0.000000,0.000000,0.044432,0.000000,0.044432,0.008886,None,1.006650,1.006650,10.473960,10.473960,0.011108,0.000000,0.000000,0.000000,0.044050,0.008810
5260,58.388750,2,0.000000,0.000000,0.000000,0.042941,0.000000,0.042941,0.008588,None,3.845280,3.845280,7.767058,7.767058,0.010735,0.000000,0.000000,0.000000,0.044050,0.008810
5260,58.388750,3,0.000000,0.000000,0.000000,0.044417,0.000000,0.044417,0.008883,None,2.667269,2.667269,10.473960,10.473960,0.011104,0.000000,0.000000,0.000000,0.044050,0.008810
5270,58.499760,0,0.000000,0.000000,0.000000,0.044415,0.000000,0.044415,0.008883,None,2.200168,2.200168,7.986880,7.986880,0.011104,0.000000,0.000000,0.000000,0.044302,0.008860
5270,58.499760,1,0.000000,0.000000,0.000000,0.044431,0.000000,0.044431,0.008886,None,0.995339,0.995339,10.318020,10.318020,0.011108,0.000000,0.000000,0.000000,0.044302,0.008860
5270,58.499760,2,0.000000,0.000000,0.000000,0.043944,0.000000,0.043944,0.008789,None,3.891077,3.891077,7.986880,7.986880,0.010986,0.000000,0.000000,0.000000,0.044302,0.008860
5270,58.499760,3,0.000000,0.000000,0.000000,0.044419,0.000000,0.044419,0.008884,None,2.683407,2.683407,10.318020,10.318020,0.011105,0.000000,0.000000,0.000000,0.044302,0.008860
5280,58.610770,0,0.000000,0.000000,0.000000,0.044414,0.000000,0.044414,0.008883,None,2.083431,2.083431,8.206530,8.206530,0.011104,0.000000,0.000000,0.000000,0.041076,0.008215
5280,58.610770,1,0.000000,0.000000,0.000000,0.044429,0.000000,0.044429,0.008886,None,0.987319,0.987319,10.173070,10.173070,0.011107,0.000000,0.000000,0.000000,0.041076,0.008215
5280,58.610770,2,0.000000,0.000000,0.000000,0.044254,0.000000,0.044254,0.008851,None,3.946011,3.946011,8.206530,8.206530,0.011064,0.000000,0.000000,0.000000,0.041076,0.008215
5280,58.610770,3,0.000000,0.000000,0.000000,0.031207,0.000000,0.031207,0.006241,None,2.696378,2.696378,10.173070,10.173070,0.007802,0.000000,0.000000,0.000000,0.041076,0.008215
5290,58.721780,0,0.000000,0.000000,0.000000,0.044417,0.000000,0.044417,0.008883,None,1.966589,1.966589,8.426141,8.426141,0.011104,0.000000,0.000000,0.000000,0.035703,0.007141
5290,58.721780,1,0.000000,0.000000,0.000000,0.044428,0.000000,0.044428,0.008886,None,0.982168,0.982168,10.060050,10.060050,0.011107,0.000000,0.000000,0.000000,0.035703,0.007141
5290,58.721780,2,0.000000,0.000000,0.000000,0.044348,0.000000,0.044348,0.008870,None,4.004416,4.004416,8.426141,8.426141,0.011087,0.000000,0.000000,0.000000,0.035703,0.007141
5290,58.721780,3,0.000000,0.000000,0.000000,0.009621,0.000000,0.009621,0.001924,None,2.696378,2.696378,10.060050,10.060050,0.002405,0.000000,0.000000,0.000000,0.035703,0.007141
5300,58.832780,0,0.000000,0.000000,0.000000,0.044412,0.000000,0.044412,0.008882,None,1.850009,1.850009,8.645587,8.645587,0.011103,0.000000,0.000000,0.000000,0.031295,0.006259
5300,58.832780,1,0.000000,0.000000,0.000000,0.013698,0.000000,0.013698,0.002740,None,0.982168,0.982168,10.009300,10.009300,0.003425,0.000000,0.000000,0.000000,0.031295,0.006259
5300,58.832780,2,0.000000,0.000000,0.000000,0.044381,0.000000,0.044381,0.008876,None,4.042559,4.064950,8.645587,8.645587,0.011095,0.000000,0.000000,0.000000,0.031295,0.006259
5300,58.832780,3,0.000000,0.000000,0.000000,0.022690,0.000000,0.022690,0.004538,None,2.733521,2.733521,10.009300,10.009300,0.005672,0.000000,0.000000,0.000000,0.031295,0.006259
5310,58.943790,0,0.000000,0.000000,0.000000,0.044414,0.000000,0.044414,0.008883,None,1.733411,1.733411,8.864766,8.864766,0.011103,0.000000,0.000000,0.000000,0.039930,0.007986
5310,58.943790,1,0.000000,0.000000,0.000000,0.033244,0.000000,0.033244,0.006649,None,1.007458,1.007458,9.774149,9.774149,0.008311,0.000000,0.000000,0.000000,0.039930,0.007986
5310,58.943790,2,0.000000,0.000000,0.000000,0.044380,0.000000,0.044380,0.008876,None,4.031771,4.119110,8.864766,8.864766,0.011095,0.000000,0.000000,0.000000,0.039930,0.007986
5310,58.943790,3,0.000000,0.000000,0.000000,0.037681,0.000000,0.037681,0.007536,None,2.824395,2.824395,9.774149,9.774149,0.009420,0.000000,0.000000,0.000000,0.039930,0.007986
5320,59.054800,0,0.000000,0.000000,0.000000,0.044410,0.000000,0.044410,0.008882,None,1.617161,1.617161,9.083652,9.083652,0.011102,0.000000,0.000000,0.000000,0.043024,0.008605
5320,59.054800,1,0.000000,0.000000,0.000000,0.040982,0.000000,0.040982,0.008196,None,1.038183,1.038183,9.553419,9.553419,0.010245,0.000000,0.000000,0.000000,0.043024,0.008605
5320,59.054800,2,0.000000,0.000000,0.000000,0.044388,0.000000,0.044388,0.008878,None,4.031061,4.162880,9.083652,9.083652,0.011097,0.000000,0.000000,0.000000,0.043024,0.008605
5320,59.054800,3,0.000000,0.000000,0.000000,0.042315,0.000000,0.042315,0.008463,None,2.889181,2.889181,9.553419,9.553419,0.010579,0.000000,0.000000,0.000000,0.043024,0.008605
5330,59.165810,0,0.000000,0.000000,0.000000,0.044409,0.000000,0.044409,0.008882,None,1.501104,1.501104,9.302086,9.302086,0.011102,0.000000,0.000000,0.000000,0.043976,0.008795
5330,59.165810,1,0.000000,0.000000,0.000000,0.043370,0.000000,0.043370,0.008674,None,1.058702,1.058702,9.357831,9.357831,0.010842,0.000000,0.000000,0.000000,0.043976,0.008795
5330,59.165810,2,0.000000,0.000000,0.000000,0.044391,0.000000,0.044391,0.008878,None,4.033201,4.206995,9.302086,9.302086,0.011098,0.000000,0.000000,0.000000,0.043976,0.008795
5330,59.165810,3,0.000000,0.000000,0.000000,0.043733,0.000000,0.043733,0.008747,None,2.937394,2.937394,9.357831,9.357831,0.010933,0.000000,0.000000,0.000000,0.043976,0.008795
5340,59.276810,0,0.000000,0.000000,0.000000,0.044411,0.000000,0.044411,0.008882,None,1.385351,1.385351,9.519938,9.519938,0.011103,0.000000,0.000000,0.000000,0.044269,0.008854
5340,59.276810,1,0.000000,0.000000,0.000000,0.044104,0.000000,0.044104,0.008821,None,1.075252,1.075252,9.172073,9.172073,0.011026,0.000000,0.000000,0.000000,0.044269,0.008854
5340,59.276810,2,0.000000,0.000000,0.000000,0.044390,0.000000,0.044390,0.008878,None,4.036054,4.250915,9.519938,9.519938,0.011098,0.000000,0.000000,0.000000,0.044269,0.008854
5340,59.276810,3,0.000000,0.000000,0.000000,0.044169,0.000000,0.044169,0.008834,None,2.980441,2.980441,9.172073,9.172073,0.011042,0.000000,0.000000,0.000000,0.044269,0.008854
5350,59.387820,0,0.000000,0.000000,0.000000,0.044413,0.000000,0.044413,0.008883,None,1.269903,1.269903,9.737112,9.737112,0.011103,0.000000,0.000000,0.000000,0.044359,0.008872
5350,59.387820,1,0.000000,0.000000,0.000000,0.044329,0.000000,0.044329,0.008866,None,1.092108,1.092108,8.988455,8.988455,0.011082,0.000000,0.000000,0.000000,0.044359,0.008872
5350,59.387820,2,0.000000,0.000000,0.000000,0.044387,0.000000,0.044387,0.008877,None,4.038650,4.296979,9.737112,9.737112,0.011097,0.000000,0.000000,0.000000,0.044359,0.008872
5350,59.387820,3,0.000000,0.000000,0.000000,0.044307,0.000000,0.044307,0.008861,None,3.023510,3.023510,8.988455,8.988455,0.011077,0.000000,0.000000,0.000000,0.044359,0.008872
5360,59.498830,0,0.000000,0.000000,0.000000,0.044415,0.000000,0.044415,0.008883,None,1.154989,1.154989,9.953516,9.953516,0.011104,0.000000,0.000000,0.000000,0.044390,0.008878
5360,59.498830,1,0.000000,0.000000,0.000000,0.044404,0.000000,0.044404,0.008881,None,1.111094,1.111094,8.804502,8.804502,0.011101,0.000000,0.000000,0.000000,0.044390,0.008878
5360,59.498830,2,0.000000,0.000000,0.000000,0.044390,0.000000,0.044390,0.008878,None,4.040821,4.345132,9.953516,9.953516,0.011098,0.000000,0.000000,0.000000,0.044390,0.008878
5360,59.498830,3,0.000000,0.000000,0.000000,0.044351,0.000000,0.044351,0.008870,None,3.020063,3.020063,8.804502,8.804502,0.011088,0.000000,0.000000,0.000000,0.044390,0.008878
5370,59.609840,0,0.000000,0.000000,0.000000,0.044408,0.000000,0.044408,0.008882,None,1.040589,1.040589,10.168980,10.168980,0.011102,0.000000,0.000000,0.000000,0.044395,0.008879
5370,59.609840,1,0.000000,0.000000,0.000000,0.044429,0.000000,0.044429,0.008886,None,1.132794,1.132794,8.619423,8.619423,0.011107,0.000000,0.000000,0.000000,0.044395,0.008879
5370,59.609840,2,0.000000,0.000000,0.000000,0.044388,0.000000,0.044388,0.008878,None,4.042622,4.395331,10.168980,10.168980,0.011097,0.000000,0.000000,0.000000,0.044395,0.008879
5370,59.609840,3,0.000000,0.000000,0.000000,0.044357,0.000000,0.044357,0.008871,None,2.913079,2.913079,8.619423,8.619423,0.011089,0.000000,0.000000,0.000000,0.044395,0.008879
5380,59.720840,0,0.000000,0.000000,0.000000,0.044416,0.000000,0.044416,0.008883,None,0.926690,0.926690,10.383520,10.383520,0.011104,0.000000,0.000000,0.000000,0.044401,0.008880
5380,59.720840,1,0.000000,0.000000,0.000000,0.044435,0.000000,0.044435,0.008887,None,1.157396,1.157396,8.433421,8.433421,0.011109,0.000000,0.000000,0.000000,0.044401,0.008880
5380,59.720840,2,0.000000,0.000000,0.000000,0.044393,0.000000,0.044393,0.008879,None,4.043976,4.447538,10.383520,10.383520,0.011098,0.000000,0.000000,0.000000,0.044401,0.008880
5380,59.720840,3,0.000000,0.000000,0.000000,0.044362,0.000000,0.044362,0.008872,None,2.807154,2.807154,8.433421,8.433421,0.011091,0.000000,0.000000,0.000000,0.044401,0.008880
5390,59.831850,0,0.000000,0.000000,0.000000,0.044411,0.000000,0.044411,0.008882,None,0.813553,0.813553,10.596810,10.596810,0.011103,0.000000,0.000000,0.000000,0.044399,0.008880
5390,59.831850,1,0.000000,0.000000,0.000000,0.044435,0.000000,0.044435,0.008887,None,1.184926,1.184926,8.246558,8.246558,0.011109,0.000000,0.000000,0.000000,0.044399,0.008880
5390,59.831850,2,0.000000,0.000000,0.000000,0.044387,0.000000,0.044387,0.008877,None,4.044977,4.501732,10.596810,10.596810,0.011097,0.000000,0.000000,0.000000,0.044399,0.008880
5390,59.831850,3,0.000000,0.000000,0.000000,0.044363,0.000000,0.044363,0.008873,None,2.702283,2.702283,8.246558,8.246558,0.011091,0.000000,0.000000,0.000000,0.044399,0.008880
5400,59.942860,0,0.000000,0.000000,0.000000,0.044402,0.000000,0.044402,0.008880,None,0.701279,0.701279,10.808880,10.808880,0.011101,0.000000,0.000000,0.000000,0.044396,0.008879
5400,59.942860,1,0.000000,0.000000,0.000000,0.044431,0.000000,0.044431,0.008886,None,1.215416,1.215416,8.059195,8.059195,0.011108,0.000000,0.000000,0.000000,0.044396,0.008879
5400,59.942860,2,0.000000,0.000000,0.000000,0.044390,0.000000,0.044390,0.008878,None,4.045469,4.557886,10.751280,10.751280,0.011097,0.000000,0.000000,0.000000,0.044396,0.008879
5400,59.942860,3,0.000000,0.000000,0.000000,0.044360,0.000000,0.044360,0.008872,None,2.598646,2.598646,8.059195,8.059195,0.011090,0.000000,0.000000,0.000000,0.044396,0.008879
5410,60.053870,0,0.000000,0.000000,0.000000,0.044401,0.000000,0.044401,0.008880,None,0.589829,0.589829,11.019590,11.019590,0.011100,0.000000,0.000000,0.000000,0.044397,0.008879
5410,60.053870,1,0.000000,0.000000,0.000000,0.044435,0.000000,0.044435,0.008887,None,1.248863,1.248863,7.871371,7.871371,0.011109,0.000000,0.000000,0.000000,0.044397,0.008879
5410,60.053870,2,0.000000,0.000000,0.000000,0.044388,0.000000,0.044388,0.008878,None,4.045618,4.615940,10.754500,10.754500,0.011097,0.000000,0.000000,0.000000,0.044397,0.008879
5410,60.053870,3,0.000000,0.000000,0.000000,0.044364,0.000000,0.044364,0.008873,None,2.496264,2.496264,7.871371,7.871371,0.011091,0.000000,0.000000,0.000000,0.044397,0.008879
5420,60.164880,0,0.000000,0.000000,0.000000,0.015400,0.000000,0.015400,0.003080,None,0.578701,0.578701,11.131210,11.131210,0.003850,0.000000,0.000000,0.000000,0.037147,0.007429
5420,60.164880,1,0.000000,0.000000,0.000000,0.044435,0.000000,0.044435,0.008887,None,1.285316,1.285316,7.683188,7.683188,0.011109,0.000000,0.000000,0.000000,0.037147,0.007429
5420,60.164880,2,0.000000,0.000000,0.000000,0.044388,0.000000,0.044388,0.008878,None,4.045257,4.675916,10.756530,10.756530,0.011097,0.000000,0.000000,0.000000,0.037147,0.007429
5420,60.164880,3,0.000000,0.000000,0.000000,0.044365,0.000000,0.044365,0.008873,None,2.395027,2.395027,7.683188,7.683188,0.011091,0.000000,0.000000,0.000000,0.037147,0.007429
5430,60.275880,0,0.000000,0.041994,0.000000,0.033743,0.000000,0.033743,0.006749,None,0.479003,0.479003,11.229540,11.229540,0.008436,0.000000,0.010499,0.000000,0.034056,0.006811
5430,60.275880,1,0.000000,0.000000,0.000000,0.044434,0.000000,0.044434,0.008887,None,1.324702,1.324702,7.495342,7.495342,0.011108,0.000000,0.010499,0.000000,0.034056,0.006811
5430,60.275880,2,0.000000,0.000000,0.000000,0.013686,0.000000,0.013686,0.002737,None,4.124888,4.675916,10.848840,10.848840,0.003422,0.000000,0.010499,0.000000,0.034056,0.006811
5430,60.275880,3,0.000000,0.000000,0.000000,0.044361,0.000000,0.044361,0.008872,None,2.295070,2.295070,7.495342,7.495342,0.011090,0.000000,0.010499,0.000000,0.034056,0.006811
5440,60.386890,0,0.000000,0.261995,0.000000,0.041101,0.000000,0.041101,0.008220,None,0.369002,0.369002,11.337910,11.337910,0.010275,0.000000,0.065499,0.000000,0.033532,0.006706
5440,60.386890,1,0.000000,0.000000,0.000000,0.044441,0.000000,0.044441,0.008888,None,1.366817,1.366817,7.307694,7.307694,0.011110,0.000000,0.065499,0.000000,0.033532,0.006706
5440,60.386890,2,0.000000,0.000000,0.000000,0.004219,0.000000,0.004219,0.000844,None,4.186102,4.675916,10.939910,10.939910,0.001055,0.000000,0.065499,0.000000,0.033532,0.006706
5440,60.386890,3,0.000000,0.000000,0.000000,0.044366,0.000000,0.044366,0.008873,None,2.196579,2.196579,7.307694,7.307694,0.011091,0.000000,0.065499,0.000000,0.033532,0.006706
5450,60.497900,0,0.257202,0.480042,0.000000,0.043370,0.000000,0.043370,0.111555,Wall,0.259979,0.259979,11.445460,11.445460,0.010843,0.064301,0.120010,0.000000,0.027135,0.031147
5450,60.497900,1,0.000000,0.000000,0.000000,0.019504,0.000000,0.019504,0.003901,None,1.380030,1.380030,7.200121,7.200121,0.004876,0.064301,0.120010,0.000000,0.027135,0.031147
5450,60.497900,2,0.000000,0.000000,0.000000,0.001301,0.000000,0.001301,0.000260,None,4.241448,4.675916,11.029820,11.029820,0.000325,0.064301,0.120010,0.000000,0.027135,0.031147
5450,60.497900,3,0.000000,0.000000,0.000000,0.044364,0.000000,0.044364,0.008873,None,2.099476,2.099476,7.200121,7.200121,0.011091,0.064301,0.120010,0.000000,0.027135,0.031147
5460,60.608910,0,0.565721,0.696005,0.000000,0.044070,0.000000,0.044070,0.235103,Wall,0.151998,0.151998,11.552350,11.552350,0.011017,0.141430,0.174001,0.000000,0.023713,0.061315
5460,60.608910,1,0.000000,0.000000,0.000000,0.006013,0.000000,0.006013,0.001203,None,1.380030,1.380030,7.125562,7.125562,0.001503,0.141430,0.174001,0.000000,0.023713,0.061315
5460,60.608910,2,0.000000,0.000000,0.000000,0.000401,0.000000,0.000401,0.000080,None,4.294740,4.675916,11.118580,11.118580,0.000100,0.141430,0.174001,0.000000,0.023713,0.061315
5460,60.608910,3,0.000000,0.000000,0.000000,0.044366,0.000000,0.044366,0.008873,None,2.003763,2.003763,7.125562,7.125562,0.011091,0.141430,0.174001,0.000000,0.023713,0.061315
5470,60.719910,0,0.870900,0.909630,0.000000,0.044284,0.000000,0.044284,0.357217,Wall,0.045185,0.045185,11.716800,11.716800,0.011071,0.217725,0.227408,0.000000,0.029425,0.092975
5470,60.719910,1,0.000000,0.000000,0.000000,0.001854,0.000000,0.001854,0.000371,None,1.380030,1.380030,7.050315,7.050315,0.000463,0.217725,0.227408,0.000000,0.029425,0.092975
5470,60.719910,2,0.000000,0.000000,0.000000,0.027194,0.000000,0.027194,0.005439,None,4.192203,4.760232,11.027100,11.027100,0.006798,0.217725,0.227408,0.000000,0.029425,0.092975
5470,60.719910,3,0.000000,0.000000,0.000000,0.044370,0.000000,0.044370,0.008874,None,1.909467,1.909467,7.050315,7.050315,0.011093,0.217725,0.227408,0.000000,0.029425,0.092975
5480,60.830920,0,1.000000,1.000000,0.000000,0.044348,0.000000,0.044348,0.408870,Wall,-0.060179,-0.060179,11.894390,11.894390,0.011087,0.250000,0.250000,0.000000,0.038866,0.107773
5480,60.830920,1,0.000000,0.000000,0.000000,0.027664,0.000000,0.027664,0.005533,None,1.509116,1.509116,6.893008,6.893008,0.006916,0.250000,0.250000,0.000000,0.038866,0.107773
5480,60.830920,2,0.000000,0.000000,0.000000,0.039090,0.000000,0.039090,0.007818,None,4.084784,4.817045,10.905620,10.905620,0.009772,0.250000,0.250000,0.000000,0.038866,0.107773
5480,60.830920,3,0.000000,0.000000,0.000000,0.044364,0.000000,0.044364,0.008873,None,1.816841,1.816841,6.893008,6.893008,0.011091,0.250000,0.250000,0.000000,0.038866,0.107773
5490,60.941930,0,1.000000,1.000000,0.000000,0.044371,0.000000,0.044371,0.408874,Wall,-0.164206,-0.164206,12.076940,12.076940,0.011093,0.250000,0.250000,0.000000,0.042685,0.108537
5490,60.941930,1,0.000000,0.000000,0.000000,0.039253,0.000000,0.039253,0.007851,None,1.662295,1.662295,6.724541,6.724541,0.009813,0.250000,0.250000,0.000000,0.042685,0.108537
5490,60.941930,2,0.000000,0.000000,0.000000,0.042753,0.000000,0.042753,0.008551,None,4.037227,4.792471,10.844480,10.844480,0.010688,0.250000,0.250000,0.000000,0.042685,0.108537
5490,60.941930,3,0.000000,0.000000,0.000000,0.044363,0.000000,0.044363,0.008873,None,1.725718,1.725718,6.724541,6.724541,0.011091,0.250000,0.250000,0.000000,0.042685,0.108537
5500,61.052940,0,1.000000,1.000000,0.000000,0.044375,0.000000,0.044375,0.408875,Wall,-0.266785,-0.266785,12.260520,12.260520,0.011094,0.250000,0.250000,0.000000,0.043862,0.108772
5500,61.052940,1,0.000000,0.000000,0.000000,0.042826,0.000000,0.042826,0.008565,None,1.765341,1.765341,6.557030,6.557030,0.010707,0.250000,0.250000,0.000000,0.043862,0.108772
5500,61.052940,2,0.000000,0.000000,0.000000,0.043885,0.000000,0.043885,0.008777,None,4.015100,4.748221,10.809470,10.809470,0.010971,0.250000,0.250000,0.000000,0.043862,0.108772
5500,61.052940,3,0.000000,0.000000,0.000000,0.044361,0.000000,0.044361,0.008872,None,1.636268,1.636268,6.557030,6.557030,0.011090,0.250000,0.250000,0.000000,0.043862,0.108772
5510,61.163940,0,1.000000,1.000000,0.000000,0.044378,0.000000,0.044378,0.408876,Wall,-0.367841,-0.367841,12.442740,12.442740,0.011095,0.250000,0.250000,0.000000,0.044225,0.108845
5510,61.163940,1,0.000000,0.000000,0.000000,0.043929,0.000000,0.043929,0.008786,None,1.840279,1.840279,6.390202,6.390202,0.010982,0.250000,0.250000,0.000000,0.044225,0.108845
5510,61.163940,2,0.000000,0.000000,0.000000,0.044232,0.000000,0.044232,0.008846,None,4.001089,4.698595,10.782220,10.782220,0.011058,0.250000,0.250000,0.000000,0.044225,0.108845
5510,61.163940,3,0.000000,0.000000,0.000000,0.044360,0.000000,0.044360,0.008872,None,1.548610,1.548610,6.390202,6.390202,0.011090,0.250000,0.250000,0.000000,0.044225,0.108845
5520,61.274950,0,1.000000,1.000000,0.000000,0.044374,0.000000,0.044374,0.408875,Wall,-0.467135,-0.467135,12.622620,12.622620,0.011094,0.250000,0.250000,0.000000,0.043105,0.108621
5520,61.274950,1,0.000000,0.000000,0.000000,0.044268,0.000000,0.044268,0.008854,None,1.888112,1.888112,6.233030,6.233030,0.011067,0.250000,0.250000,0.000000,0.043105,0.108621
5520,61.274950,2,0.000000,0.000000,0.000000,0.044343,0.000000,0.044343,0.008869,None,3.988688,4.648660,10.748420,10.748420,0.011086,0.250000,0.250000,0.000000,0.043105,0.108621
5520,61.274950,3,0.000000,0.000000,0.000000,0.039436,0.000000,0.039436,0.007887,None,1.471128,1.471128,6.233030,6.233030,0.009859,0.250000,0.250000,0.000000,0.043105,0.108621
5530,61.385960,0,1.000000,1.000000,0.000000,0.044374,0.000000,0.044374,0.408875,Wall,-0.435423,-0.564577,12.799830,12.799830,0.011094,0.250000,0.250000,0.000000,0.036318,0.107264
5530,61.385960,1,0.000000,0.000000,0.000000,0.044368,0.000000,0.044368,0.008874,None,1.934121,1.934121,6.145609,6.145609,0.011092,0.250000,0.250000,0.000000,0.036318,0.107264
5530,61.385960,2,0.000000,0.000000,0.000000,0.044371,0.000000,0.044371,0.008874,None,3.952502,4.599884,10.641370,10.641370,0.011093,0.250000,0.250000,0.000000,0.036318,0.107264
5530,61.385960,3,0.000000,0.000000,0.000000,0.012159,0.000000,0.012159,0.002432,None,1.471128,1.471128,6.145609,6.145609,0.003040,0.250000,0.250000,0.000000,0.036318,0.107264
5540,61.496970,0,1.000000,1.000000,0.000000,0.044375,0.000000,0.044375,0.408875,Wall,-0.339790,-0.660210,12.974240,12.974240,0.011094,0.250000,0.250000,0.000000,0.041477,0.108296
5540,61.496970,1,0.000000,0.000000,0.000000,0.044413,0.000000,0.044413,0.008883,None,1.981097,1.981097,5.965100,5.965100,0.011103,0.250000,0.250000,0.000000,0.041477,0.108296
5540,61.496970,2,0.000000,0.000000,0.000000,0.044386,0.000000,0.044386,0.008877,None,3.917758,4.552718,10.591400,10.591400,0.011097,0.250000,0.250000,0.000000,0.041477,0.108296
5540,61.496970,3,0.000000,0.000000,0.000000,0.032736,0.000000,0.032736,0.006547,None,1.410051,1.410051,5.965100,5.965100,0.008184,0.250000,0.250000,0.000000,0.041477,0.108296
5550,61.607980,0,1.000000,1.000000,0.000000,0.044375,0.000000,0.044375,0.408875,Wall,-0.246120,-0.753881,13.145650,13.145650,0.011094,0.250000,0.250000,0.000000,0.043490,0.108698
5550,61.607980,1,0.000000,0.000000,0.000000,0.044415,0.000000,0.044415,0.008883,None,2.030548,2.030548,5.779097,5.779097,0.011104,0.250000,0.250000,0.000000,0.043490,0.108698
5550,61.607980,2,0.000000,0.000000,0.000000,0.044383,0.000000,0.044383,0.008877,None,3.898015,4.507366,10.546570,10.546570,0.011096,0.250000,0.250000,0.000000,0.043490,0.108698
5550,61.607980,3,0.000000,0.000000,0.000000,0.040786,0.000000,0.040786,0.008157,None,1.344846,1.344846,5.779097,5.779097,0.010197,0.250000,0.250000,0.000000,0.043490,0.108698
5560,61.718980,0,1.000000,1.000000,0.000000,0.044372,0.000000,0.044372,0.408874,Wall,-0.233342,-0.845329,13.313980,13.313980,0.011093,0.250000,0.250000,0.000000,0.044114,0.108823
5560,61.718980,1,0.000000,0.000000,0.000000,0.044419,0.000000,0.044419,0.008884,None,2.082441,2.082441,5.611970,5.611970,0.011105,0.250000,0.250000,0.000000,0.044114,0.108823
5560,61.718980,2,0.000000,0.000000,0.000000,0.044388,0.000000,0.044388,0.008878,None,3.882545,4.463725,10.507940,10.507940,0.011097,0.250000,0.250000,0.000000,0.044114,0.108823
5560,61.718980,3,0.000000,0.000000,0.000000,0.043279,0.000000,0.043279,0.008656,None,1.275023,1.275023,5.611970,5.611970,0.010820,0.250000,0.250000,0.000000,0.044114,0.108823
5570,61.829990,0,1.000000,1.000000,0.000000,0.044373,0.000000,0.044373,0.408875,Wall,-0.327346,-0.934802,13.479220,13.479220,0.011093,0.250000,0.250000,0.000000,0.044305,0.108861
5570,61.829990,1,0.000000,0.000000,0.000000,0.044421,0.000000,0.044421,0.008884,None,2.136810,2.136810,5.457820,5.457820,0.011105,0.250000,0.250000,0.000000,0.044305,0.108861
5570,61.829990,2,0.000000,0.000000,0.000000,0.044389,0.000000,0.044389,0.008878,None,3.868096,4.421766,10.471970,10.471970,0.011097,0.250000,0.250000,0.000000,0.044305,0.108861
5570,61.829990,3,0.000000,0.000000,0.000000,0.044037,0.000000,0.044037,0.008807,None,1.203699,1.203699,5.457820,5.457820,0.011009,0.250000,0.250000,0.000000,0.044305,0.108861
5580,61.941000,0,1.000000,1.000000,0.000000,0.044371,0.000000,0.044371,0.408874,Wall,-0.300544,-1.022007,13.641160,13.641160,0.011093,0.250000,0.250000,0.000000,0.044361,0.108872
5580,61.941000,1,0.000000,0.000000,0.000000,0.044421,0.000000,0.044421,0.008884,None,2.193528,2.193528,5.311926,5.311926,0.011105,0.250000,0.250000,0.000000,0.044361,0.108872
5580,61.941000,2,0.000000,0.000000,0.000000,0.044382,0.000000,0.044382,0.008876,None,3.853767,4.381740,10.436290,10.436290,0.011095,0.250000,0.250000,0.000000,0.044361,0.108872
5580,61.941000,3,0.000000,0.000000,0.000000,0.044272,0.000000,0.044272,0.008854,None,1.133162,1.133162,5.311926,5.311926,0.011068,0.250000,0.250000,0.000000,0.044361,0.108872
5590,62.052010,0,1.000000,1.000000,0.000000,0.044376,0.000000,0.044376,0.408875,Wall,-0.210405,-1.106866,13.799700,13.799700,0.011094,0.250000,0.250000,0.000000,0.044381,0.108876
5590,62.052010,1,0.000000,0.000000,0.000000,0.044422,0.000000,0.044422,0.008884,None,2.222388,2.252598,5.172749,5.172749,0.011106,0.250000,0.250000,0.000000,0.044381,0.108876
5590,62.052010,2,0.000000,0.000000,0.000000,0.044382,0.000000,0.044382,0.008876,None,3.839028,4.343652,10.399710,10.399710,0.011095,0.250000,0.250000,0.000000,0.044381,0.108876
5590,62.052010,3,0.000000,0.000000,0.000000,0.044345,0.000000,0.044345,0.008869,None,1.064388,1.064388,5.172749,5.172749,0.011086,0.250000,0.250000,0.000000,0.044381,0.108876
5600,62.163010,0,1.000000,1.000000,0.000000,0.044373,0.000000,0.044373,0.408875,Wall,-0.122411,-1.189173,13.954790,13.954790,0.011093,0.250000,0.250000,0.000000,0.044387,0.108878
5600,62.163010,1,0.000000,0.000000,0.000000,0.044420,0.000000,0.044420,0.008884,None,2.162451,2.313956,5.039914,5.039914,0.011105,0.250000,0.250000,0.000000,0.044387,0.108878
5600,62.163010,2,0.000000,0.000000,0.000000,0.044384,0.000000,0.044384,0.008877,None,3.823840,4.307209,10.362100,10.362100,0.011096,0.250000,0.250000,0.000000,0.044387,0.108878
5600,62.163010,3,0.000000,0.000000,0.000000,0.044373,0.000000,0.044373,0.008875,None,0.997644,0.997644,5.039914,5.039914,0.011093,0.250000,0.250000,0.000000,0.044387,0.108878
5610,62.274020,0,1.000000,1.000000,0.000000,0.044376,0.000000,0.044376,0.408875,Wall,-0.117986,-1.269135,14.106360,14.106360,0.011094,0.250000,0.250000,0.000000,0.044391,0.108878
5610,62.274020,1,0.000000,0.000000,0.000000,0.044421,0.000000,0.044421,0.008884,None,2.106115,2.377561,4.913629,4.913629,0.011105,0.250000,0.250000,0.000000,0.044391,0.108878
5610,62.274020,2,0.000000,0.000000,0.000000,0.044388,0.000000,0.044388,0.008878,None,3.808100,4.272614,10.322870,10.322870,0.011097,0.250000,0.250000,0.000000,0.044391,0.108878
5610,62.274020,3,0.000000,0.000000,0.000000,0.044380,0.000000,0.044380,0.008876,None,0.933486,0.933486,4.913629,4.913629,0.011095,0.250000,0.250000,0.000000,0.044391,0.108878
5620,62.385030,0,1.000000,1.000000,0.000000,0.019473,0.000000,0.019473,0.403895,Wall,-0.145227,-1.292635,14.197210,14.197210,0.004868,0.250000,0.250000,0.000000,0.038165,0.107633
5620,62.385030,1,0.000000,0.000000,0.000000,0.044421,0.000000,0.044421,0.008884,None,2.053472,2.443393,4.794089,4.794089,0.011105,0.250000,0.250000,0.000000,0.038165,0.107633
5620,62.385030,2,0.000000,0.000000,0.000000,0.044385,0.000000,0.044385,0.008877,None,3.791777,4.240164,10.250100,10.250100,0.011096,0.250000,0.250000,0.000000,0.038165,0.107633
5620,62.385030,3,0.000000,0.000000,0.000000,0.044381,0.000000,0.044381,0.008876,None,0.871885,0.871885,4.794089,4.794089,0.011095,0.250000,0.250000,0.000000,0.038165,0.107633
5630,62.496040,0,1.000000,1.000000,0.000000,0.006005,0.000000,0.006005,0.401201,Wall,-0.145227,-1.292635,14.262100,14.262100,0.001501,0.250000,0.250000,0.000000,0.034799,0.106960
5630,62.496040,1,0.000000,0.000000,0.000000,0.044426,0.000000,0.044426,0.008885,None,2.004661,2.511384,4.681672,4.681672,0.011107,0.250000,0.250000,0.000000,0.034799,0.106960
5630,62.496040,2,0.000000,0.000000,0.000000,0.044382,0.000000,0.044382,0.008876,None,3.774972,4.209885,10.056930,10.056930,0.011096,0.250000,0.250000,0.000000,0.034799,0.106960
5630,62.496040,3,0.000000,0.000000,0.000000,0.044381,0.000000,0.044381,0.008876,None,0.812776,0.812776,4.681672,4.681672,0.011095,0.250000,0.250000,0.000000,0.034799,0.106960
5640,62.607040,0,1.000000,1.000000,0.000000,0.030853,0.000000,0.030853,0.406171,Wall,-0.235645,-1.384951,14.407180,14.407180,0.007713,0.250000,0.250000,0.000000,0.041011,0.108202
5640,62.607040,1,0.000000,0.000000,0.000000,0.044424,0.000000,0.044424,0.008885,None,1.960361,2.581505,4.576954,4.576954,0.011106,0.250000,0.250000,0.000000,0.041011,0.108202
5640,62.607040,2,0.000000,0.000000,0.000000,0.044384,0.000000,0.044384,0.008877,None,3.757449,4.181807,9.862509,9.862509,0.011096,0.250000,0.250000,0.000000,0.041011,0.108202
5640,62.607040,3,0.000000,0.000000,0.000000,0.044384,0.000000,0.044384,0.008877,None,0.756314,0.756314,4.576954,4.576954,0.011096,0.250000,0.250000,0.000000,0.041011,0.108202
5650,62.718050,0,1.000000,1.000000,0.000000,0.040216,0.000000,0.040216,0.408043,Wall,-0.148884,-1.476122,14.554800,14.554800,0.010054,0.250000,0.250000,0.000000,0.043351,0.108670
5650,62.718050,1,0.000000,0.000000,0.000000,0.044423,0.000000,0.044423,0.008885,None,1.920383,2.653648,4.480011,4.480011,0.011106,0.250000,0.250000,0.000000,0.043351,0.108670
5650,62.718050,2,0.000000,0.000000,0.000000,0.044385,0.000000,0.044385,0.008877,None,3.739123,4.155922,9.666859,9.666859,0.011096,0.250000,0.250000,0.000000,0.043351,0.108670
5650,62.718050,3,0.000000,0.000000,0.000000,0.044379,0.000000,0.044379,0.008876,None,0.702645,0.702645,4.480011,4.480011,0.011095,0.250000,0.250000,0.000000,0.043351,0.108670
5660,62.829060,0,1.000000,1.000000,0.000000,0.012399,0.000000,0.012399,0.402480,Wall,-0.148884,-1.476122,14.587470,14.587470,0.003100,0.250000,0.250000,0.000000,0.036395,0.107279
5660,62.829060,1,0.000000,0.000000,0.000000,0.044421,0.000000,0.044421,0.008884,None,1.885153,2.727758,4.391172,4.391172,0.011105,0.250000,0.250000,0.000000,0.036395,0.107279
5660,62.829060,2,0.000000,0.000000,0.000000,0.044380,0.000000,0.044380,0.008876,None,3.720349,4.132320,9.470526,9.470526,0.011095,0.250000,0.250000,0.000000,0.036395,0.107279
5660,62.829060,3,0.000000,0.000000,0.000000,0.044379,0.000000,0.044379,0.008876,None,0.651692,0.651692,4.391172,4.391172,0.011095,0.250000,0.250000,0.000000,0.036395,0.107279
5670,62.940070,0,1.000000,1.000000,0.000000,0.003824,0.000000,0.003824,0.400765,Wall,-0.148884,-1.476122,14.555870,14.555870,0.000956,0.250000,0.250000,0.000000,0.034252,0.106851
5670,62.940070,1,0.000000,0.000000,0.000000,0.044427,0.000000,0.044427,0.008885,None,1.854719,2.803864,4.310561,4.310561,0.011107,0.250000,0.250000,0.000000,0.034252,0.106851
5670,62.940070,2,0.000000,0.000000,0.000000,0.044387,0.000000,0.044387,0.008877,None,3.700717,4.110830,9.273089,9.273089,0.011097,0.250000,0.250000,0.000000,0.034252,0.106851
5670,62.940070,3,0.000000,0.000000,0.000000,0.044373,0.000000,0.044373,0.008875,None,0.603575,0.603575,4.310561,4.310561,0.011093,0.250000,0.250000,0.000000,0.034252,0.106851
5680,63.051070,0,1.000000,1.000000,0.000000,0.001180,0.000000,0.001180,0.400236,Wall,-0.148884,-1.476122,14.522570,14.522570,0.000295,0.250000,0.250000,0.000000,0.033591,0.106718
5680,63.051070,1,0.000000,0.000000,0.000000,0.044421,0.000000,0.044421,0.008884,None,1.829564,2.881819,4.238495,4.238495,0.011105,0.250000,0.250000,0.000000,0.033591,0.106718
5680,63.051070,2,0.000000,0.000000,0.000000,0.044382,0.000000,0.044382,0.008876,None,3.680526,4.091738,9.075203,9.075203,0.011096,0.250000,0.250000,0.000000,0.033591,0.106718
5680,63.051070,3,0.000000,0.000000,0.000000,0.044381,0.000000,0.044381,0.008876,None,0.558180,0.558180,4.238495,4.238495,0.011095,0.250000,0.250000,0.000000,0.033591,0.106718
5690,63.162080,0,1.000000,1.000000,0.000000,0.000364,0.000000,0.000364,0.400073,Wall,-0.148884,-1.476122,14.487530,14.487530,0.000091,0.250000,0.250000,0.000000,0.029485,0.105897
5690,63.162080,1,0.000000,0.000000,0.000000,0.044425,0.000000,0.044425,0.008885,None,1.809671,2.961674,4.175393,4.175393,0.011106,0.250000,0.250000,0.000000,0.029485,0.105897
5690,63.162080,2,0.000000,0.000000,0.000000,0.028775,0.000000,0.028775,0.005755,None,3.704925,4.083683,8.916976,8.916976,0.007194,0.250000,0.250000,0.000000,0.029485,0.105897
5690,63.162080,3,0.000000,0.000000,0.000000,0.044376,0.000000,0.044376,0.008875,None,0.515615,0.515615,4.175393,4.175393,0.011094,0.250000,0.250000,0.000000,0.029485,0.105897
5700,63.273090,0,1.000000,1.000000,0.000000,0.000113,0.000000,0.000113,0.400023,Wall,-0.148884,-1.476122,14.451010,14.451010,0.000028,0.250000,0.261907,0.000000,0.032116,0.106423
5700,63.273090,1,0.000000,0.000000,0.000000,0.044425,0.000000,0.044425,0.008885,None,1.795312,3.043255,4.120777,4.120777,0.011106,0.250000,0.261907,0.000000,0.032116,0.106423
5700,63.273090,2,0.000000,0.000000,0.000000,0.039552,0.000000,0.039552,0.007910,None,3.670666,4.075472,8.712199,8.712199,0.009888,0.250000,0.261907,0.000000,0.032116,0.106423
5700,63.273090,3,0.000000,0.047628,0.000000,0.044374,0.000000,0.044374,0.008875,None,0.476186,0.476186,4.120777,4.120777,0.011094,0.250000,0.261907,0.000000,0.032116,0.106423
5710,63.384100,0,1.000000,1.000000,0.000000,0.000035,0.000000,0.000035,0.400007,Wall,-0.148884,-1.476122,14.451010,14.451010,0.000009,0.250000,0.280103,0.000000,0.025247,0.105050
5710,63.384100,1,0.000000,0.000000,0.000000,0.013698,0.000000,0.013698,0.002740,None,1.800572,3.043255,4.053052,4.053052,0.003424,0.250000,0.280103,0.000000,0.025247,0.105050
5710,63.384100,2,0.000000,0.000000,0.000000,0.042877,0.000000,0.042877,0.008575,None,3.642935,4.068821,8.623384,8.623384,0.010719,0.250000,0.280103,0.000000,0.025247,0.105050
5710,63.384100,3,0.000000,0.120411,0.000000,0.044380,0.000000,0.044380,0.008876,None,0.439795,0.439795,4.053052,4.053052,0.011095,0.250000,0.280103,0.000000,0.025247,0.105050
5720,63.495110,0,1.000000,1.000000,0.000000,0.000010,0.000000,0.000010,0.400002,Wall,-0.148884,-1.476122,14.451010,14.451010,0.000002,0.250000,0.296849,0.000000,0.023129,0.104626
5720,63.495110,1,0.000000,0.000000,0.000000,0.004224,0.000000,0.004224,0.000845,None,1.785992,3.043255,3.984644,3.984644,0.001056,0.250000,0.296849,0.000000,0.023129,0.104626
5720,63.495110,2,0.000000,0.000000,0.000000,0.043901,0.000000,0.043901,0.008780,None,3.617937,4.061436,8.536426,8.536426,0.010975,0.250000,0.296849,0.000000,0.023129,0.104626
5720,63.495110,3,0.000000,0.187395,0.000000,0.044381,0.000000,0.044381,0.008876,None,0.406303,0.406303,3.984644,3.984644,0.011095,0.250000,0.296849,0.000000,0.023129,0.104626
5730,63.606110,0,1.000000,1.000000,0.000000,0.000004,0.000000,0.000004,0.400001,Wall,-0.148884,-1.476122,14.451010,14.451010,0.000001,0.250000,0.312124,0.000000,0.022475,0.104495
5730,63.606110,1,0.000000,0.000000,0.000000,0.001302,0.000000,0.001302,0.000260,None,1.765113,3.043255,3.915685,3.915685,0.000326,0.250000,0.312124,0.000000,0.022475,0.104495
5730,63.606110,2,0.000000,0.000000,0.000000,0.044211,0.000000,0.044211,0.008842,None,3.593474,4.055238,8.449630,8.449630,0.011053,0.250000,0.312124,0.000000,0.022475,0.104495
5730,63.606110,3,0.000000,0.248497,0.000000,0.044381,0.000000,0.044381,0.008876,None,0.375752,0.375752,3.915685,3.915685,0.011095,0.250000,0.312124,0.000000,0.022475,0.104495
5740,63.717120,0,1.000000,1.000000,0.000000,0.000000,0.000000,0.000000,0.400000,Wall,-0.148884,-1.476122,14.502260,14.502260,0.000000,0.250000,0.317769,0.000000,0.022283,0.104457
5740,63.717120,1,0.000000,0.000000,0.000000,0.022913,0.000000,0.022913,0.004583,None,1.679098,3.075697,3.830129,3.830129,0.005728,0.250000,0.317769,0.000000,0.022283,0.104457
5740,63.717120,2,0.000000,0.000000,0.000000,0.044310,0.000000,0.044310,0.008862,None,3.561849,4.050391,8.307339,8.307339,0.011077,0.250000,0.317769,0.000000,0.022283,0.104457
5740,63.717120,3,0.000000,0.271076,0.000000,0.021908,0.000000,0.021908,0.004382,None,0.364462,0.364462,3.830129,3.830129,0.005477,0.250000,0.317769,0.000000,0.022283,0.104457
5750,63.828130,0,1.000000,1.000000,0.000000,0.000000,0.000000,0.000000,0.400000,Wall,-0.148884,-1.476122,14.573950,14.573950,0.000000,0.250000,0.317769,0.000000,0.022230,0.104446
5750,63.828130,1,0.000000,0.000000,0.000000,0.037821,0.000000,0.037821,0.007564,None,1.591832,3.134396,3.749635,3.749635,0.009455,0.250000,0.317769,0.000000,0.022230,0.104446
5750,63.828130,2,0.000000,0.000000,0.000000,0.044345,0.000000,0.044345,0.008869,None,3.510745,4.047852,8.121696,8.121696,0.011086,0.250000,0.317769,0.000000,0.022230,0.104446
5750,63.828130,3,0.000000,0.271076,0.000000,0.006755,0.000000,0.006755,0.001351,None,0.364462,0.364462,3.749635,3.749635,0.001689,0.250000,0.317769,0.000000,0.022230,0.104446
5760,63.939140,0,1.000000,1.000000,0.000000,0.000000,0.000000,0.000000,0.400000,Wall,-0.148884,-1.476122,14.579210,14.579210,0.000000,0.267696,0.337387,0.000000,0.027147,0.112508
5760,63.939140,1,0.000000,0.000000,0.000000,0.042418,0.000000,0.042418,0.008484,None,1.569879,3.205474,3.736696,3.736696,0.010605,0.267696,0.337387,0.000000,0.027147,0.112508
5760,63.939140,2,0.000000,0.000000,0.000000,0.044352,0.000000,0.044352,0.008870,None,3.458512,4.047577,7.920695,7.920695,0.011088,0.267696,0.337387,0.000000,0.027147,0.112508
5760,63.939140,3,0.070783,0.349548,0.000000,0.021820,0.000000,0.021820,0.032677,None,0.325226,0.325226,3.736696,3.736696,0.005455,0.267696,0.337387,0.000000,0.027147,0.112508
5770,64.050140,0,1.000000,1.000000,0.000000,0.000000,0.000000,0.000000,0.400000,Wall,-0.148884,-1.476122,14.558440,14.558440,0.000000,0.320273,0.374191,0.000000,0.031401,0.134390
5770,64.050140,1,0.000000,0.000000,0.000000,0.043828,0.000000,0.043828,0.008766,None,1.566614,3.282178,3.751458,3.751458,0.010957,0.320273,0.374191,0.000000,0.031401,0.134390
5770,64.050140,2,0.000000,0.000000,0.000000,0.044355,0.000000,0.044355,0.008871,None,3.425155,4.049626,7.714606,7.714606,0.011089,0.320273,0.374191,0.000000,0.031401,0.134390
5770,64.050140,3,0.281093,0.496765,0.000000,0.037421,0.000000,0.037421,0.119921,Wall,0.251617,0.251617,3.751458,3.751458,0.009355,0.320273,0.374191,0.000000,0.031401,0.134390
5780,64.161150,0,1.000000,1.000000,0.000000,0.000000,0.000000,0.000000,0.400000,Wall,-0.148884,-1.476122,14.530080,14.530080,0.000000,0.349753,0.394827,0.000000,0.032713,0.146444
5780,64.161150,1,0.000000,0.000000,0.000000,0.044271,0.000000,0.044271,0.008854,None,1.571717,3.361649,3.746311,3.746311,0.011068,0.349753,0.394827,0.000000,0.032713,0.146444
5780,64.161150,2,0.000000,0.000000,0.000000,0.044351,0.000000,0.044351,0.008870,None,3.398644,4.054070,7.507030,7.507030,0.011088,0.349753,0.394827,0.000000,0.032713,0.146444
5780,64.161150,3,0.399011,0.579308,0.000000,0.042227,0.000000,0.042227,0.168050,Wall,0.210346,0.210346,3.746311,3.746311,0.010557,0.349753,0.394827,0.000000,0.032713,0.146444
5790,64.272160,0,1.000000,1.000000,0.000000,0.000000,0.000000,0.000000,0.400000,Wall,-0.148884,-1.476122,14.498560,14.498560,0.000000,0.369456,0.408619,0.000000,0.033116,0.154406
5790,64.272160,1,0.000000,0.000000,0.000000,0.044401,0.000000,0.044401,0.008880,None,1.584057,3.443144,3.739147,3.739147,0.011100,0.369456,0.408619,0.000000,0.033116,0.154406
5790,64.272160,2,0.000000,0.000000,0.000000,0.044349,0.000000,0.044349,0.008870,None,3.373910,4.060706,7.299423,7.299423,0.011087,0.369456,0.408619,0.000000,0.033116,0.154406
5790,64.272160,3,0.477825,0.634478,0.000000,0.043712,0.000000,0.043712,0.199872,Wall,0.182761,0.182761,3.739147,3.739147,0.010928,0.369456,0.408619,0.000000,0.033116,0.154406
5800,64.383160,0,1.000000,1.000000,0.000000,0.000000,0.000000,0.000000,0.400000,Wall,-0.148884,-1.476122,14.464900,14.464900,0.000000,0.385409,0.419787,0.000000,0.033241,0.160812
5800,64.383160,1,0.000000,0.000000,0.000000,0.044442,0.000000,0.044442,0.008888,None,1.603601,3.526462,3.739118,3.739118,0.011111,0.385409,0.419787,0.000000,0.033241,0.160812
5800,64.383160,2,0.000000,0.000000,0.000000,0.044351,0.000000,0.044351,0.008870,None,3.348937,4.069807,7.091767,7.091767,0.011088,0.385409,0.419787,0.000000,0.033241,0.160812
5800,64.383160,3,0.541637,0.679146,0.000000,0.044169,0.000000,0.044169,0.225489,Wall,0.160427,0.160427,3.739118,3.739118,0.011042,0.385409,0.419787,0.000000,0.033241,0.160812
5810,64.494170,0,1.000000,1.000000,0.000000,0.000000,0.000000,0.000000,0.400000,Wall,-0.148884,-1.476122,14.429310,14.429310,0.000000,0.398909,0.429236,0.000000,0.033278,0.166219
5810,64.494170,1,0.000000,0.000000,0.000000,0.044455,0.000000,0.044455,0.008891,None,1.630384,3.611534,3.747824,3.747824,0.011114,0.398909,0.429236,0.000000,0.033278,0.166219
5810,64.494170,2,0.000000,0.000000,0.000000,0.044352,0.000000,0.044352,0.008870,None,3.323501,4.081163,6.884531,6.884531,0.011088,0.398909,0.429236,0.000000,0.033278,0.166219
5810,64.494170,3,0.595634,0.716944,0.000000,0.044307,0.000000,0.044307,0.247115,Wall,0.141528,0.141528,3.747824,3.747824,0.011077,0.398909,0.429236,0.000000,0.033278,0.166219
5820,64.605180,0,1.000000,1.000000,0.000000,0.000000,0.000000,0.000000,0.400000,Wall,-0.148884,-1.476122,14.391690,14.391690,0.000000,0.410242,0.437169,0.000000,0.033289,0.170754
5820,64.605180,1,0.000000,0.000000,0.000000,0.044461,0.000000,0.044461,0.008892,None,1.664626,3.698328,3.765424,3.765424,0.011115,0.410242,0.437169,0.000000,0.033289,0.170754
5820,64.605180,2,0.000000,0.000000,0.000000,0.044347,0.000000,0.044347,0.008869,None,3.297626,4.094943,6.678076,6.678076,0.011087,0.410242,0.437169,0.000000,0.033289,0.170754
5820,64.605180,3,0.640966,0.748676,0.000000,0.044348,0.000000,0.044348,0.265256,Wall,0.125662,0.125662,3.765424,3.765424,0.011087,0.410242,0.437169,0.000000,0.033289,0.170754
5830,64.716190,0,1.000000,1.000000,0.000000,0.000000,0.000000,0.000000,0.400000,Wall,-0.148884,-1.476122,14.356120,14.356120,0.000000,0.419173,0.443421,0.000000,0.032059,0.174081
5830,64.716190,1,0.000000,0.000000,0.000000,0.039529,0.000000,0.039529,0.007906,None,1.704990,3.777869,3.783693,3.783693,0.009882,0.419173,0.443421,0.000000,0.032059,0.174081
5830,64.716190,2,0.000000,0.000000,0.000000,0.044348,0.000000,0.044348,0.008870,None,3.271020,4.111048,6.483572,6.483572,0.011087,0.419173,0.443421,0.000000,0.032059,0.174081
5830,64.716190,3,0.676694,0.773686,0.000000,0.044358,0.000000,0.044358,0.279549,Wall,0.113157,0.113157,3.783693,3.783693,0.011090,0.419173,0.443421,0.000000,0.032059,0.174081
5840,64.827190,0,1.000000,1.000000,0.000000,0.000000,0.000000,0.000000,0.400000,Wall,-0.148884,-1.476122,14.356120,14.356120,0.000000,0.425885,0.448120,0.000000,0.025226,0.175399
5840,64.827190,1,0.000000,0.000000,0.000000,0.012187,0.000000,0.012187,0.002437,None,1.718608,3.777869,3.738024,3.738024,0.003047,0.425885,0.448120,0.000000,0.025226,0.175399
5840,64.827190,2,0.000000,0.000000,0.000000,0.044348,0.000000,0.044348,0.008870,None,3.243545,4.129347,6.388362,6.388362,0.011087,0.425885,0.448120,0.000000,0.025226,0.175399
5840,64.827190,3,0.703541,0.792479,0.000000,0.044367,0.000000,0.044367,0.290290,Wall,0.103761,0.103761,3.738024,3.738024,0.011092,0.425885,0.448120,0.000000,0.025226,0.175399
5850,64.938200,0,1.000000,1.000000,0.000000,0.000000,0.000000,0.000000,0.400000,Wall,-0.148884,-1.476122,14.356120,14.356120,0.000000,0.430263,0.451184,0.000000,0.023118,0.176729
5850,64.938200,1,0.000000,0.000000,0.000000,0.003758,0.000000,0.003758,0.000752,None,1.716521,3.777869,3.691809,3.691809,0.000939,0.430263,0.451184,0.000000,0.023118,0.176729
5850,64.938200,2,0.000000,0.000000,0.000000,0.044346,0.000000,0.044346,0.008869,None,3.215541,4.150006,6.292492,6.292492,0.011087,0.430263,0.451184,0.000000,0.023118,0.176729
5850,64.938200,3,0.721050,0.804735,0.000000,0.044367,0.000000,0.044367,0.297294,Wall,0.097632,0.097632,3.691809,3.691809,0.011092,0.430263,0.451184,0.000000,0.023118,0.176729
5860,65.049210,0,1.000000,1.000000,0.000000,0.000000,0.000000,0.000000,0.400000,Wall,-0.148884,-1.476122,14.356120,14.356120,0.000000,0.432278,0.452595,0.000000,0.022470,0.177405
5860,65.049210,1,0.000000,0.000000,0.000000,0.001158,0.000000,0.001158,0.000232,None,1.709626,3.777869,3.645095,3.645095,0.000290,0.432278,0.452595,0.000000,0.022470,0.177405
5860,65.049210,2,0.000000,0.000000,0.000000,0.044352,0.000000,0.044352,0.008870,None,3.186587,4.172934,6.195719,6.195719,0.011088,0.432278,0.452595,0.000000,0.022470,0.177405
5860,65.049210,3,0.729113,0.810379,0.000000,0.044372,0.000000,0.044372,0.300520,Wall,0.094810,0.094810,3.645095,3.645095,0.011093,0.432278,0.452595,0.000000,0.022470,0.177405
5870,65.160220,0,1.000000,1.000000,0.000000,0.024945,0.000000,0.024945,0.404989,Wall,-0.426707,-0.426707,13.578770,13.578770,0.006236,0.431916,0.452341,0.000000,0.036192,0.180005
5870,65.160220,1,0.000000,0.000000,0.000000,0.031099,0.000000,0.031099,0.006220,None,1.864563,3.890587,3.791600,3.791600,0.007775,0.431916,0.452341,0.000000,0.036192,0.180005
5870,65.160220,2,0.000000,0.000000,0.000000,0.044350,0.000000,0.044350,0.008870,None,3.145133,4.198252,6.013954,6.013954,0.011088,0.431916,0.452341,0.000000,0.036192,0.180005
5870,65.160220,3,0.727663,0.809364,0.000000,0.044373,0.000000,0.044373,0.299940,Wall,0.095318,0.095318,3.791600,3.791600,0.011093,0.431916,0.452341,0.000000,0.036192,0.180005
5880,65.271220,0,0.000000,0.000000,0.000000,0.038432,0.000000,0.038432,0.007686,None,0.533162,0.533162,12.721370,12.721370,0.009608,0.179184,0.200429,0.000000,0.041868,0.080047
5880,65.271220,1,0.000000,0.000000,0.000000,0.040319,0.000000,0.040319,0.008064,None,2.012046,4.001057,3.914573,3.914573,0.010080,0.179184,0.200429,0.000000,0.041868,0.080047
5880,65.271220,2,0.000000,0.000000,0.000000,0.044349,0.000000,0.044349,0.008870,None,3.045496,4.225751,5.838899,5.838899,0.011087,0.179184,0.200429,0.000000,0.041868,0.080047
5880,65.271220,3,0.716734,0.801714,0.000000,0.044370,0.000000,0.044370,0.295568,Wall,0.099143,0.099143,3.914573,3.914573,0.011093,0.179184,0.200429,0.000000,0.041868,0.080047
5890,65.382230,0,0.000000,0.000000,0.000000,0.042600,0.000000,0.042600,0.008520,None,0.735127,0.735127,12.330690,12.330690,0.010650,0.174120,0.196884,0.000000,0.043624,0.078373
5890,65.382230,1,0.000000,0.000000,0.000000,0.043166,0.000000,0.043166,0.008633,None,2.117381,4.106573,3.996505,3.996505,0.010792,0.174120,0.196884,0.000000,0.043624,0.078373
5890,65.382230,2,0.000000,0.000000,0.000000,0.044355,0.000000,0.044355,0.008871,None,2.939845,4.255578,5.659575,5.659575,0.011089,0.174120,0.196884,0.000000,0.043624,0.078373
5890,65.382230,3,0.696478,0.787535,0.000000,0.044375,0.000000,0.044375,0.287466,Wall,0.106233,0.106233,3.996505,3.996505,0.011094,0.174120,0.196884,0.000000,0.043624,0.078373
5900,65.493240,0,0.000000,0.000000,0.000000,0.043876,0.000000,0.043876,0.008775,None,0.872785,0.872785,12.129590,12.129590,0.010969,0.166697,0.191688,0.000000,0.044159,0.075511
5900,65.493240,1,0.000000,0.000000,0.000000,0.044045,0.000000,0.044045,0.008809,None,2.206188,4.210610,4.063548,4.063548,0.011011,0.166697,0.191688,0.000000,0.044159,0.075511
5900,65.493240,2,0.000000,0.000000,0.000000,0.044349,0.000000,0.044349,0.008870,None,2.833109,4.287858,5.479818,5.479818,0.011087,0.166697,0.191688,0.000000,0.044159,0.075511
5900,65.493240,3,0.666789,0.766752,0.000000,0.044368,0.000000,0.044368,0.275589,Wall,0.116624,0.116624,4.063548,4.063548,0.011092,0.166697,0.191688,0.000000,0.044159,0.075511
5910,65.604250,0,0.000000,0.000000,0.000000,0.044266,0.000000,0.044266,0.008853,None,0.990932,0.990932,11.982310,11.982310,0.011067,0.156915,0.184841,0.000000,0.044327,0.071632
5910,65.604250,1,0.000000,0.000000,0.000000,0.044316,0.000000,0.044316,0.008863,None,2.291456,4.314865,4.115585,4.115585,0.011079,0.156915,0.184841,0.000000,0.044327,0.071632
5910,65.604250,2,0.000000,0.000000,0.000000,0.044351,0.000000,0.044351,0.008870,None,2.726347,4.322587,5.302103,5.302103,0.011088,0.156915,0.184841,0.000000,0.044327,0.071632
5910,65.604250,3,0.627661,0.739363,0.000000,0.044375,0.000000,0.044375,0.259939,Wall,0.130319,0.130319,4.115585,4.115585,0.011094,0.156915,0.184841,0.000000,0.044327,0.071632
5920,65.715260,0,0.000000,0.000000,0.000000,0.044387,0.000000,0.044387,0.008877,None,1.103772,1.103772,11.834980,11.834980,0.011097,0.144854,0.176398,0.000000,0.044376,0.066817
5920,65.715260,1,0.000000,0.000000,0.000000,0.044399,0.000000,0.044399,0.008880,None,2.314136,4.419820,4.158135,4.158135,0.011100,0.144854,0.176398,0.000000,0.044376,0.066817
5920,65.715260,2,0.000000,0.000000,0.000000,0.044343,0.000000,0.044343,0.008869,None,2.620160,4.359706,5.128218,5.128218,0.011086,0.144854,0.176398,0.000000,0.044376,0.066817
5920,65.715260,3,0.579416,0.705591,0.000000,0.044375,0.000000,0.044375,0.240641,Wall,0.147204,0.147204,4.158135,4.158135,0.011094,0.144854,0.176398,0.000000,0.044376,0.066817
5930,65.826260,0,0.000000,0.000000,0.000000,0.044428,0.000000,0.044428,0.008886,None,1.215281,1.215281,11.679900,11.679900,0.011107,0.144854,0.176398,0.000000,0.036719,0.065285
5930,65.826260,1,0.000000,0.000000,0.000000,0.044420,0.000000,0.044420,0.008884,None,2.261196,4.525561,4.254198,4.254198,0.011105,0.144854,0.176398,0.000000,0.036719,0.065285
5930,65.826260,2,0.000000,0.000000,0.000000,0.044344,0.000000,0.044344,0.008869,None,2.514692,4.399468,4.958746,4.958746,0.011086,0.144854,0.176398,0.000000,0.036719,0.065285
5930,65.826260,3,0.579416,0.705591,0.000000,0.013682,0.000000,0.013682,0.234503,Wall,0.147204,0.147204,4.254198,4.254198,0.003421,0.144854,0.176398,0.000000,0.036719,0.065285
5940,65.937270,0,0.000000,0.000000,0.000000,0.044441,0.000000,0.044441,0.008888,None,1.326469,1.326469,11.519050,11.519050,0.011110,0.147452,0.178217,0.000000,0.036683,0.066317
5940,65.937270,1,0.000000,0.000000,0.000000,0.044422,0.000000,0.044422,0.008884,None,2.184020,4.632118,4.348255,4.348255,0.011105,0.147452,0.178217,0.000000,0.036683,0.066317
5940,65.937270,2,0.000000,0.000000,0.000000,0.044341,0.000000,0.044341,0.008868,None,2.410011,4.441776,4.794069,4.794069,0.011085,0.147452,0.178217,0.000000,0.036683,0.066317
5940,65.937270,3,0.589808,0.712866,0.000000,0.013528,0.000000,0.013528,0.238629,Wall,0.143567,0.143567,4.348255,4.348255,0.003382,0.147452,0.178217,0.000000,0.036683,0.066317
5950,66.048280,0,0.000000,0.000000,0.000000,0.044449,0.000000,0.044449,0.008890,None,1.437583,1.437583,11.352960,11.352960,0.011112,0.170622,0.194436,0.000000,0.042025,0.076654
5950,66.048280,1,0.000000,0.000000,0.000000,0.044427,0.000000,0.044427,0.008885,None,2.109586,4.739516,4.427336,4.427336,0.011107,0.170622,0.194436,0.000000,0.042025,0.076654
5950,66.048280,2,0.000000,0.000000,0.000000,0.044342,0.000000,0.044342,0.008868,None,2.306201,4.486693,4.634556,4.634556,0.011086,0.170622,0.194436,0.000000,0.042025,0.076654
5950,66.048280,3,0.682489,0.777742,0.000000,0.034882,0.000000,0.034882,0.279972,Wall,0.111129,0.111129,4.427336,4.427336,0.008721,0.170622,0.194436,0.000000,0.042025,0.076654
5960,66.159290,0,0.000000,0.000000,0.000000,0.044456,0.000000,0.044456,0.008891,None,1.548681,1.548681,11.182720,11.182720,0.011114,0.170336,0.194235,0.000000,0.038744,0.075883
5960,66.159290,1,0.000000,0.000000,0.000000,0.044433,0.000000,0.044433,0.008887,None,2.043991,4.847609,4.472741,4.472741,0.011108,0.170336,0.194235,0.000000,0.038744,0.075883
5960,66.159290,2,0.000000,0.000000,0.000000,0.024621,0.000000,0.024621,0.004924,None,2.250830,4.510109,4.527789,4.527789,0.006155,0.170336,0.194235,0.000000,0.038744,0.075883
5960,66.159290,3,0.681345,0.776941,0.000000,0.041464,0.000000,0.041464,0.280831,Wall,0.111529,0.111529,4.472741,4.472741,0.010366,0.170336,0.194235,0.000000,0.038744,0.075883
5970,66.270290,0,0.000000,0.000000,0.000000,0.024682,0.000000,0.024682,0.004936,None,1.604166,1.604166,11.048010,11.048010,0.006171,0.157029,0.184920,0.000000,0.030050,0.068822
5970,66.270290,1,0.000000,0.000000,0.000000,0.044432,0.000000,0.044432,0.008886,None,2.003087,4.956315,4.472759,4.472759,0.011108,0.157029,0.184920,0.000000,0.030050,0.068822
5970,66.270290,2,0.000000,0.000000,0.000000,0.007591,0.000000,0.007591,0.001518,None,2.222650,4.510109,4.472759,4.472759,0.001898,0.157029,0.184920,0.000000,0.030050,0.068822
5970,66.270290,3,0.628116,0.739681,0.000000,0.043494,0.000000,0.043494,0.259945,Wall,0.130159,0.130159,4.517967,4.517967,0.010874,0.157029,0.184920,0.000000,0.030050,0.068822
5980,66.381300,0,0.000000,0.000000,0.000000,0.007610,0.000000,0.007610,0.001522,None,1.604166,1.604166,10.950240,10.950240,0.001903,0.139419,0.172593,0.000000,0.031389,0.062045
5980,66.381300,1,0.000000,0.000000,0.000000,0.044429,0.000000,0.044429,0.008886,None,1.962144,5.065615,4.395216,4.395216,0.011107,0.139419,0.172593,0.000000,0.031389,0.062045
5980,66.381300,2,0.000000,0.000000,0.000000,0.029394,0.000000,0.029394,0.005879,None,2.147005,4.494330,4.395216,4.395216,0.007348,0.139419,0.172593,0.000000,0.031389,0.062045
5980,66.381300,3,0.557675,0.690373,0.000000,0.044124,0.000000,0.044124,0.231895,Wall,0.154814,0.154814,4.566682,4.566682,0.011031,0.139419,0.172593,0.000000,0.031389,0.062045
5990,66.492310,0,0.000000,0.000000,0.000000,0.024857,0.000000,0.024857,0.004971,None,1.670878,1.670878,10.819890,10.819890,0.006214,0.118874,0.158212,0.000000,0.038334,0.055216
5990,66.492310,1,0.000000,0.000000,0.000000,0.044431,0.000000,0.044431,0.008886,None,1.911654,5.175389,4.349486,4.349486,0.011108,0.118874,0.158212,0.000000,0.038334,0.055216
5990,66.492310,2,0.000000,0.000000,0.000000,0.039743,0.000000,0.039743,0.007949,None,2.102583,4.443273,4.349486,4.349486,0.009936,0.118874,0.158212,0.000000,0.038334,0.055216
5990,66.492310,3,0.475496,0.632847,0.000000,0.044306,0.000000,0.044306,0.199060,Wall,0.183577,0.183577,4.618862,4.618862,0.011077,0.118874,0.158212,0.000000,0.038334,0.055216
6000,66.603320,0,0.000000,0.000000,0.000000,0.038405,0.000000,0.038405,0.007681,None,1.781967,1.781967,10.649330,10.649330,0.009601,0.096242,0.142370,0.000000,0.042536,0.047004
6000,66.603320,1,0.000000,0.000000,0.000000,0.044433,0.000000,0.044433,0.008887,None,1.862656,5.285654,4.311969,4.311969,0.011108,0.096242,0.142370,0.000000,0.042536,0.047004
6000,66.603320,2,0.000000,0.000000,0.000000,0.042938,0.000000,0.042938,0.008588,None,2.065885,4.398290,4.311969,4.311969,0.010734,0.096242,0.142370,0.000000,0.042536,0.047004
6000,66.603320,3,0.384970,0.569479,0.000000,0.044367,0.000000,0.044367,0.162861,Wall,0.215261,0.215261,4.674514,4.674514,0.011092,0.096242,0.142370,0.000000,0.042536,0.047004
6010,66.714320,0,0.000000,0.000000,0.000000,0.042586,0.000000,0.042586,0.008517,None,1.892729,1.892729,10.453890,10.453890,0.010646,0.071694,0.125186,0.000000,0.043832,0.037444
6010,66.714320,1,0.000000,0.000000,0.000000,0.044428,0.000000,0.044428,0.008886,None,1.819057,5.396268,4.282925,4.282925,0.011107,0.071694,0.125186,0.000000,0.043832,0.037444
6010,66.714320,2,0.000000,0.000000,0.000000,0.043922,0.000000,0.043922,0.008784,None,2.032670,4.358943,4.282925,4.282925,0.010981,0.071694,0.125186,0.000000,0.043832,0.037444
6010,66.714320,3,0.286777,0.500744,0.000000,0.044391,0.000000,0.044391,0.123589,Wall,0.249628,0.249628,4.733100,4.733100,0.011098,0.071694,0.125186,0.000000,0.043832,0.037444
6020,66.825330,0,0.000000,0.000000,0.000000,0.043873,0.000000,0.043873,0.008775,None,2.003320,2.003320,10.257920,10.257920,0.010968,0.044841,0.106389,0.000000,0.044231,0.026783
6020,66.825330,1,0.000000,0.000000,0.000000,0.044434,0.000000,0.044434,0.008887,None,1.782162,5.507233,4.266516,4.266516,0.011109,0.044841,0.106389,0.000000,0.044231,0.026783
6020,66.825330,2,0.000000,0.000000,0.000000,0.044221,0.000000,0.044221,0.008844,None,2.004894,4.320515,4.266516,4.266516,0.011055,0.044841,0.106389,0.000000,0.044231,0.026783
6020,66.825330,3,0.179366,0.425556,0.000000,0.044395,0.000000,0.044395,0.080625,Wall,0.287222,0.287222,4.793049,4.793049,0.011099,0.044841,0.106389,0.000000,0.044231,0.026783
6030,66.936340,0,0.000000,0.000000,0.000000,0.044271,0.000000,0.044271,0.008854,None,2.113925,2.113925,10.150580,10.150580,0.011068,0.015577,0.085904,0.000000,0.037579,0.013747
6030,66.936340,1,0.000000,0.000000,0.000000,0.017335,0.000000,0.017335,0.003467,None,1.783838,5.529450,4.272273,4.272273,0.004334,0.015577,0.085904,0.000000,0.037579,0.013747
6030,66.936340,2,0.000000,0.000000,0.000000,0.044315,0.000000,0.044315,0.008863,None,1.992422,4.280914,4.272273,4.272273,0.011079,0.015577,0.085904,0.000000,0.037579,0.013747
6030,66.936340,3,0.062307,0.343615,0.000000,0.044396,0.000000,0.044396,0.033802,None,0.328193,0.328193,4.768852,4.768852,0.011099,0.015577,0.085904,0.000000,0.037579,0.013747
6040,67.047350,0,0.000000,0.000000,0.000000,0.044395,0.000000,0.044395,0.008879,None,2.224365,2.224365,10.064270,10.064270,0.011099,0.000000,0.064120,0.000000,0.034620,0.006924
6040,67.047350,1,0.000000,0.000000,0.000000,0.005345,0.000000,0.005345,0.001069,None,1.775067,5.529450,4.285838,4.285838,0.001336,0.000000,0.064120,0.000000,0.034620,0.006924
6040,67.047350,2,0.000000,0.000000,0.000000,0.044346,0.000000,0.044346,0.008869,None,1.998209,4.239120,4.285838,4.285838,0.011086,0.000000,0.064120,0.000000,0.034620,0.006924
6040,67.047350,3,0.000000,0.256481,0.000000,0.044395,0.000000,0.044395,0.008879,None,0.371759,0.371759,4.723801,4.723801,0.011099,0.000000,0.064120,0.000000,0.034620,0.006924
6050,67.158360,0,0.000000,0.000000,0.000000,0.044429,0.000000,0.044429,0.008886,None,2.334552,2.334552,9.963493,9.963493,0.011107,0.000000,0.040539,0.000000,0.036038,0.007208
6050,67.158360,1,0.000000,0.000000,0.000000,0.010965,0.000000,0.010965,0.002193,None,1.743004,5.550785,4.292141,4.292141,0.002741,0.000000,0.040539,0.000000,0.036038,0.007208
6050,67.158360,2,0.000000,0.000000,0.000000,0.044355,0.000000,0.044355,0.008871,None,2.011213,4.194719,4.292141,4.292141,0.011089,0.000000,0.040539,0.000000,0.036038,0.007208
6050,67.158360,3,0.000000,0.162157,0.000000,0.044402,0.000000,0.044402,0.008880,None,0.418922,0.418922,4.696543,4.696543,0.011100,0.000000,0.040539,0.000000,0.036038,0.007208
6060,67.269360,0,0.000000,0.000000,0.000000,0.044448,0.000000,0.044448,0.008890,None,2.444478,2.444478,9.832391,9.832391,0.011112,0.000000,0.015606,0.000000,0.041832,0.008366
6060,67.269360,1,0.000000,0.000000,0.000000,0.034129,0.000000,0.034129,0.006826,None,1.643622,5.657092,4.230192,4.230192,0.008532,0.000000,0.015606,0.000000,0.041832,0.008366
6060,67.269360,2,0.000000,0.000000,0.000000,0.044358,0.000000,0.044358,0.008872,None,2.013703,4.147764,4.230192,4.230192,0.011090,0.000000,0.015606,0.000000,0.041832,0.008366
6060,67.269360,3,0.000000,0.062426,0.000000,0.044393,0.000000,0.044393,0.008879,None,0.468787,0.468787,4.744095,4.744095,0.011098,0.000000,0.015606,0.000000,0.041832,0.008366
6070,67.380370,0,0.000000,0.000000,0.000000,0.044447,0.000000,0.044447,0.008889,None,2.554064,2.554064,9.661283,9.661283,0.011112,0.000000,0.000000,0.000000,0.043618,0.008724
6070,67.380370,1,0.000000,0.000000,0.000000,0.041264,0.000000,0.041264,0.008253,None,1.597102,5.766189,4.226431,4.226431,0.010316,0.000000,0.000000,0.000000,0.043618,0.008724
6070,67.380370,2,0.000000,0.000000,0.000000,0.044359,0.000000,0.044359,0.008872,None,2.014702,4.098280,4.226431,4.226431,0.011090,0.000000,0.000000,0.000000,0.043618,0.008724
6070,67.380370,3,0.000000,0.000000,0.000000,0.044402,0.000000,0.044402,0.008880,None,0.521332,0.521332,4.799595,4.799595,0.011100,0.000000,0.000000,0.000000,0.043618,0.008724
6080,67.491380,0,0.000000,0.000000,0.000000,0.044442,0.000000,0.044442,0.008888,None,2.663290,2.663290,9.467602,9.467602,0.011111,0.000000,0.000000,0.000000,0.044167,0.008833
6080,67.491380,1,0.000000,0.000000,0.000000,0.043464,0.000000,0.043464,0.008693,None,1.581049,5.876795,4.262214,4.262214,0.010866,0.000000,0.000000,0.000000,0.044167,0.008833
6080,67.491380,2,0.000000,0.000000,0.000000,0.044359,0.000000,0.044359,0.008872,None,2.021398,4.046295,4.262214,4.262214,0.011090,0.000000,0.000000,0.000000,0.044167,0.008833
6080,67.491380,3,0.000000,0.000000,0.000000,0.044402,0.000000,0.044402,0.008880,None,0.576762,0.576762,4.859578,4.859578,0.011101,0.000000,0.000000,0.000000,0.044167,0.008833
6090,67.602390,0,0.000000,0.000000,0.000000,0.044445,0.000000,0.044445,0.008889,None,2.772138,2.772138,9.266545,9.266545,0.011111,0.000000,0.000000,0.000000,0.044336,0.008867
6090,67.602390,1,0.000000,0.000000,0.000000,0.044144,0.000000,0.044144,0.008829,None,1.580241,5.987935,4.319266,4.319266,0.011036,0.000000,0.000000,0.000000,0.044336,0.008867
6090,67.602390,2,0.000000,0.000000,0.000000,0.044359,0.000000,0.044359,0.008872,None,2.036023,3.991816,4.319266,4.319266,0.011090,0.000000,0.000000,0.000000,0.044336,0.008867
6090,67.602390,3,0.000000,0.000000,0.000000,0.044398,0.000000,0.044398,0.008880,None,0.635167,0.635167,4.921583,4.921583,0.011099,0.000000,0.000000,0.000000,0.044336,0.008867
6100,67.713390,0,0.000000,0.000000,0.000000,0.044444,0.000000,0.044444,0.008889,None,2.880572,2.880572,9.062177,9.062177,0.011111,0.000000,0.000000,0.000000,0.044388,0.008878
6100,67.713390,1,0.000000,0.000000,0.000000,0.044350,0.000000,0.044350,0.008870,None,1.590582,6.099269,4.392133,4.392133,0.011088,0.000000,0.000000,0.000000,0.044388,0.008878
6100,67.713390,2,0.000000,0.000000,0.000000,0.044361,0.000000,0.044361,0.008872,None,2.059415,3.934831,4.392133,4.392133,0.011090,0.000000,0.000000,0.000000,0.044388,0.008878
6100,67.713390,3,0.000000,0.000000,0.000000,0.044397,0.000000,0.044397,0.008879,None,0.696561,0.696561,4.984619,4.984619,0.011099,0.000000,0.000000,0.000000,0.044388,0.008878
6110,67.824400,0,0.000000,0.000000,0.000000,0.044439,0.000000,0.044439,0.008888,None,2.988564,2.988564,8.855361,8.855361,0.011110,0.000000,0.000000,0.000000,0.044403,0.008881
6110,67.824400,1,0.000000,0.000000,0.000000,0.044417,0.000000,0.044417,0.008883,None,1.610994,6.210769,4.478982,4.478982,0.011104,0.000000,0.000000,0.000000,0.044403,0.008881
6110,67.824400,2,0.000000,0.000000,0.000000,0.044357,0.000000,0.044357,0.008871,None,2.091917,3.875343,4.478982,4.478982,0.011089,0.000000,0.000000,0.000000,0.044403,0.008881
6110,67.824400,3,0.000000,0.000000,0.000000,0.044401,0.000000,0.044401,0.008880,None,0.760846,0.760846,5.048264,5.048264,0.011100,0.000000,0.000000,0.000000,0.044403,0.008881
6120,67.935410,0,0.000000,0.000000,0.000000,0.044440,0.000000,0.044440,0.008888,None,3.096117,3.096117,8.646507,8.646507,0.011110,0.000000,0.000000,0.000000,0.044411,0.008882
6120,67.935410,1,0.000000,0.000000,0.000000,0.044441,0.000000,0.044441,0.008888,None,1.641520,6.322346,4.579025,4.579025,0.011110,0.000000,0.000000,0.000000,0.044411,0.008882
6120,67.935410,2,0.000000,0.000000,0.000000,0.044360,0.000000,0.044360,0.008872,None,2.133524,3.813363,4.579025,4.579025,0.011090,0.000000,0.000000,0.000000,0.044411,0.008882
6120,67.935410,3,0.000000,0.000000,0.000000,0.044401,0.000000,0.044401,0.008880,None,0.827404,0.827404,5.112252,5.112252,0.011100,0.000000,0.000000,0.000000,0.044411,0.008882
6130,68.046420,0,0.000000,0.000000,0.000000,0.044441,0.000000,0.044441,0.008888,None,3.203183,3.203183,8.436161,8.436161,0.011110,0.000000,0.000000,0.000000,0.037642,0.007528
6130,68.046420,1,0.000000,0.000000,0.000000,0.044443,0.000000,0.044443,0.008889,None,1.682161,6.433924,4.691463,4.691463,0.011111,0.000000,0.000000,0.000000,0.037642,0.007528
6130,68.046420,2,0.000000,0.000000,0.000000,0.044361,0.000000,0.044361,0.008872,None,2.184283,3.748881,4.691463,4.691463,0.011090,0.000000,0.000000,0.000000,0.037642,0.007528
6130,68.046420,3,0.000000,0.000000,0.000000,0.017322,0.000000,0.017322,0.003464,None,0.841075,0.841075,5.213955,5.213955,0.004330,0.000000,0.000000,0.000000,0.037642,0.007528
6140,68.157420,0,0.000000,0.000000,0.000000,0.044445,0.000000,0.044445,0.008889,None,3.309809,3.309809,8.224360,8.224360,0.011111,0.000000,0.000000,0.000000,0.034647,0.006929
6140,68.157420,1,0.000000,0.000000,0.000000,0.044442,0.000000,0.044442,0.008888,None,1.733262,6.545404,4.815707,4.815707,0.011111,0.000000,0.000000,0.000000,0.034647,0.006929
6140,68.157420,2,0.000000,0.000000,0.000000,0.044360,0.000000,0.044360,0.008872,None,2.243879,3.682070,4.815707,4.815707,0.011090,0.000000,0.000000,0.000000,0.034647,0.006929
6140,68.157420,3,0.000000,0.000000,0.000000,0.005341,0.000000,0.005341,0.001068,None,0.841075,0.841075,5.325259,5.325259,0.001335,0.000000,0.000000,0.000000,0.034647,0.006929
6150,68.268430,0,0.000000,0.000000,0.000000,0.044441,0.000000,0.044441,0.008888,None,3.415939,3.415939,8.011697,8.011697,0.011110,0.000000,0.000000,0.000000,0.033722,0.006744
6150,68.268430,1,0.000000,0.000000,0.000000,0.044438,0.000000,0.044438,0.008888,None,1.794366,6.656752,4.950867,4.950867,0.011110,0.000000,0.000000,0.000000,0.033722,0.006744
6150,68.268430,2,0.000000,0.000000,0.000000,0.044362,0.000000,0.044362,0.008872,None,2.312067,3.612840,4.950867,4.950867,0.011090,0.000000,0.000000,0.000000,0.033722,0.006744
6150,68.268430,3,0.000000,0.000000,0.000000,0.001646,0.000000,0.001646,0.000329,None,0.841075,0.841075,5.436692,5.436692,0.000412,0.000000,0.000000,0.000000,0.033722,0.006744
6160,68.379440,0,0.000000,0.000000,0.000000,0.044443,0.000000,0.044443,0.008889,None,3.521700,3.521700,7.798287,7.798287,0.011111,0.000000,0.000000,0.000000,0.033443,0.006689
6160,68.379440,1,0.000000,0.000000,0.000000,0.044444,0.000000,0.044444,0.008889,None,1.860828,6.767969,5.051581,5.051581,0.011111,0.000000,0.000000,0.000000,0.033443,0.006689
6160,68.379440,2,0.000000,0.000000,0.000000,0.024635,0.000000,0.024635,0.004927,None,2.365111,3.577461,5.051581,5.051581,0.006159,0.000000,0.000000,0.000000,0.033443,0.006689
6160,68.379440,3,0.000000,0.000000,0.000000,0.020252,0.000000,0.020252,0.004050,None,0.918933,0.918933,5.507319,5.507319,0.005063,0.000000,0.000000,0.000000,0.033443,0.006689
6170,68.490450,0,0.000000,0.000000,0.000000,0.027760,0.000000,0.027760,0.005552,None,3.585019,3.585019,7.624732,7.624732,0.006940,0.000000,0.000000,0.000000,0.029192,0.005838
6170,68.490450,1,0.000000,0.000000,0.000000,0.044446,0.000000,0.044446,0.008889,None,1.917516,6.878956,5.094011,5.094011,0.011111,0.000000,0.000000,0.000000,0.029192,0.005838
6170,68.490450,2,0.000000,0.000000,0.000000,0.007596,0.000000,0.007596,0.001519,None,2.385933,3.577461,5.094011,5.094011,0.001899,0.000000,0.000000,0.000000,0.029192,0.005838
6170,68.490450,3,0.000000,0.000000,0.000000,0.036966,0.000000,0.036966,0.007393,None,1.004149,1.004149,5.525335,5.525335,0.009241,0.000000,0.000000,0.000000,0.029192,0.005838
6180,68.601460,0,0.000000,0.000000,0.000000,0.008560,0.000000,0.008560,0.001712,None,3.585019,3.585019,7.522378,7.522378,0.002140,0.000000,0.000000,0.000000,0.028058,0.005612
6180,68.601460,1,0.000000,0.000000,0.000000,0.039506,0.000000,0.039506,0.007901,None,1.975748,6.978532,5.181633,5.181633,0.009877,0.000000,0.000000,0.000000,0.028058,0.005612
6180,68.601460,2,0.000000,0.000000,0.000000,0.022052,0.000000,0.022052,0.004410,None,2.458687,3.512395,5.181633,5.181633,0.005513,0.000000,0.000000,0.000000,0.028058,0.005612
6180,68.601460,3,0.000000,0.000000,0.000000,0.042116,0.000000,0.042116,0.008423,None,1.074359,1.074359,5.539835,5.539835,0.010529,0.000000,0.000000,0.000000,0.028058,0.005612
6190,68.712460,0,0.000000,0.000000,0.000000,0.002639,0.000000,0.002639,0.000528,None,3.585019,3.585019,7.522378,7.522378,0.000660,0.000000,0.000000,0.000000,0.023996,0.004799
6190,68.712460,1,0.000000,0.000000,0.000000,0.012181,0.000000,0.012181,0.002436,None,2.023795,6.978532,5.300756,5.300756,0.003045,0.000000,0.000000,0.000000,0.023996,0.004799
6190,68.712460,2,0.000000,0.000000,0.000000,0.037463,0.000000,0.037463,0.007493,None,2.605713,3.366936,5.300756,5.300756,0.009366,0.000000,0.000000,0.000000,0.023996,0.004799
6190,68.712460,3,0.000000,0.000000,0.000000,0.043702,0.000000,0.043702,0.008740,None,1.140046,1.140046,5.464725,5.464725,0.010926,0.000000,0.000000,0.000000,0.023996,0.004799
6200,68.823470,0,0.000000,0.000000,0.000000,0.023312,0.000000,0.023312,0.004662,None,3.651645,3.651645,7.492427,7.492427,0.005828,0.000000,0.000000,0.000000,0.028368,0.005674
6200,68.823470,1,0.000000,0.000000,0.000000,0.003756,0.000000,0.003756,0.000751,None,2.066735,6.978532,5.374825,5.374825,0.000939,0.000000,0.000000,0.000000,0.028368,0.005674
6200,68.823470,2,0.000000,0.000000,0.000000,0.042219,0.000000,0.042219,0.008444,None,2.718993,3.251185,5.374825,5.374825,0.010555,0.000000,0.000000,0.000000,0.028368,0.005674
6200,68.823470,3,0.000000,0.000000,0.000000,0.044184,0.000000,0.044184,0.008837,None,1.205673,1.205673,5.392709,5.392709,0.011046,0.000000,0.000000,0.000000,0.028368,0.005674
6210,68.934480,0,0.000000,0.000000,0.000000,0.037921,0.000000,0.037921,0.007584,None,3.734126,3.761371,7.395352,7.395352,0.009480,0.000000,0.000000,0.000000,0.036718,0.007344
6210,68.934480,1,0.000000,0.000000,0.000000,0.020925,0.000000,0.020925,0.004185,None,2.084444,7.034076,5.376565,5.376565,0.005231,0.000000,0.000000,0.000000,0.036718,0.007344
6210,68.934480,2,0.000000,0.000000,0.000000,0.043684,0.000000,0.043684,0.008737,None,2.796937,3.153520,5.429876,5.429876,0.010921,0.000000,0.000000,0.000000,0.036718,0.007344
6210,68.934480,3,0.000000,0.000000,0.000000,0.044341,0.000000,0.044341,0.008868,None,1.272939,1.272939,5.376565,5.376565,0.011085,0.000000,0.000000,0.000000,0.036718,0.007344
6220,69.045490,0,0.000000,0.000000,0.000000,0.042420,0.000000,0.042420,0.008484,None,3.647768,3.868131,7.228604,7.228604,0.010605,0.000000,0.000000,0.000000,0.042034,0.008407
6220,69.045490,1,0.000000,0.000000,0.000000,0.037189,0.000000,0.037189,0.007438,None,2.102490,7.145346,5.415885,5.415885,0.009297,0.000000,0.000000,0.000000,0.042034,0.008407
6220,69.045490,2,0.000000,0.000000,0.000000,0.044136,0.000000,0.044136,0.008827,None,2.832054,3.061758,5.484266,5.484266,0.011034,0.000000,0.000000,0.000000,0.042034,0.008407
6220,69.045490,3,0.000000,0.000000,0.000000,0.044389,0.000000,0.044389,0.008878,None,1.342349,1.342349,5.415885,5.415885,0.011097,0.000000,0.000000,0.000000,0.042034,0.008407
6230,69.156490,0,0.000000,0.000000,0.000000,0.043807,0.000000,0.043807,0.008761,None,3.542872,3.973371,7.021916,7.021916,0.010952,0.000000,0.000000,0.000000,0.043674,0.008735
6230,69.156490,1,0.000000,0.000000,0.000000,0.042203,0.000000,0.042203,0.008441,None,2.183284,7.256447,5.444448,5.444448,0.010551,0.000000,0.000000,0.000000,0.043674,0.008735
6230,69.156490,2,0.000000,0.000000,0.000000,0.044277,0.000000,0.044277,0.008855,None,2.866101,2.970695,5.565603,5.565603,0.011069,0.000000,0.000000,0.000000,0.043674,0.008735
6230,69.156490,3,0.000000,0.000000,0.000000,0.044408,0.000000,0.044408,0.008882,None,1.383920,1.413934,5.444448,5.444448,0.011102,0.000000,0.000000,0.000000,0.043674,0.008735
6240,69.267500,0,0.000000,0.000000,0.000000,0.044239,0.000000,0.044239,0.008848,None,3.432804,4.077634,6.801541,6.801541,0.011060,0.000000,0.000000,0.000000,0.044178,0.008836
6240,69.267500,1,0.000000,0.000000,0.000000,0.043747,0.000000,0.043747,0.008749,None,2.290587,7.367208,5.459115,5.459115,0.010937,0.000000,0.000000,0.000000,0.044178,0.008836
6240,69.267500,2,0.000000,0.000000,0.000000,0.044316,0.000000,0.044316,0.008863,None,2.878899,2.878899,5.654094,5.654094,0.011079,0.000000,0.000000,0.000000,0.044178,0.008836
6240,69.267500,3,0.000000,0.000000,0.000000,0.044412,0.000000,0.044412,0.008882,None,1.389433,1.487744,5.459115,5.459115,0.011103,0.000000,0.000000,0.000000,0.044178,0.008836
6250,69.378510,0,0.000000,0.000000,0.000000,0.044372,0.000000,0.044372,0.008874,None,3.322038,4.181133,6.578392,6.578392,0.011093,0.000000,0.000000,0.000000,0.044334,0.008867
6250,69.378510,1,0.000000,0.000000,0.000000,0.044221,0.000000,0.044221,0.008844,None,2.408138,7.477581,5.469965,5.469965,0.011055,0.000000,0.000000,0.000000,0.044334,0.008867
6250,69.378510,2,0.000000,0.000000,0.000000,0.044331,0.000000,0.044331,0.008866,None,2.785471,2.785471,5.743874,5.743874,0.011083,0.000000,0.000000,0.000000,0.044334,0.008867
6250,69.378510,3,0.000000,0.000000,0.000000,0.044413,0.000000,0.044413,0.008883,None,1.394772,1.563632,5.469965,5.469965,0.011103,0.000000,0.000000,0.000000,0.044334,0.008867
6260,69.489520,0,0.000000,0.000000,0.000000,0.044418,0.000000,0.044418,0.008884,None,3.221776,4.285754,6.365498,6.365498,0.011104,0.000000,0.000000,0.000000,0.044386,0.008877
6260,69.489520,1,0.000000,0.000000,0.000000,0.044370,0.000000,0.044370,0.008874,None,2.531204,7.587569,5.477300,5.477300,0.011092,0.000000,0.000000,0.000000,0.044386,0.008877
6260,69.489520,2,0.000000,0.000000,0.000000,0.044342,0.000000,0.044342,0.008868,None,2.690574,2.690574,5.844337,5.844337,0.011086,0.000000,0.000000,0.000000,0.044386,0.008877
6260,69.489520,3,0.000000,0.000000,0.000000,0.044416,0.000000,0.044416,0.008883,None,1.398708,1.641654,5.477300,5.477300,0.011104,0.000000,0.000000,0.000000,0.044386,0.008877
6270,69.600520,0,0.000000,0.000000,0.000000,0.044431,0.000000,0.044431,0.008886,None,3.132462,4.391806,6.164039,6.164039,0.011108,0.000000,0.000000,0.000000,0.044403,0.008881
6270,69.600520,1,0.000000,0.000000,0.000000,0.044421,0.000000,0.044421,0.008884,None,2.658197,7.697138,5.481529,5.481529,0.011105,0.000000,0.000000,0.000000,0.044403,0.008881
6270,69.600520,2,0.000000,0.000000,0.000000,0.044341,0.000000,0.044341,0.008868,None,2.594195,2.594195,5.954782,5.954782,0.011085,0.000000,0.000000,0.000000,0.044403,0.008881
6270,69.600520,3,0.000000,0.000000,0.000000,0.044417,0.000000,0.044417,0.008883,None,1.401199,1.721680,5.481529,5.481529,0.011104,0.000000,0.000000,0.000000,0.044403,0.008881
6280,69.711530,0,0.000000,0.000000,0.000000,0.044434,0.000000,0.044434,0.008887,None,3.050975,4.499081,5.971597,5.971597,0.011108,0.000000,0.000000,0.000000,0.044407,0.008881
6280,69.711530,1,0.000000,0.000000,0.000000,0.044431,0.000000,0.044431,0.008886,None,2.788280,7.806128,5.482251,5.482251,0.011108,0.000000,0.000000,0.000000,0.044407,0.008881
6280,69.711530,2,0.000000,0.000000,0.000000,0.044337,0.000000,0.044337,0.008867,None,2.496498,2.496498,6.074560,6.074560,0.011084,0.000000,0.000000,0.000000,0.044407,0.008881
6280,69.711530,3,0.000000,0.000000,0.000000,0.044425,0.000000,0.044425,0.008885,None,1.402048,1.803686,5.482251,5.482251,0.011106,0.000000,0.000000,0.000000,0.044407,0.008881
6290,69.822540,0,0.000000,0.000000,0.000000,0.044431,0.000000,0.044431,0.008886,None,2.975524,4.521762,5.786386,5.786386,0.011108,0.000000,0.000000,0.000000,0.044407,0.008881
6290,69.822540,1,0.000000,0.000000,0.000000,0.044438,0.000000,0.044438,0.008888,None,2.805534,7.914592,5.480051,5.480051,0.011109,0.000000,0.000000,0.000000,0.044407,0.008881
6290,69.822540,2,0.000000,0.000000,0.000000,0.044342,0.000000,0.044342,0.008868,None,2.397274,2.397274,6.203208,6.203208,0.011086,0.000000,0.000000,0.000000,0.044407,0.008881
6290,69.822540,3,0.000000,0.000000,0.000000,0.044418,0.000000,0.044418,0.008884,None,1.401459,1.887534,5.480051,5.480051,0.011105,0.000000,0.000000,0.000000,0.044407,0.008881
6300,69.933550,0,0.000000,0.000000,0.000000,0.021933,0.000000,0.021933,0.004387,None,2.933789,4.529637,5.643553,5.643553,0.005483,0.000000,0.000000,0.000000,0.038783,0.007757
6300,69.933550,1,0.000000,0.000000,0.000000,0.044440,0.000000,0.044440,0.008888,None,2.703611,8.022387,5.474352,5.474352,0.011110,0.000000,0.000000,0.000000,0.038783,0.007757
6300,69.933550,2,0.000000,0.000000,0.000000,0.044342,0.000000,0.044342,0.008868,None,2.296600,2.296600,6.340173,6.340173,0.011086,0.000000,0.000000,0.000000,0.038783,0.007757
6300,69.933550,3,0.000000,0.000000,0.000000,0.044416,0.000000,0.044416,0.008883,None,1.399200,1.973221,5.474352,5.474352,0.011104,0.000000,0.000000,0.000000,0.038783,0.007757
6310,70.044560,0,0.000000,0.000000,0.000000,0.006763,0.000000,0.006763,0.001353,None,2.892207,4.529637,5.526401,5.526401,0.001691,0.000000,0.000000,0.000000,0.030828,0.006166
6310,70.044560,1,0.000000,0.000000,0.000000,0.044436,0.000000,0.044436,0.008887,None,2.627608,8.129460,5.465125,5.465125,0.011109,0.000000,0.000000,0.000000,0.030828,0.006166
6310,70.044560,2,0.000000,0.000000,0.000000,0.027695,0.000000,0.027695,0.005539,None,2.235662,2.235662,6.446782,6.446782,0.006924,0.000000,0.000000,0.000000,0.030828,0.006166
6310,70.044560,3,0.000000,0.000000,0.000000,0.044418,0.000000,0.044418,0.008884,None,1.395054,2.060745,5.465125,5.465125,0.011105,0.000000,0.000000,0.000000,0.030828,0.006166
6320,70.155560,0,0.000000,0.000000,0.000000,0.002086,0.000000,0.002086,0.000417,None,2.840876,4.529637,5.409158,5.409158,0.000521,0.000000,0.000000,0.000000,0.024869,0.004974
6320,70.155560,1,0.000000,0.000000,0.000000,0.044431,0.000000,0.044431,0.008886,None,2.560760,8.235782,5.409158,5.409158,0.011108,0.000000,0.000000,0.000000,0.024869,0.004974
6320,70.155560,2,0.000000,0.000000,0.000000,0.008539,0.000000,0.008539,0.001708,None,2.235662,2.235662,6.501204,6.501204,0.002135,0.000000,0.000000,0.000000,0.024869,0.004974
6320,70.155560,3,0.000000,0.000000,0.000000,0.044420,0.000000,0.044420,0.008884,None,1.389458,2.149926,5.452922,5.452922,0.011105,0.000000,0.000000,0.000000,0.024869,0.004974
6330,70.266570,0,0.000000,0.000000,0.000000,0.000642,0.000000,0.000642,0.000128,None,2.786393,4.529637,5.291838,5.291838,0.000160,0.000000,0.000000,0.000000,0.023032,0.004606
6330,70.266570,1,0.000000,0.000000,0.000000,0.044431,0.000000,0.044431,0.008886,None,2.496718,8.341290,5.291838,5.291838,0.011108,0.000000,0.000000,0.000000,0.023032,0.004606
6330,70.266570,2,0.000000,0.000000,0.000000,0.002634,0.000000,0.002634,0.000527,None,2.235662,2.235662,6.559238,6.559238,0.000658,0.000000,0.000000,0.000000,0.023032,0.004606
6330,70.266570,3,0.000000,0.000000,0.000000,0.044422,0.000000,0.044422,0.008884,None,1.382293,2.240729,5.437596,5.437596,0.011106,0.000000,0.000000,0.000000,0.023032,0.004606
6340,70.377580,0,0.000000,0.000000,0.000000,0.025131,0.000000,0.025131,0.005026,None,2.638257,4.579493,5.067376,5.067376,0.006283,0.000000,0.000000,0.000000,0.028699,0.005740
6340,70.377580,1,0.000000,0.000000,0.000000,0.044432,0.000000,0.044432,0.008886,None,2.420489,8.445974,5.067376,5.067376,0.011108,0.000000,0.000000,0.000000,0.028699,0.005740
6340,70.377580,2,0.000000,0.000000,0.000000,0.000812,0.000000,0.000812,0.000162,None,2.235662,2.235662,6.620717,6.620717,0.000203,0.000000,0.000000,0.000000,0.028699,0.005740
6340,70.377580,3,0.000000,0.000000,0.000000,0.044419,0.000000,0.044419,0.008884,None,1.373514,2.333102,5.419363,5.419363,0.011105,0.000000,0.000000,0.000000,0.028699,0.005740
6350,70.488590,0,0.000000,0.000000,0.000000,0.038475,0.000000,0.038475,0.007695,None,2.485759,4.636199,4.813127,4.813127,0.009619,0.000000,0.000000,0.000000,0.031895,0.006379
6350,70.488590,1,0.000000,0.000000,0.000000,0.044435,0.000000,0.044435,0.008887,None,2.318882,8.549735,4.813127,4.813127,0.011109,0.000000,0.000000,0.000000,0.031895,0.006379
6350,70.488590,2,0.000000,0.000000,0.000000,0.000250,0.000000,0.000250,0.000050,None,2.235662,2.235662,6.685487,6.685487,0.000062,0.000000,0.000000,0.000000,0.031895,0.006379
6350,70.488590,3,0.000000,0.000000,0.000000,0.044419,0.000000,0.044419,0.008884,None,1.363250,2.426958,5.398203,5.398203,0.011105,0.000000,0.000000,0.000000,0.031895,0.006379
6360,70.599590,0,0.000000,0.000000,0.000000,0.042590,0.000000,0.042590,0.008518,None,2.382486,4.676979,4.603672,4.603672,0.010648,0.000000,0.000000,0.000000,0.038499,0.007700
6360,70.599590,1,0.000000,0.000000,0.000000,0.044429,0.000000,0.044429,0.008886,None,2.209596,8.652467,4.603672,4.603672,0.011107,0.000000,0.000000,0.000000,0.038499,0.007700
6360,70.599590,2,0.000000,0.000000,0.000000,0.022555,0.000000,0.022555,0.004511,None,2.264512,2.264512,6.791607,6.791607,0.005639,0.000000,0.000000,0.000000,0.038499,0.007700
6360,70.599590,3,0.000000,0.000000,0.000000,0.044421,0.000000,0.044421,0.008884,None,1.351317,2.522287,5.373834,5.373834,0.011105,0.000000,0.000000,0.000000,0.038499,0.007700
6370,70.710600,0,0.000000,0.000000,0.000000,0.043860,0.000000,0.043860,0.008772,None,2.297704,4.710606,4.413241,4.413241,0.010965,0.000000,0.000000,0.000000,0.042593,0.008519
6370,70.710600,1,0.000000,0.000000,0.000000,0.044425,0.000000,0.044425,0.008885,None,2.098604,8.649168,4.413241,4.413241,0.011106,0.000000,0.000000,0.000000,0.042593,0.008519
6370,70.710600,2,0.000000,0.000000,0.000000,0.037663,0.000000,0.037663,0.007533,None,2.297628,2.297628,6.933366,6.933366,0.009416,0.000000,0.000000,0.000000,0.042593,0.008519
6370,70.710600,3,0.000000,0.000000,0.000000,0.044425,0.000000,0.044425,0.008885,None,1.337940,2.618982,5.346795,5.346795,0.011106,0.000000,0.000000,0.000000,0.042593,0.008519
6380,70.821610,0,0.000000,0.000000,0.000000,0.044254,0.000000,0.044254,0.008851,None,2.219552,4.740639,4.233530,4.233530,0.011063,0.000000,0.000000,0.000000,0.043857,0.008771
6380,70.821610,1,0.000000,0.000000,0.000000,0.044433,0.000000,0.044433,0.008887,None,1.990972,8.586982,4.233530,4.233530,0.011108,0.000000,0.000000,0.000000,0.043857,0.008771
6380,70.821610,2,0.000000,0.000000,0.000000,0.042321,0.000000,0.042321,0.008464,None,2.248890,2.248890,7.091524,7.091524,0.010580,0.000000,0.000000,0.000000,0.043857,0.008771
6380,70.821610,3,0.000000,0.000000,0.000000,0.044419,0.000000,0.044419,0.008884,None,1.323446,2.716941,5.323509,5.323509,0.011105,0.000000,0.000000,0.000000,0.043857,0.008771
6390,70.932620,0,0.000000,0.000000,0.000000,0.044378,0.000000,0.044378,0.008876,None,2.144414,4.768116,4.064342,4.064342,0.011094,0.000000,0.000000,0.000000,0.044250,0.008850
6390,70.932620,1,0.000000,0.000000,0.000000,0.044438,0.000000,0.044438,0.008888,None,1.893081,8.557697,4.064342,4.064342,0.011110,0.000000,0.000000,0.000000,0.044250,0.008850
6390,70.932620,2,0.000000,0.000000,0.000000,0.043759,0.000000,0.043759,0.008752,None,2.172876,2.172876,7.250507,7.250507,0.010940,0.000000,0.000000,0.000000,0.044250,0.008850
6390,70.932620,3,0.000000,0.000000,0.000000,0.044424,0.000000,0.044424,0.008885,None,1.311628,2.815301,5.319206,5.319206,0.011106,0.000000,0.000000,0.000000,0.044250,0.008850
6400,71.043620,0,0.000000,0.000000,0.000000,0.044406,0.000000,0.044406,0.008881,None,2.071969,4.792104,3.902341,3.902341,0.011101,0.000000,0.000000,0.000000,0.037112,0.007422
6400,71.043620,1,0.000000,0.000000,0.000000,0.044433,0.000000,0.044433,0.008887,None,1.801177,8.547371,3.902341,3.902341,0.011108,0.000000,0.000000,0.000000,0.037112,0.007422
6400,71.043620,2,0.000000,0.000000,0.000000,0.044202,0.000000,0.044202,0.008840,None,2.117110,2.117110,7.403903,7.403903,0.011050,0.000000,0.000000,0.000000,0.037112,0.007422
6400,71.043620,3,0.000000,0.000000,0.000000,0.015408,0.000000,0.015408,0.003082,None,1.378918,2.824914,5.421300,5.421300,0.003852,0.000000,0.000000,0.000000,0.037112,0.007422
6410,71.154630,0,0.000000,0.000000,0.000000,0.044419,0.000000,0.044419,0.008884,None,2.001857,4.810600,3.745379,3.745379,0.011105,0.000000,0.000000,0.000000,0.034484,0.006897
6410,71.154630,1,0.000000,0.000000,0.000000,0.044431,0.000000,0.044431,0.008886,None,1.712475,8.545376,3.745379,3.745379,0.011108,0.000000,0.000000,0.000000,0.034484,0.006897
6410,71.154630,2,0.000000,0.000000,0.000000,0.044335,0.000000,0.044335,0.008867,None,2.078090,2.078090,7.554009,7.554009,0.011084,0.000000,0.000000,0.000000,0.034484,0.006897
6410,71.154630,3,0.000000,0.000000,0.000000,0.004750,0.000000,0.004750,0.000950,None,1.433649,2.824914,5.536288,5.536288,0.001188,0.000000,0.000000,0.000000,0.034484,0.006897
6420,71.265640,0,0.000000,0.000000,0.000000,0.044426,0.000000,0.044426,0.008885,None,1.934195,4.819661,3.592829,3.592829,0.011107,0.000000,0.000000,0.000000,0.033674,0.006735
6420,71.265640,1,0.000000,0.000000,0.000000,0.044429,0.000000,0.044429,0.008886,None,1.625793,8.547581,3.592829,3.592829,0.011107,0.000000,0.000000,0.000000,0.033674,0.006735
6420,71.265640,2,0.000000,0.000000,0.000000,0.044376,0.000000,0.044376,0.008875,None,2.047063,2.047063,7.702754,7.702754,0.011094,0.000000,0.000000,0.000000,0.033674,0.006735
6420,71.265640,3,0.000000,0.000000,0.000000,0.001464,0.000000,0.001464,0.000293,None,1.482380,2.824914,5.652458,5.652458,0.000366,0.000000,0.000000,0.000000,0.033674,0.006735
6430,71.376650,0,0.000000,0.000000,0.000000,0.044430,0.000000,0.044430,0.008886,None,1.869020,4.811950,3.444374,3.444374,0.011107,0.000000,0.000000,0.000000,0.041103,0.008221
6430,71.376650,1,0.000000,0.000000,0.000000,0.044432,0.000000,0.044432,0.008886,None,1.540663,8.552691,3.444374,3.444374,0.011108,0.000000,0.000000,0.000000,0.041103,0.008221
6430,71.376650,2,0.000000,0.000000,0.000000,0.044388,0.000000,0.044388,0.008878,None,2.020399,2.020399,7.850844,7.850844,0.011097,0.000000,0.000000,0.000000,0.041103,0.008221
6430,71.376650,3,0.000000,0.000000,0.000000,0.031163,0.000000,0.031163,0.006233,None,1.411690,2.933139,5.625529,5.625529,0.007791,0.000000,0.000000,0.000000,0.041103,0.008221
6440,71.487660,0,0.000000,0.000000,0.000000,0.044428,0.000000,0.044428,0.008886,None,1.806592,4.801245,3.300514,3.300514,0.011107,0.000000,0.000000,0.000000,0.043395,0.008679
6440,71.487660,1,0.000000,0.000000,0.000000,0.044439,0.000000,0.044439,0.008888,None,1.457251,8.560465,3.300514,3.300514,0.011110,0.000000,0.000000,0.000000,0.043395,0.008679
6440,71.487660,2,0.000000,0.000000,0.000000,0.044391,0.000000,0.044391,0.008878,None,1.996964,1.996964,7.998400,7.998400,0.011098,0.000000,0.000000,0.000000,0.043395,0.008679
6440,71.487660,3,0.000000,0.000000,0.000000,0.040320,0.000000,0.040320,0.008064,None,1.397068,3.033961,5.636436,5.636436,0.010080,0.000000,0.000000,0.000000,0.043395,0.008679
6450,71.598660,0,0.000000,0.000000,0.000000,0.044427,0.000000,0.044427,0.008885,None,1.746931,4.787728,3.161362,3.161362,0.011107,0.000000,0.000000,0.000000,0.044101,0.008820
6450,71.598660,1,0.000000,0.000000,0.000000,0.044437,0.000000,0.044437,0.008887,None,1.375695,8.533127,3.161362,3.161362,0.011109,0.000000,0.000000,0.000000,0.044101,0.008820
6450,71.598660,2,0.000000,0.000000,0.000000,0.044396,0.000000,0.044396,0.008879,None,1.976227,1.976227,8.145425,8.145425,0.011099,0.000000,0.000000,0.000000,0.044101,0.008820
6450,71.598660,3,0.000000,0.000000,0.000000,0.043143,0.000000,0.043143,0.008629,None,1.415825,3.129041,5.676664,5.676664,0.010786,0.000000,0.000000,0.000000,0.044101,0.008820
6460,71.709670,0,0.000000,0.000000,0.000000,0.044429,0.000000,0.044429,0.008886,None,1.712345,4.771117,3.117172,3.117172,0.011107,0.000000,0.000000,0.000000,0.037063,0.007413
6460,71.709670,1,0.000000,0.000000,0.000000,0.015412,0.000000,0.015412,0.003082,None,1.356268,8.521478,3.117172,3.117172,0.003853,0.000000,0.000000,0.000000,0.037063,0.007413
6460,71.709670,2,0.000000,0.000000,0.000000,0.044400,0.000000,0.044400,0.008880,None,1.958311,1.958311,8.235585,8.235585,0.011100,0.000000,0.000000,0.000000,0.037063,0.007413
6460,71.709670,3,0.000000,0.000000,0.000000,0.044011,0.000000,0.044011,0.008802,None,1.427893,3.221411,5.622718,5.622718,0.011003,0.000000,0.000000,0.000000,0.037063,0.007413
6470,71.820680,0,0.000000,0.000000,0.000000,0.044429,0.000000,0.044429,0.008886,None,1.706442,4.751716,3.088762,3.088762,0.011107,0.000000,0.000000,0.000000,0.034463,0.006893
6470,71.820680,1,0.000000,0.000000,0.000000,0.004752,0.000000,0.004752,0.000950,None,1.323518,8.521478,3.088762,3.088762,0.001188,0.000000,0.000000,0.000000,0.034463,0.006893
6470,71.820680,2,0.000000,0.000000,0.000000,0.044392,0.000000,0.044392,0.008878,None,1.943311,1.943311,8.318376,8.318376,0.011098,0.000000,0.000000,0.000000,0.034463,0.006893
6470,71.820680,3,0.000000,0.000000,0.000000,0.044279,0.000000,0.044279,0.008856,None,1.423728,3.312077,5.562248,5.562248,0.011070,0.000000,0.000000,0.000000,0.034463,0.006893
6480,71.931690,0,0.000000,0.000000,0.000000,0.044427,0.000000,0.044427,0.008885,None,1.710051,4.729655,3.048498,3.048498,0.011107,0.000000,0.000000,0.000000,0.035986,0.007197
6480,71.931690,1,0.000000,0.000000,0.000000,0.010780,0.000000,0.010780,0.002156,None,1.273482,8.496345,3.048498,3.048498,0.002695,0.000000,0.000000,0.000000,0.035986,0.007197
6480,71.931690,2,0.000000,0.000000,0.000000,0.044384,0.000000,0.044384,0.008877,None,1.931245,1.931245,8.409095,8.409095,0.011096,0.000000,0.000000,0.000000,0.035986,0.007197
6480,71.931690,3,0.000000,0.000000,0.000000,0.044354,0.000000,0.044354,0.008871,None,1.418314,3.401160,5.533613,5.533613,0.011089,0.000000,0.000000,0.000000,0.035986,0.007197
6490,72.042690,0,0.000000,0.000000,0.000000,0.017333,0.000000,0.017333,0.003467,None,1.702877,4.724866,2.973750,2.973750,0.004333,0.000000,0.000000,0.000000,0.035048,0.007010
6490,72.042690,1,0.000000,0.000000,0.000000,0.034083,0.000000,0.034083,0.006817,None,1.233188,8.365847,2.973750,2.973750,0.008521,0.000000,0.000000,0.000000,0.035048,0.007010
6490,72.042690,2,0.000000,0.000000,0.000000,0.044390,0.000000,0.044390,0.008878,None,1.921832,1.921832,8.526237,8.526237,0.011097,0.000000,0.000000,0.000000,0.035048,0.007010
6490,72.042690,3,0.000000,0.000000,0.000000,0.044385,0.000000,0.044385,0.008877,None,1.441185,3.488739,5.637085,5.637085,0.011096,0.000000,0.000000,0.000000,0.035048,0.007010
6500,72.153700,0,0.000000,0.000000,0.000000,0.005345,0.000000,0.005345,0.001069,None,1.662666,4.724866,2.902287,2.902287,0.001336,0.000000,0.000000,0.000000,0.026598,0.005320
6500,72.153700,1,0.000000,0.000000,0.000000,0.041262,0.000000,0.041262,0.008252,None,1.216855,8.244527,2.902287,2.902287,0.010315,0.000000,0.000000,0.000000,0.026598,0.005320
6500,72.153700,2,0.000000,0.000000,0.000000,0.015395,0.000000,0.015395,0.003079,None,1.921034,1.921034,8.575411,8.575411,0.003849,0.000000,0.000000,0.000000,0.026598,0.005320
6500,72.153700,3,0.000000,0.000000,0.000000,0.044391,0.000000,0.044391,0.008878,None,1.482409,3.574668,5.731121,5.731121,0.011098,0.000000,0.000000,0.000000,0.026598,0.005320
6510,72.264710,0,0.000000,0.000000,0.000000,0.001648,0.000000,0.001648,0.000330,None,1.609881,4.724866,2.825018,2.825018,0.000412,0.000000,0.000000,0.000000,0.031241,0.006248
6510,72.264710,1,0.000000,0.000000,0.000000,0.043484,0.000000,0.043484,0.008697,None,1.199851,8.129467,2.825018,2.825018,0.010871,0.000000,0.000000,0.000000,0.031241,0.006248
6510,72.264710,2,0.000000,0.000000,0.000000,0.035442,0.000000,0.035442,0.007088,None,1.936574,1.936574,8.686223,8.686223,0.008860,0.000000,0.000000,0.000000,0.031241,0.006248
6510,72.264710,3,0.000000,0.000000,0.000000,0.044389,0.000000,0.044389,0.008878,None,1.531580,3.658925,5.816374,5.816374,0.011097,0.000000,0.000000,0.000000,0.031241,0.006248
6520,72.375720,0,0.000000,0.000000,0.000000,0.000508,0.000000,0.000508,0.000102,None,1.553459,4.724866,2.747509,2.747509,0.000127,0.000000,0.000000,0.000000,0.032673,0.006535
6520,72.375720,1,0.000000,0.000000,0.000000,0.044165,0.000000,0.044165,0.008833,None,1.183618,8.017765,2.747509,2.747509,0.011041,0.000000,0.000000,0.000000,0.032673,0.006535
6520,72.375720,2,0.000000,0.000000,0.000000,0.041622,0.000000,0.041622,0.008324,None,1.954419,1.954419,8.749302,8.749302,0.010405,0.000000,0.000000,0.000000,0.032673,0.006535
6520,72.375720,3,0.000000,0.000000,0.000000,0.044399,0.000000,0.044399,0.008880,None,1.585390,3.741515,5.899981,5.899981,0.011100,0.000000,0.000000,0.000000,0.032673,0.006535
6530,72.486720,0,0.000000,0.000000,0.000000,0.019924,0.000000,0.019924,0.003985,None,1.551676,4.629496,2.728380,2.728380,0.004981,0.000000,0.000000,0.000000,0.038055,0.007611
6530,72.486720,1,0.000000,0.000000,0.000000,0.044376,0.000000,0.044376,0.008875,None,1.163610,7.907432,2.728380,2.728380,0.011094,0.000000,0.000000,0.000000,0.038055,0.007611
6530,72.486720,2,0.000000,0.000000,0.000000,0.043525,0.000000,0.043525,0.008705,None,1.966092,1.966092,8.818192,8.818192,0.010881,0.000000,0.000000,0.000000,0.038055,0.007611
6530,72.486720,3,0.000000,0.000000,0.000000,0.044396,0.000000,0.044396,0.008879,None,1.642998,3.822345,5.986328,5.986328,0.011099,0.000000,0.000000,0.000000,0.038055,0.007611
6540,72.597730,0,0.000000,0.000000,0.000000,0.036890,0.000000,0.036890,0.007378,None,1.648831,4.411271,2.796555,2.796555,0.009222,0.000000,0.000000,0.000000,0.042460,0.008492
6540,72.597730,1,0.000000,0.000000,0.000000,0.044438,0.000000,0.044438,0.008888,None,1.124319,7.798305,2.796555,2.796555,0.011110,0.000000,0.000000,0.000000,0.042460,0.008492
6540,72.597730,2,0.000000,0.000000,0.000000,0.044119,0.000000,0.044119,0.008824,None,1.975486,1.975486,8.891962,8.891962,0.011030,0.000000,0.000000,0.000000,0.042460,0.008492
6540,72.597730,3,0.000000,0.000000,0.000000,0.044394,0.000000,0.044394,0.008879,None,1.704205,3.901352,6.076687,6.076687,0.011099,0.000000,0.000000,0.000000,0.042460,0.008492
6550,72.708740,0,0.000000,0.000000,0.000000,0.042118,0.000000,0.042118,0.008424,None,1.684119,4.280898,2.791786,2.791786,0.010529,0.000000,0.000000,0.000000,0.043816,0.008763
6550,72.708740,1,0.000000,0.000000,0.000000,0.044459,0.000000,0.044459,0.008892,None,1.079178,7.690299,2.791786,2.791786,0.011115,0.000000,0.000000,0.000000,0.043816,0.008763
6550,72.708740,2,0.000000,0.000000,0.000000,0.044298,0.000000,0.044298,0.008860,None,1.985701,1.985701,8.969726,8.969726,0.011075,0.000000,0.000000,0.000000,0.043816,0.008763
6550,72.708740,3,0.000000,0.000000,0.000000,0.044391,0.000000,0.044391,0.008878,None,1.768662,3.978573,6.171326,6.171326,0.011098,0.000000,0.000000,0.000000,0.043816,0.008763
6560,72.819750,0,0.000000,0.000000,0.000000,0.043728,0.000000,0.043728,0.008746,None,1.683537,4.197880,2.747665,2.747665,0.010932,0.000000,0.000000,0.000000,0.044235,0.008847
6560,72.819750,1,0.000000,0.000000,0.000000,0.044465,0.000000,0.044465,0.008893,None,1.033953,7.583443,2.747665,2.747665,0.011116,0.000000,0.000000,0.000000,0.044235,0.008847
6560,72.819750,2,0.000000,0.000000,0.000000,0.044353,0.000000,0.044353,0.008871,None,1.997926,1.997926,9.051032,9.051032,0.011088,0.000000,0.000000,0.000000,0.044235,0.008847
6560,72.819750,3,0.000000,0.000000,0.000000,0.044393,0.000000,0.044393,0.008879,None,1.836611,4.053909,6.270598,6.270598,0.011098,0.000000,0.000000,0.000000,0.044235,0.008847
6570,72.930760,0,0.000000,0.000000,0.000000,0.044226,0.000000,0.044226,0.008845,None,1.672081,4.129721,2.693020,2.693020,0.011056,0.000000,0.000000,0.000000,0.044367,0.008873
6570,72.930760,1,0.000000,0.000000,0.000000,0.044475,0.000000,0.044475,0.008895,None,0.990455,7.477610,2.693020,2.693020,0.011119,0.000000,0.000000,0.000000,0.044367,0.008873
6570,72.930760,2,0.000000,0.000000,0.000000,0.044367,0.000000,0.044367,0.008873,None,2.012907,2.012907,9.135508,9.135508,0.011092,0.000000,0.000000,0.000000,0.044367,0.008873
6570,72.930760,3,0.000000,0.000000,0.000000,0.044399,0.000000,0.044399,0.008880,None,1.907842,4.127383,6.363785,6.363785,0.011100,0.000000,0.000000,0.000000,0.044367,0.008873
6580,73.041760,0,0.000000,0.000000,0.000000,0.044380,0.000000,0.044380,0.008876,None,1.659098,4.064419,2.638716,2.638716,0.011095,0.000000,0.000000,0.000000,0.044406,0.008881
6580,73.041760,1,0.000000,0.000000,0.000000,0.044475,0.000000,0.044475,0.008895,None,0.949310,7.373147,2.638716,2.638716,0.011119,0.000000,0.000000,0.000000,0.044406,0.008881
6580,73.041760,2,0.000000,0.000000,0.000000,0.044376,0.000000,0.044376,0.008875,None,2.030694,2.030694,9.222764,9.222764,0.011094,0.000000,0.000000,0.000000,0.044406,0.008881
6580,73.041760,3,0.000000,0.000000,0.000000,0.044391,0.000000,0.044391,0.008878,None,1.982554,4.198869,6.435581,6.435581,0.011098,0.000000,0.000000,0.000000,0.044406,0.008881
6590,73.152770,0,0.000000,0.000000,0.000000,0.044424,0.000000,0.044424,0.008885,None,1.647842,3.998174,2.588545,2.588545,0.011106,0.000000,0.000000,0.000000,0.044416,0.008883
6590,73.152770,1,0.000000,0.000000,0.000000,0.044471,0.000000,0.044471,0.008894,None,0.910869,7.270154,2.588545,2.588545,0.011118,0.000000,0.000000,0.000000,0.044416,0.008883
6590,73.152770,2,0.000000,0.000000,0.000000,0.044380,0.000000,0.044380,0.008876,None,2.051198,2.051198,9.312598,9.312598,0.011095,0.000000,0.000000,0.000000,0.044416,0.008883
6590,73.152770,3,0.000000,0.000000,0.000000,0.044390,0.000000,0.044390,0.008878,None,2.060478,4.268414,6.511278,6.511278,0.011097,0.000000,0.000000,0.000000,0.044416,0.008883
6600,73.263780,0,0.000000,0.000000,0.000000,0.044441,0.000000,0.044441,0.008888,None,1.639136,3.929780,2.543424,2.543424,0.011110,0.000000,0.000000,0.000000,0.044421,0.008884
6600,73.263780,1,0.000000,0.000000,0.000000,0.044470,0.000000,0.044470,0.008894,None,0.875122,7.168568,2.543424,2.543424,0.011118,0.000000,0.000000,0.000000,0.044421,0.008884
6600,73.263780,2,0.000000,0.000000,0.000000,0.044382,0.000000,0.044382,0.008876,None,2.074411,2.074411,9.404769,9.404769,0.011096,0.000000,0.000000,0.000000,0.044421,0.008884
6600,73.263780,3,0.000000,0.000000,0.000000,0.044390,0.000000,0.044390,0.008878,None,2.141551,4.335990,6.590984,6.590984,0.011097,0.000000,0.000000,0.000000,0.044421,0.008884
6610,73.374790,0,0.000000,0.000000,0.000000,0.044445,0.000000,0.044445,0.008889,None,1.633888,3.859011,2.510318,2.510318,0.011111,0.000000,0.000000,0.000000,0.043187,0.008637
6610,73.374790,1,0.000000,0.000000,0.000000,0.039531,0.000000,0.039531,0.007906,None,0.846888,7.078494,2.510318,2.510318,0.009883,0.000000,0.000000,0.000000,0.043187,0.008637
6610,73.374790,2,0.000000,0.000000,0.000000,0.044381,0.000000,0.044381,0.008876,None,2.100546,2.100546,9.499049,9.499049,0.011095,0.000000,0.000000,0.000000,0.043187,0.008637
6610,73.374790,3,0.000000,0.000000,0.000000,0.044390,0.000000,0.044390,0.008878,None,2.225313,4.401530,6.658029,6.658029,0.011098,0.000000,0.000000,0.000000,0.043187,0.008637
6620,73.485790,0,0.000000,0.000000,0.000000,0.044444,0.000000,0.044444,0.008889,None,1.654078,3.785933,2.506666,2.506666,0.011111,0.000000,0.000000,0.000000,0.041290,0.008258
6620,73.485790,1,0.000000,0.000000,0.000000,0.031955,0.000000,0.031955,0.006391,None,0.819729,7.028386,2.506666,2.506666,0.007989,0.000000,0.000000,0.000000,0.041290,0.008258
6620,73.485790,2,0.000000,0.000000,0.000000,0.044378,0.000000,0.044378,0.008876,None,2.129336,2.129336,9.595124,9.595124,0.011095,0.000000,0.000000,0.000000,0.041290,0.008258
6620,73.485790,3,0.000000,0.000000,0.000000,0.044383,0.000000,0.044383,0.008877,None,2.292828,4.464966,6.682735,6.682735,0.011096,0.000000,0.000000,0.000000,0.041290,0.008258
6630,73.596800,0,0.000000,0.000000,0.000000,0.044443,0.000000,0.044443,0.008889,None,1.663950,3.710456,2.474952,2.474952,0.011111,0.000000,0.000000,0.000000,0.043448,0.008690
6630,73.596800,1,0.000000,0.000000,0.000000,0.040592,0.000000,0.040592,0.008118,None,0.780298,6.930143,2.474952,2.474952,0.010148,0.000000,0.000000,0.000000,0.043448,0.008690
6630,73.596800,2,0.000000,0.000000,0.000000,0.044373,0.000000,0.044373,0.008875,None,2.160854,2.160854,9.692813,9.692813,0.011093,0.000000,0.000000,0.000000,0.043448,0.008690
6630,73.596800,3,0.000000,0.000000,0.000000,0.044386,0.000000,0.044386,0.008877,None,2.374711,4.526339,6.767207,6.767207,0.011096,0.000000,0.000000,0.000000,0.043448,0.008690
6640,73.707810,0,0.000000,0.000000,0.000000,0.044445,0.000000,0.044445,0.008889,None,1.669497,3.632730,2.450858,2.450858,0.011111,0.000000,0.000000,0.000000,0.044114,0.008823
6640,73.707810,1,0.000000,0.000000,0.000000,0.043249,0.000000,0.043249,0.008650,None,0.752625,6.834398,2.450858,2.450858,0.010812,0.000000,0.000000,0.000000,0.044114,0.008823
6640,73.707810,2,0.000000,0.000000,0.000000,0.044375,0.000000,0.044375,0.008875,None,2.195145,2.195145,9.791827,9.791827,0.011094,0.000000,0.000000,0.000000,0.044114,0.008823
6640,73.707810,3,0.000000,0.000000,0.000000,0.044387,0.000000,0.044387,0.008877,None,2.465309,4.585653,6.855851,6.855851,0.011097,0.000000,0.000000,0.000000,0.044114,0.008823
6650,73.818820,0,0.000000,0.000000,0.000000,0.044446,0.000000,0.044446,0.008889,None,1.675502,3.552748,2.432035,2.432035,0.011111,0.000000,0.000000,0.000000,0.044321,0.008864
6650,73.818820,1,0.000000,0.000000,0.000000,0.044074,0.000000,0.044074,0.008815,None,0.729730,6.740163,2.432035,2.432035,0.011019,0.000000,0.000000,0.000000,0.044321,0.008864
6650,73.818820,2,0.000000,0.000000,0.000000,0.044375,0.000000,0.044375,0.008875,None,2.232088,2.232088,9.891992,9.891992,0.011094,0.000000,0.000000,0.000000,0.044321,0.008864
6650,73.818820,3,0.000000,0.000000,0.000000,0.044391,0.000000,0.044391,0.008878,None,2.560711,4.642816,6.948741,6.948741,0.011098,0.000000,0.000000,0.000000,0.044321,0.008864
6660,73.929820,0,0.000000,0.000000,0.000000,0.044446,0.000000,0.044446,0.008889,None,1.683319,3.470550,2.418153,2.418153,0.011112,0.000000,0.000000,0.000000,0.044383,0.008877
6660,73.929820,1,0.000000,0.000000,0.000000,0.044328,0.000000,0.044328,0.008866,None,0.709984,6.647483,2.418153,2.418153,0.011082,0.000000,0.000000,0.000000,0.044383,0.008877
6660,73.929820,2,0.000000,0.000000,0.000000,0.044371,0.000000,0.044371,0.008874,None,2.129332,2.129332,9.992941,9.992941,0.011093,0.000000,0.000000,0.000000,0.044383,0.008877
6660,73.929820,3,0.000000,0.000000,0.000000,0.044385,0.000000,0.044385,0.008877,None,2.659376,4.697835,7.045750,7.045750,0.011096,0.000000,0.000000,0.000000,0.044383,0.008877
6670,74.040830,0,0.000000,0.000000,0.000000,0.044449,0.000000,0.044449,0.008890,None,1.693393,3.386190,2.409767,2.409767,0.011112,0.000000,0.000000,0.000000,0.044403,0.008881
6670,74.040830,1,0.000000,0.000000,0.000000,0.044401,0.000000,0.044401,0.008880,None,0.693550,6.556860,2.409767,2.409767,0.011100,0.000000,0.000000,0.000000,0.044403,0.008881
6670,74.040830,2,0.000000,0.000000,0.000000,0.044374,0.000000,0.044374,0.008875,None,2.019658,2.019658,10.094580,10.094580,0.011093,0.000000,0.000000,0.000000,0.044403,0.008881
6670,74.040830,3,0.000000,0.000000,0.000000,0.044388,0.000000,0.044388,0.008878,None,2.760866,4.750691,7.146839,7.146839,0.011097,0.000000,0.000000,0.000000,0.044403,0.008881
6680,74.151840,0,0.000000,0.000000,0.000000,0.044445,0.000000,0.044445,0.008889,None,1.705786,3.299743,2.406456,2.406456,0.011111,0.000000,0.000000,0.000000,0.044408,0.008882
6680,74.151840,1,0.000000,0.000000,0.000000,0.044430,0.000000,0.044430,0.008886,None,0.679968,6.467887,2.406456,2.406456,0.011108,0.000000,0.000000,0.000000,0.044408,0.008882
6680,74.151840,2,0.000000,0.000000,0.000000,0.044375,0.000000,0.044375,0.008875,None,1.910998,1.910998,10.196590,10.196590,0.011094,0.000000,0.000000,0.000000,0.044408,0.008882
6680,74.151840,3,0.000000,0.000000,0.000000,0.044383,0.000000,0.044383,0.008877,None,2.864990,4.801330,7.252118,7.252118,0.011096,0.000000,0.000000,0.000000,0.044408,0.008882
6690,74.262850,0,0.000000,0.000000,0.000000,0.044448,0.000000,0.044448,0.008890,None,1.720504,3.211127,2.408800,2.408800,0.011112,0.000000,0.000000,0.000000,0.030511,0.006102
6690,74.262850,1,0.000000,0.000000,0.000000,0.044439,0.000000,0.044439,0.008888,None,0.669792,6.380963,2.408800,2.408800,0.011110,0.000000,0.000000,0.000000,0.030511,0.006102
6690,74.262850,2,0.000000,0.000000,0.000000,0.019472,0.000000,0.019472,0.003894,None,1.878664,1.878664,10.195580,10.195580,0.004868,0.000000,0.000000,0.000000,0.030511,0.006102
6690,74.262850,3,0.000000,0.000000,0.000000,0.013685,0.000000,0.013685,0.002737,None,2.938822,4.801330,7.363480,7.363480,0.003421,0.000000,0.000000,0.000000,0.030511,0.006102
6700,74.373860,0,0.000000,0.000000,0.000000,0.044440,0.000000,0.044440,0.008888,None,1.737195,3.120695,2.416290,2.416290,0.011110,0.000000,0.000000,0.000000,0.024775,0.004955
6700,74.373860,1,0.000000,0.000000,0.000000,0.044438,0.000000,0.044438,0.008888,None,0.662800,6.296098,2.416290,2.416290,0.011110,0.000000,0.000000,0.000000,0.024775,0.004955
6700,74.373860,2,0.000000,0.000000,0.000000,0.006003,0.000000,0.006003,0.001201,None,1.878664,1.878664,10.195580,10.195580,0.001501,0.000000,0.000000,0.000000,0.024775,0.004955
6700,74.373860,3,0.000000,0.000000,0.000000,0.004219,0.000000,0.004219,0.000844,None,3.000588,4.801330,7.474608,7.474608,0.001055,0.000000,0.000000,0.000000,0.024775,0.004955
6710,74.484860,0,0.000000,0.000000,0.000000,0.044449,0.000000,0.044449,0.008890,None,1.755937,3.028291,2.429125,2.429125,0.011112,0.000000,0.000000,0.000000,0.023011,0.004602
6710,74.484860,1,0.000000,0.000000,0.000000,0.044443,0.000000,0.044443,0.008889,None,0.659078,6.213305,2.429125,2.429125,0.011111,0.000000,0.000000,0.000000,0.023011,0.004602
6710,74.484860,2,0.000000,0.000000,0.000000,0.001851,0.000000,0.001851,0.000370,None,1.878664,1.878664,10.195580,10.195580,0.000463,0.000000,0.000000,0.000000,0.023011,0.004602
6710,74.484860,3,0.000000,0.000000,0.000000,0.001301,0.000000,0.001301,0.000260,None,3.059087,4.801330,7.585482,7.585482,0.000325,0.000000,0.000000,0.000000,0.023011,0.004602
6720,74.595870,0,0.000000,0.000000,0.000000,0.044450,0.000000,0.044450,0.008890,None,1.776882,2.933858,2.447670,2.447670,0.011112,0.000000,0.000000,0.000000,0.022466,0.004493
6720,74.595870,1,0.000000,0.000000,0.000000,0.044441,0.000000,0.044441,0.008888,None,0.658841,6.132679,2.447670,2.447670,0.011110,0.000000,0.000000,0.000000,0.022466,0.004493
6720,74.595870,2,0.000000,0.000000,0.000000,0.000570,0.000000,0.000570,0.000114,None,1.878664,1.878664,10.195580,10.195580,0.000143,0.000000,0.000000,0.000000,0.022466,0.004493
6720,74.595870,3,0.000000,0.000000,0.000000,0.000401,0.000000,0.000401,0.000080,None,3.116857,4.801330,7.696041,7.696041,0.000100,0.000000,0.000000,0.000000,0.022466,0.004493
6730,74.706880,0,0.000000,0.000000,0.000000,0.044445,0.000000,0.044445,0.008889,None,1.799778,2.837617,2.471771,2.471771,0.011111,0.000000,0.000000,0.000000,0.025594,0.005119
6730,74.706880,1,0.000000,0.000000,0.000000,0.044440,0.000000,0.044440,0.008888,None,0.662127,6.054350,2.471771,2.471771,0.011110,0.000000,0.000000,0.000000,0.025594,0.005119
6730,74.706880,2,0.000000,0.000000,0.000000,0.013366,0.000000,0.013366,0.002673,None,1.846559,1.846559,10.208280,10.208280,0.003341,0.000000,0.000000,0.000000,0.025594,0.005119
6730,74.706880,3,0.000000,0.000000,0.000000,0.000123,0.000000,0.000123,0.000025,None,3.174622,4.801330,7.806207,7.806207,0.000031,0.000000,0.000000,0.000000,0.025594,0.005119
6740,74.817890,0,0.000000,0.000000,0.000000,0.017341,0.000000,0.017341,0.003468,None,1.768122,2.818133,2.449675,2.449675,0.004335,0.000000,0.000000,0.000000,0.024158,0.004832
6740,74.817890,1,0.000000,0.000000,0.000000,0.044446,0.000000,0.044446,0.008889,None,0.676749,5.978313,2.449675,2.449675,0.011111,0.000000,0.000000,0.000000,0.024158,0.004832
6740,74.817890,2,0.000000,0.000000,0.000000,0.034809,0.000000,0.034809,0.006962,None,1.736581,1.736581,10.257250,10.257250,0.008702,0.000000,0.000000,0.000000,0.024158,0.004832
6740,74.817890,3,0.000000,0.000000,0.000000,0.000038,0.000000,0.000038,0.000008,None,3.232568,4.801330,7.915942,7.915942,0.000009,0.000000,0.000000,0.000000,0.024158,0.004832
6750,74.928890,0,0.000000,0.000000,0.000000,0.005346,0.000000,0.005346,0.001069,None,1.711062,2.818133,2.421310,2.421310,0.001337,0.000000,0.000000,0.000000,0.022803,0.004561
6750,74.928890,1,0.000000,0.000000,0.000000,0.044441,0.000000,0.044441,0.008888,None,0.707912,5.904669,2.421310,2.421310,0.011110,0.000000,0.000000,0.000000,0.022803,0.004561
6750,74.928890,2,0.000000,0.000000,0.000000,0.041412,0.000000,0.041412,0.008282,None,1.623755,1.623755,10.285630,10.285630,0.010353,0.000000,0.000000,0.000000,0.022803,0.004561
6750,74.928890,3,0.000000,0.000000,0.000000,0.000012,0.000000,0.000012,0.000002,None,3.290723,4.801330,8.025168,8.025168,0.000003,0.000000,0.000000,0.000000,0.022803,0.004561
6760,75.039900,0,0.000000,0.000000,0.000000,0.001649,0.000000,0.001649,0.000330,None,1.650268,2.818133,2.399782,2.399782,0.000412,0.000000,0.000000,0.000000,0.022388,0.004478
6760,75.039900,1,0.000000,0.000000,0.000000,0.044446,0.000000,0.044446,0.008889,None,0.748420,5.833324,2.399782,2.399782,0.011111,0.000000,0.000000,0.000000,0.022388,0.004478
6760,75.039900,2,0.000000,0.000000,0.000000,0.043454,0.000000,0.043454,0.008691,None,1.510968,1.510968,10.302580,10.302580,0.010864,0.000000,0.000000,0.000000,0.022388,0.004478
6760,75.039900,3,0.000000,0.000000,0.000000,0.000003,0.000000,0.000003,0.000001,None,3.349066,4.801330,8.133895,8.133895,0.000001,0.000000,0.000000,0.000000,0.022388,0.004478
6770,75.150910,0,0.000000,0.000000,0.000000,0.000509,0.000000,0.000509,0.000102,None,1.588982,2.818133,2.385305,2.385305,0.000127,0.000000,0.000000,0.000000,0.024585,0.004917
6770,75.150910,1,0.000000,0.000000,0.000000,0.044443,0.000000,0.044443,0.008889,None,0.795915,5.764462,2.385305,2.385305,0.011111,0.000000,0.000000,0.000000,0.024585,0.004917
6770,75.150910,2,0.000000,0.000000,0.000000,0.044078,0.000000,0.044078,0.008816,None,1.399080,1.399080,10.326400,10.326400,0.011019,0.000000,0.000000,0.000000,0.024585,0.004917
6770,75.150910,3,0.000000,0.000000,0.000000,0.009311,0.000000,0.009311,0.001862,None,3.363778,4.824869,8.223845,8.223845,0.002328,0.000000,0.000000,0.000000,0.024585,0.004917
6780,75.261920,0,0.000000,0.000000,0.000000,0.000157,0.000000,0.000157,0.000031,None,1.528399,2.818133,2.378077,2.378077,0.000039,0.000000,0.000000,0.000000,0.030608,0.006122
6780,75.261920,1,0.000000,0.000000,0.000000,0.044442,0.000000,0.044442,0.008888,None,0.849604,5.698209,2.378077,2.378077,0.011110,0.000000,0.000000,0.000000,0.030608,0.006122
6780,75.261920,2,0.000000,0.000000,0.000000,0.044272,0.000000,0.044272,0.008854,None,1.288002,1.288002,10.381440,10.381440,0.011068,0.000000,0.000000,0.000000,0.030608,0.006122
6780,75.261920,3,0.000000,0.000000,0.000000,0.033561,0.000000,0.033561,0.006712,None,3.075489,4.964475,8.213553,8.213553,0.008390,0.000000,0.000000,0.000000,0.030608,0.006122
6790,75.372920,0,0.000000,0.000000,0.000000,0.000048,0.000000,0.000048,0.000010,None,1.469064,2.818133,2.377862,2.377862,0.000012,0.000000,0.000000,0.000000,0.032464,0.006493
6790,75.372920,1,0.000000,0.000000,0.000000,0.044444,0.000000,0.044444,0.008889,None,0.908795,5.634356,2.377862,2.377862,0.011111,0.000000,0.000000,0.000000,0.032464,0.006493
6790,75.372920,2,0.000000,0.000000,0.000000,0.044332,0.000000,0.044332,0.008866,None,1.178082,1.178082,10.461460,10.461460,0.011083,0.000000,0.000000,0.000000,0.032464,0.006493
6790,75.372920,3,0.000000,0.000000,0.000000,0.041033,0.000000,0.041033,0.008207,None,2.976044,5.075808,8.240207,8.240207,0.010258,0.000000,0.000000,0.000000,0.032464,0.006493
6800,75.483930,0,0.000000,0.000000,0.000000,0.000015,0.000000,0.000015,0.000003,None,1.411344,2.818133,2.385146,2.385146,0.000004,0.000000,0.000000,0.000000,0.033033,0.006607
6800,75.483930,1,0.000000,0.000000,0.000000,0.044442,0.000000,0.044442,0.008888,None,0.973677,5.573309,2.385146,2.385146,0.011110,0.000000,0.000000,0.000000,0.033033,0.006607
6800,75.483930,2,0.000000,0.000000,0.000000,0.044344,0.000000,0.044344,0.008869,None,1.069170,1.069170,10.556930,10.556930,0.011086,0.000000,0.000000,0.000000,0.033033,0.006607
6800,75.483930,3,0.000000,0.000000,0.000000,0.043330,0.000000,0.043330,0.008666,None,3.001206,5.167312,8.295879,8.295879,0.010832,0.000000,0.000000,0.000000,0.033033,0.006607
6810,75.594940,0,0.000000,0.000000,0.000000,0.009324,0.000000,0.009324,0.001865,None,1.408082,2.768685,2.451235,2.451235,0.002331,0.000000,0.000000,0.000000,0.035542,0.007108
6810,75.594940,1,0.000000,0.000000,0.000000,0.044442,0.000000,0.044442,0.008888,None,1.042915,5.514775,2.451235,2.451235,0.011111,0.000000,0.000000,0.000000,0.035542,0.007108
6810,75.594940,2,0.000000,0.000000,0.000000,0.044356,0.000000,0.044356,0.008871,None,0.961163,0.961163,10.658150,10.658150,0.011089,0.000000,0.000000,0.000000,0.035542,0.007108
6810,75.594940,3,0.000000,0.000000,0.000000,0.044046,0.000000,0.044046,0.008809,None,3.068458,5.251382,8.366217,8.366217,0.011011,0.000000,0.000000,0.000000,0.035542,0.007108
6820,75.705950,0,0.000000,0.000000,0.000000,0.033617,0.000000,0.033617,0.006723,None,1.772508,2.425441,2.879354,2.879354,0.008404,0.000000,0.000000,0.000000,0.041669,0.008334
6820,75.705950,1,0.000000,0.000000,0.000000,0.044442,0.000000,0.044442,0.008888,None,1.106040,5.458891,2.879354,2.879354,0.011110,0.000000,0.000000,0.000000,0.041669,0.008334
6820,75.705950,2,0.000000,0.000000,0.000000,0.044354,0.000000,0.044354,0.008871,None,0.854380,0.854380,10.761590,10.761590,0.011089,0.000000,0.000000,0.000000,0.041669,0.008334
6820,75.705950,3,0.000000,0.000000,0.000000,0.044265,0.000000,0.044265,0.008853,None,3.148910,5.201847,8.439461,8.439461,0.011066,0.000000,0.000000,0.000000,0.041669,0.008334
6830,75.816960,0,0.000000,0.000000,0.000000,0.041105,0.000000,0.041105,0.008221,None,1.872195,2.188720,3.162342,3.162342,0.010276,0.000000,0.000000,0.000000,0.043561,0.008712
6830,75.816960,1,0.000000,0.000000,0.000000,0.044449,0.000000,0.044449,0.008890,None,1.166781,5.405499,3.162342,3.162342,0.011112,0.000000,0.000000,0.000000,0.043561,0.008712
6830,75.816960,2,0.000000,0.000000,0.000000,0.044359,0.000000,0.044359,0.008872,None,0.748747,0.748747,10.866230,10.866230,0.011090,0.000000,0.000000,0.000000,0.043561,0.008712
6830,75.816960,3,0.000000,0.000000,0.000000,0.044332,0.000000,0.044332,0.008866,None,3.234357,5.104527,8.516818,8.516818,0.011083,0.000000,0.000000,0.000000,0.043561,0.008712
6840,75.927960,0,0.000000,0.000000,0.000000,0.043409,0.000000,0.043409,0.008682,None,1.909867,2.031560,3.333774,3.333774,0.010852,0.000000,0.000000,0.000000,0.044141,0.008828
6840,75.927960,1,0.000000,0.000000,0.000000,0.044446,0.000000,0.044446,0.008889,None,1.229362,5.355005,3.333774,3.333774,0.011111,0.000000,0.000000,0.000000,0.044141,0.008828
6840,75.927960,2,0.000000,0.000000,0.000000,0.044354,0.000000,0.044354,0.008871,None,0.644461,0.644461,10.971810,10.971810,0.011089,0.000000,0.000000,0.000000,0.044141,0.008828
6840,75.927960,3,0.000000,0.000000,0.000000,0.044353,0.000000,0.044353,0.008871,None,3.323069,5.005573,8.597909,8.597909,0.011088,0.000000,0.000000,0.000000,0.044141,0.008828
6850,76.038970,0,0.000000,0.000000,0.000000,0.044120,0.000000,0.044120,0.008824,None,1.902249,1.902249,3.468514,3.468514,0.011030,0.000000,0.000000,0.000000,0.044320,0.008864
6850,76.038970,1,0.000000,0.000000,0.000000,0.044444,0.000000,0.044444,0.008889,None,1.294752,5.307343,3.468514,3.468514,0.011111,0.000000,0.000000,0.000000,0.044320,0.008864
6850,76.038970,2,0.000000,0.000000,0.000000,0.044357,0.000000,0.044357,0.008871,None,0.541390,0.541390,11.077980,11.077980,0.011089,0.000000,0.000000,0.000000,0.044320,0.008864
6850,76.038970,3,0.000000,0.000000,0.000000,0.044359,0.000000,0.044359,0.008872,None,3.414482,4.905389,8.682661,8.682661,0.011090,0.000000,0.000000,0.000000,0.044320,0.008864
6860,76.149980,0,0.000000,0.000000,0.000000,0.044336,0.000000,0.044336,0.008867,None,1.781009,1.781009,3.569960,3.569960,0.011084,0.000000,0.030087,0.000000,0.038138,0.007628
6860,76.149980,1,0.000000,0.000000,0.000000,0.019503,0.000000,0.019503,0.003901,None,1.328622,5.293569,3.569960,3.569960,0.004876,0.000000,0.030087,0.000000,0.038138,0.007628
6860,76.149980,2,0.000000,0.120350,0.000000,0.044355,0.000000,0.044355,0.008871,None,0.439825,0.439825,11.184490,11.184490,0.011089,0.000000,0.030087,0.000000,0.038138,0.007628
6860,76.149980,3,0.000000,0.000000,0.000000,0.044358,0.000000,0.044358,0.008872,None,3.493737,4.804179,8.697593,8.697593,0.011090,0.000000,0.030087,0.000000,0.038138,0.007628
6870,76.260990,0,0.000000,0.000000,0.000000,0.044402,0.000000,0.044402,0.008880,None,1.662012,1.662012,3.660262,3.660262,0.011100,0.007322,0.080125,0.000000,0.034781,0.009885
6870,76.260990,1,0.000000,0.000000,0.000000,0.006013,0.000000,0.006013,0.001203,None,1.332108,5.293569,3.660262,3.660262,0.001503,0.007322,0.080125,0.000000,0.034781,0.009885
6870,76.260990,2,0.029288,0.320501,0.000000,0.044354,0.000000,0.044354,0.020586,None,0.339749,0.339749,11.291160,11.291160,0.011089,0.007322,0.080125,0.000000,0.034781,0.009885
6870,76.260990,3,0.000000,0.000000,0.000000,0.044356,0.000000,0.044356,0.008871,None,3.545515,4.701875,8.684594,8.684594,0.011089,0.007322,0.080125,0.000000,0.034781,0.009885
6880,76.371990,0,0.000000,0.000000,0.000000,0.044432,0.000000,0.044432,0.008886,None,1.543166,1.543166,3.805847,3.805847,0.011108,0.077669,0.129368,0.000000,0.038688,0.038805
6880,76.371990,1,0.000000,0.000000,0.000000,0.021608,0.000000,0.021608,0.004322,None,1.387998,5.299734,3.805847,3.805847,0.005402,0.077669,0.129368,0.000000,0.038688,0.038805
6880,76.371990,2,0.310676,0.517473,0.000000,0.044355,0.000000,0.044355,0.133141,Wall,0.241263,0.241263,11.397720,11.397720,0.011089,0.077669,0.129368,0.000000,0.038688,0.038805
6880,76.371990,3,0.000000,0.000000,0.000000,0.044357,0.000000,0.044357,0.008871,None,3.598018,4.598598,8.724890,8.724890,0.011089,0.077669,0.129368,0.000000,0.038688,0.038805
6890,76.483000,0,0.000000,0.000000,0.000000,0.044435,0.000000,0.044435,0.008887,None,1.424678,1.424678,3.971069,3.971069,0.011109,0.146746,0.177722,0.000000,0.042634,0.067225
6890,76.483000,1,0.000000,0.000000,0.000000,0.037393,0.000000,0.037393,0.007479,None,1.533970,5.327962,3.971069,3.971069,0.009348,0.146746,0.177722,0.000000,0.042634,0.067225
6890,76.483000,2,0.586983,0.710888,0.000000,0.044352,0.000000,0.044352,0.243664,Wall,0.144556,0.144556,11.504080,11.504080,0.011088,0.146746,0.177722,0.000000,0.042634,0.067225
6890,76.483000,3,0.000000,0.000000,0.000000,0.044356,0.000000,0.044356,0.008871,None,3.682250,4.494144,8.817462,8.817462,0.011089,0.146746,0.177722,0.000000,0.042634,0.067225
6900,76.594010,0,0.000000,0.000000,0.000000,0.044443,0.000000,0.044443,0.008889,None,1.306170,1.306170,4.074278,4.074278,0.011111,0.214549,0.225184,0.000000,0.043852,0.094590
6900,76.594010,1,0.000000,0.000000,0.000000,0.042258,0.000000,0.042258,0.008452,None,1.652223,5.329594,4.074278,4.074278,0.010564,0.214549,0.225184,0.000000,0.043852,0.094590
6900,76.594010,2,0.858197,0.900738,0.000000,0.044349,0.000000,0.044349,0.352149,Wall,0.049631,0.049631,11.609990,11.609990,0.011087,0.214549,0.225184,0.000000,0.043852,0.094590
6900,76.594010,3,0.000000,0.000000,0.000000,0.044358,0.000000,0.044358,0.008872,None,3.780225,4.388637,8.915850,8.915850,0.011090,0.214549,0.225184,0.000000,0.043852,0.094590
6910,76.705020,0,0.000000,0.000000,0.000000,0.039507,0.000000,0.039507,0.007901,None,1.199976,1.199976,4.163959,4.163959,0.009877,0.250000,0.250000,0.000000,0.042993,0.108599
6910,76.705020,1,0.000000,0.000000,0.000000,0.043762,0.000000,0.043762,0.008752,None,1.751431,5.315224,4.163959,4.163959,0.010941,0.250000,0.250000,0.000000,0.042993,0.108599
6910,76.705020,2,1.000000,1.000000,0.000000,0.044353,0.000000,0.044353,0.408871,Wall,-0.043581,-0.043581,11.715250,11.715250,0.011088,0.250000,0.250000,0.000000,0.042993,0.108599
6910,76.705020,3,0.000000,0.000000,0.000000,0.044350,0.000000,0.044350,0.008870,None,3.884031,4.282273,9.019425,9.019425,0.011088,0.250000,0.250000,0.000000,0.042993,0.108599
6920,76.816020,0,0.000000,0.000000,0.000000,0.012182,0.000000,0.012182,0.002436,None,1.199976,1.199976,4.189286,4.189286,0.003045,0.250000,0.250000,0.000000,0.036276,0.107255
6920,76.816020,1,0.000000,0.000000,0.000000,0.044221,0.000000,0.044221,0.008844,None,1.842815,5.296648,4.189286,4.189286,0.011055,0.250000,0.250000,0.000000,0.036276,0.107255
6920,76.816020,2,1.000000,1.000000,0.000000,0.044345,0.000000,0.044345,0.408869,Wall,-0.134548,-0.134548,11.819650,11.819650,0.011086,0.250000,0.250000,0.000000,0.036276,0.107255
6920,76.816020,3,0.000000,0.000000,0.000000,0.044357,0.000000,0.044357,0.008871,None,3.990599,4.175023,9.127132,9.127132,0.011089,0.250000,0.250000,0.000000,0.036276,0.107255
6930,76.927030,0,0.000000,0.000000,0.000000,0.003757,0.000000,0.003757,0.000751,None,1.199976,1.199976,4.219266,4.219266,0.000939,0.250000,0.250000,0.000000,0.034204,0.106841
6930,76.927030,1,0.000000,0.000000,0.000000,0.044363,0.000000,0.044363,0.008873,None,1.931967,5.278482,4.219266,4.219266,0.011091,0.250000,0.250000,0.000000,0.034204,0.106841
6930,76.927030,2,1.000000,1.000000,0.000000,0.044347,0.000000,0.044347,0.408869,Wall,-0.223702,-0.223702,11.923010,11.923010,0.011087,0.250000,0.250000,0.000000,0.034204,0.106841
6930,76.927030,3,0.000000,0.000000,0.000000,0.044351,0.000000,0.044351,0.008870,None,4.067156,4.067156,9.238733,9.238733,0.011088,0.250000,0.250000,0.000000,0.034204,0.106841
6940,77.038040,0,0.000000,0.000000,0.000000,0.001157,0.000000,0.001157,0.000231,None,1.199976,1.199976,4.254186,4.254186,0.000289,0.250000,0.250000,0.000000,0.033568,0.106714
6940,77.038040,1,0.000000,0.000000,0.000000,0.044411,0.000000,0.044411,0.008882,None,2.021399,5.262294,4.254186,4.254186,0.011103,0.250000,0.250000,0.000000,0.033568,0.106714
6940,77.038040,2,1.000000,1.000000,0.000000,0.044349,0.000000,0.044349,0.408870,Wall,-0.310743,-0.310743,12.025190,12.025190,0.011087,0.250000,0.250000,0.000000,0.033568,0.106714
6940,77.038040,3,0.000000,0.000000,0.000000,0.044353,0.000000,0.044353,0.008871,None,3.958364,3.958364,9.354093,9.354093,0.011088,0.250000,0.250000,0.000000,0.033568,0.106714
6950,77.149050,0,0.000000,0.000000,0.000000,0.000358,0.000000,0.000358,0.000072,None,1.199976,1.199976,4.294050,4.294050,0.000090,0.250000,0.250000,0.000000,0.030444,0.106089
6950,77.149050,1,0.000000,0.000000,0.000000,0.044422,0.000000,0.044422,0.008884,None,2.108541,5.248849,4.294050,4.294050,0.011105,0.250000,0.250000,0.000000,0.030444,0.106089
6950,77.149050,2,1.000000,1.000000,0.000000,0.032646,0.000000,0.032646,0.406529,Wall,-0.361578,-0.361578,12.129880,12.129880,0.008162,0.250000,0.250000,0.000000,0.030444,0.106089
6950,77.149050,3,0.000000,0.000000,0.000000,0.044351,0.000000,0.044351,0.008870,None,3.848954,3.848954,9.473016,9.473016,0.011088,0.250000,0.250000,0.000000,0.030444,0.106089
6960,77.260060,0,0.000000,0.000000,0.000000,0.027188,0.000000,0.027188,0.005438,None,1.087108,1.087108,4.426997,4.426997,0.006797,0.250000,0.250000,0.000000,0.032953,0.106591
6960,77.260060,1,0.000000,0.000000,0.000000,0.044429,0.000000,0.044429,0.008886,None,2.161177,5.238265,4.426997,4.426997,0.011107,0.250000,0.250000,0.000000,0.032953,0.106591
6960,77.260060,2,1.000000,1.000000,0.000000,0.040733,0.000000,0.040733,0.408147,Wall,-0.442869,-0.442869,12.151100,12.151100,0.010183,0.250000,0.250000,0.000000,0.032953,0.106591
6960,77.260060,3,0.000000,0.000000,0.000000,0.019464,0.000000,0.019464,0.003893,None,3.816003,3.816003,9.578184,9.578184,0.004866,0.250000,0.250000,0.000000,0.032953,0.106591
6970,77.371060,0,0.000000,0.000000,0.000000,0.039094,0.000000,0.039094,0.007819,None,0.954589,0.954589,4.583429,4.583429,0.009774,0.250000,0.250000,0.000000,0.036488,0.107298
6970,77.371060,1,0.000000,0.000000,0.000000,0.044431,0.000000,0.044431,0.008886,None,2.224477,5.230587,4.583429,4.583429,0.011108,0.250000,0.250000,0.000000,0.036488,0.107298
6970,77.371060,2,1.000000,1.000000,0.000000,0.043222,0.000000,0.043222,0.408644,Wall,-0.477819,-0.522182,12.170160,12.170160,0.010806,0.250000,0.250000,0.000000,0.036488,0.107298
6970,77.371060,3,0.000000,0.000000,0.000000,0.019206,0.000000,0.019206,0.003841,None,3.787447,3.787447,9.680284,9.680284,0.004801,0.250000,0.250000,0.000000,0.036488,0.107298
6980,77.482070,0,0.000000,0.000000,0.000000,0.042756,0.000000,0.042756,0.008551,None,0.836922,0.836922,4.731008,4.731008,0.010689,0.250000,0.250000,0.000000,0.041951,0.108390
6980,77.482070,1,0.000000,0.000000,0.000000,0.044434,0.000000,0.044434,0.008887,None,2.294956,5.225671,4.731008,4.731008,0.011108,0.250000,0.250000,0.000000,0.041951,0.108390
6980,77.482070,2,1.000000,1.000000,0.000000,0.043990,0.000000,0.043990,0.408798,Wall,-0.400311,-0.599690,12.264760,12.264760,0.010998,0.250000,0.250000,0.000000,0.041951,0.108390
6980,77.482070,3,0.000000,0.000000,0.000000,0.036624,0.000000,0.036624,0.007325,None,3.692294,3.692294,9.795824,9.795824,0.009156,0.250000,0.250000,0.000000,0.041951,0.108390
6990,77.593080,0,0.000000,0.000000,0.000000,0.043882,0.000000,0.043882,0.008776,None,0.725585,0.725585,4.860479,4.860479,0.010971,0.250000,0.250000,0.000000,0.040328,0.108066
6990,77.593080,1,0.000000,0.000000,0.000000,0.031217,0.000000,0.031217,0.006243,None,2.354073,5.223959,4.860479,4.860479,0.007804,0.250000,0.250000,0.000000,0.040328,0.108066
6990,77.593080,2,1.000000,1.000000,0.000000,0.044221,0.000000,0.044221,0.408844,Wall,-0.325123,-0.674877,12.358490,12.358490,0.011055,0.250000,0.250000,0.000000,0.040328,0.108066
6990,77.593080,3,0.000000,0.000000,0.000000,0.041990,0.000000,0.041990,0.008398,None,3.584960,3.584960,9.890502,9.890502,0.010498,0.250000,0.250000,0.000000,0.040328,0.108066
7000,77.704090,0,0.000000,0.000000,0.000000,0.044232,0.000000,0.044232,0.008846,None,0.616942,0.616942,4.952414,4.952414,0.011058,0.250000,0.250000,0.000000,0.035450,0.107090
7000,77.704090,1,0.000000,0.000000,0.000000,0.009625,0.000000,0.009625,0.001925,None,2.386270,5.223959,4.952414,4.952414,0.002406,0.250000,0.250000,0.000000,0.035450,0.107090
7000,77.704090,2,1.000000,1.000000,0.000000,0.044301,0.000000,0.044301,0.408860,Wall,-0.252162,-0.747838,12.450530,12.450530,0.011075,0.250000,0.250000,0.000000,0.035450,0.107090
7000,77.704090,3,0.000000,0.000000,0.000000,0.043642,0.000000,0.043642,0.008728,None,3.473586,3.473586,9.922416,9.922416,0.010910,0.250000,0.250000,0.000000,0.035450,0.107090
7010,77.815090,0,0.000000,0.000000,0.000000,0.044339,0.000000,0.044339,0.008868,None,0.509760,0.509760,5.086281,5.086281,0.011085,0.250000,0.250000,0.000000,0.041206,0.108241
7010,77.815090,1,0.000000,0.000000,0.000000,0.032008,0.000000,0.032008,0.006402,None,2.458009,5.194335,5.086281,5.086281,0.008002,0.250000,0.250000,0.000000,0.041206,0.108241
7010,77.815090,2,1.000000,1.000000,0.000000,0.044324,0.000000,0.044324,0.408865,Wall,-0.259976,-0.818070,12.540630,12.540630,0.011081,0.250000,0.250000,0.000000,0.041206,0.108241
7010,77.815090,3,0.000000,0.000000,0.000000,0.044153,0.000000,0.044153,0.008831,None,3.361550,3.361550,10.048900,10.048900,0.011038,0.250000,0.250000,0.000000,0.041206,0.108241
7020,77.926100,0,0.000000,0.192305,0.000000,0.044376,0.000000,0.044376,0.008875,None,0.403848,0.403848,5.232159,5.232159,0.011094,0.250000,0.298076,0.000000,0.043408,0.108682
7020,77.926100,1,0.000000,0.000000,0.000000,0.040619,0.000000,0.040619,0.008124,None,2.535280,5.179037,5.232159,5.232159,0.010155,0.250000,0.298076,0.000000,0.043408,0.108682
7020,77.926100,2,1.000000,1.000000,0.000000,0.044328,0.000000,0.044328,0.408866,Wall,-0.334888,-0.885449,12.628530,12.628530,0.011082,0.250000,0.298076,0.000000,0.043408,0.108682
7020,77.926100,3,0.000000,0.000000,0.000000,0.044311,0.000000,0.044311,0.008862,None,3.249444,3.249444,10.186950,10.186950,0.011078,0.250000,0.298076,0.000000,0.043408,0.108682
7030,78.037110,0,0.145006,0.401505,0.000000,0.044386,0.000000,0.044386,0.066880,Wall,0.299248,0.299248,5.384533,5.384533,0.011097,0.286252,0.350376,0.000000,0.044087,0.123318
7030,78.037110,1,0.000000,0.000000,0.000000,0.043270,0.000000,0.043270,0.008654,None,2.615613,5.178865,5.384533,5.384533,0.010818,0.286252,0.350376,0.000000,0.044087,0.123318
7030,78.037110,2,1.000000,1.000000,0.000000,0.044331,0.000000,0.044331,0.408866,Wall,-0.312693,-0.949988,12.714140,12.714140,0.011083,0.286252,0.350376,0.000000,0.044087,0.123318
7030,78.037110,3,0.000000,0.000000,0.000000,0.044361,0.000000,0.044361,0.008872,None,3.136850,3.136850,10.326830,10.326830,0.011090,0.286252,0.350376,0.000000,0.044087,0.123318
7040,78.148120,0,0.439986,0.607990,0.000000,0.044392,0.000000,0.044392,0.184873,Wall,0.196005,0.196005,5.541333,5.541333,0.011098,0.359997,0.401998,0.000000,0.044298,0.152858
7040,78.148120,1,0.000000,0.000000,0.000000,0.044090,0.000000,0.044090,0.008818,None,2.697847,5.183785,5.541333,5.541333,0.011022,0.359997,0.401998,0.000000,0.044298,0.152858
7040,78.148120,2,1.000000,1.000000,0.000000,0.044329,0.000000,0.044329,0.408866,Wall,-0.242777,-1.011705,12.797380,12.797380,0.011082,0.359997,0.401998,0.000000,0.044298,0.152858
7040,78.148120,3,0.000000,0.000000,0.000000,0.044380,0.000000,0.044380,0.008876,None,3.023949,3.023949,10.469430,10.469430,0.011095,0.359997,0.401998,0.000000,0.044298,0.152858
7050,78.259120,0,0.730464,0.811325,0.000000,0.044390,0.000000,0.044390,0.301064,Wall,0.094337,0.094337,5.701915,5.701915,0.011097,0.432616,0.452831,0.000000,0.044357,0.181918
7050,78.259120,1,0.000000,0.000000,0.000000,0.044337,0.000000,0.044337,0.008867,None,2.781660,5.191177,5.701915,5.701915,0.011084,0.432616,0.452831,0.000000,0.044357,0.181918
7050,78.259120,2,1.000000,1.000000,0.000000,0.044320,0.000000,0.044320,0.408864,Wall,-0.175815,-1.069994,12.878000,12.878000,0.011080,0.432616,0.452831,0.000000,0.044357,0.181918
7050,78.259120,3,0.000000,0.000000,0.000000,0.044382,0.000000,0.044382,0.008876,None,2.910615,2.910615,10.614960,10.614960,0.011095,0.432616,0.452831,0.000000,0.044357,0.181918
7060,78.370130,0,1.000000,1.000000,0.000000,0.044389,0.000000,0.044389,0.408878,Wall,-0.005756,-0.005756,5.866165,5.866165,0.011097,0.500000,0.500000,0.000000,0.044376,0.208875
7060,78.370130,1,0.000000,0.000000,0.000000,0.044411,0.000000,0.044411,0.008882,None,2.867099,5.200920,5.866165,5.866165,0.011103,0.500000,0.500000,0.000000,0.044376,0.208875
7060,78.370130,2,1.000000,1.000000,0.000000,0.044327,0.000000,0.044327,0.408865,Wall,-0.111768,-1.125551,12.955960,12.955960,0.011082,0.500000,0.500000,0.000000,0.044376,0.208875
7060,78.370130,3,0.000000,0.000000,0.000000,0.044376,0.000000,0.044376,0.008875,None,2.796952,2.796952,10.763320,10.763320,0.011094,0.500000,0.500000,0.000000,0.044376,0.208875
7070,78.481140,0,1.000000,1.000000,0.000000,0.044389,0.000000,0.044389,0.408878,Wall,-0.104134,-0.104134,6.034026,6.034026,0.011097,0.500000,0.500000,0.000000,0.044382,0.208876
7070,78.481140,1,0.000000,0.000000,0.000000,0.044435,0.000000,0.044435,0.008887,None,2.954171,5.212981,6.034026,6.034026,0.011109,0.500000,0.500000,0.000000,0.044382,0.208876
7070,78.481140,2,1.000000,1.000000,0.000000,0.044330,0.000000,0.044330,0.408866,Wall,-0.182809,-1.178238,13.031220,13.031220,0.011082,0.500000,0.500000,0.000000,0.044382,0.208876
7070,78.481140,3,0.000000,0.000000,0.000000,0.044375,0.000000,0.044375,0.008875,None,2.682711,2.682711,10.914550,10.914550,0.011094,0.500000,0.500000,0.000000,0.044382,0.208876
7080,78.592150,0,1.000000,1.000000,0.000000,0.044388,0.000000,0.044388,0.408878,Wall,-0.200769,-0.200769,6.205383,6.205383,0.011097,0.500000,0.500000,0.000000,0.044384,0.208877
7080,78.592150,1,0.000000,0.000000,0.000000,0.044442,0.000000,0.044442,0.008888,None,3.042861,5.178609,6.205383,6.205383,0.011110,0.500000,0.500000,0.000000,0.044384,0.208877
7080,78.592150,2,1.000000,1.000000,0.000000,0.044328,0.000000,0.044328,0.408866,Wall,-0.228737,-1.227538,13.103620,13.103620,0.011082,0.500000,0.500000,0.000000,0.044384,0.208877
7080,78.592150,3,0.000000,0.000000,0.000000,0.044379,0.000000,0.044379,0.008876,None,2.567949,2.567949,11.068460,11.068460,0.011095,0.500000,0.500000,0.000000,0.044384,0.208877
7090,78.703160,0,1.000000,1.000000,0.000000,0.044387,0.000000,0.044387,0.408877,Wall,-0.295595,-0.295595,6.380195,6.380195,0.011097,0.500000,0.500000,0.000000,0.036721,0.207344
7090,78.703160,1,0.000000,0.000000,0.000000,0.044445,0.000000,0.044445,0.008889,None,3.133164,5.062245,6.380195,6.380195,0.011111,0.500000,0.500000,0.000000,0.036721,0.207344
7090,78.703160,2,1.000000,1.000000,0.000000,0.013668,0.000000,0.013668,0.402734,Wall,-0.228737,-1.227538,13.212770,13.212770,0.003417,0.500000,0.500000,0.000000,0.036721,0.207344
7090,78.703160,3,0.000000,0.000000,0.000000,0.044384,0.000000,0.044384,0.008877,None,2.455856,2.455856,11.222680,11.222680,0.011096,0.500000,0.500000,0.000000,0.036721,0.207344
