frame,time,userId,cellBoundaryRisk,physicalBoundaryRisk,userRisk,seedMotionPenalty,cellShapePenaltyReserved,smoothRisk,weightedTotalRisk,dominantRisk,minCellClearance,minPhysicalClearance,minPairSeparation,minOccupancySeparation,seedDelta,frameMeanCellRisk,frameMeanPhysicalRisk,frameMeanUserRisk,frameMeanSmoothRisk,frameWeightedTotalRisk
10,0.111000,0,0.000000,0.000000,0.000000,0.000000,0.000000,0.000000,0.000000,None,2.902315,7.043530,5.804630,5.804630,0.000000,0.000000,0.000000,0.000000,0.004527,0.000905
10,0.111000,1,0.000000,0.000000,0.000000,0.013182,0.000000,0.013182,0.002636,None,1.052172,1.052172,8.245731,8.245731,0.003295,0.000000,0.000000,0.000000,0.004527,0.000905
10,0.111000,2,0.000000,0.000000,0.000000,0.000000,0.000000,0.000000,0.000000,None,2.902315,3.394630,5.804630,5.804630,0.000000,0.000000,0.000000,0.000000,0.004527,0.000905
10,0.111000,3,0.000000,0.000000,0.000000,0.004926,0.000000,0.004926,0.000985,None,2.959173,2.959173,8.251822,8.251822,0.001232,0.000000,0.000000,0.000000,0.004527,0.000905
20,0.222000,0,0.000000,0.000000,0.000000,0.000000,0.000000,0.000000,0.000000,None,2.902315,7.043530,5.804630,5.804630,0.000000,0.000000,0.000000,0.000000,0.016728,0.003346
20,0.222000,1,0.000000,0.000000,0.000000,0.034723,0.000000,0.034723,0.006945,None,0.564913,0.564913,9.023621,9.023621,0.008681,0.000000,0.000000,0.000000,0.016728,0.003346
20,0.222000,2,0.000000,0.000000,0.000000,0.000000,0.000000,0.000000,0.000000,None,2.902315,3.394630,5.804630,5.804630,0.000000,0.000000,0.000000,0.000000,0.016728,0.003346
20,0.222000,3,0.000000,0.000000,0.000000,0.032190,0.000000,0.032190,0.006438,None,3.223270,3.519701,7.343078,7.343078,0.008048,0.000000,0.000000,0.000000,0.016728,0.003346
30,0.333000,0,0.000000,0.000000,0.000000,0.000000,0.000000,0.000000,0.000000,None,2.910041,7.043530,6.183626,6.183626,0.000000,0.016643,0.086650,0.000000,0.025427,0.011743
30,0.333000,1,0.066574,0.346602,0.000000,0.041360,0.000000,0.041360,0.034901,None,0.326699,0.326699,9.206681,9.206681,0.010340,0.016643,0.086650,0.000000,0.025427,0.011743
30,0.333000,2,0.000000,0.000000,0.000000,0.019754,0.000000,0.019754,0.003951,None,3.004028,3.004028,6.183626,6.183626,0.004938,0.016643,0.086650,0.000000,0.025427,0.011743
30,0.333000,3,0.000000,0.000000,0.000000,0.040593,0.000000,0.040593,0.008119,None,2.703111,3.720704,6.776707,6.776707,0.010148,0.016643,0.086650,0.000000,0.025427,0.011743
40,0.444000,0,0.000000,0.000000,0.000000,0.030694,0.000000,0.030694,0.006139,None,3.505524,7.272444,6.565418,6.565418,0.007674,0.079189,0.130433,0.000000,0.038521,0.039380
40,0.444000,1,0.316758,0.521730,0.000000,0.043401,0.000000,0.043401,0.135383,Wall,0.239135,0.239135,9.189392,9.189392,0.010850,0.079189,0.130433,0.000000,0.038521,0.039380
40,0.444000,2,0.000000,0.000000,0.000000,0.036810,0.000000,0.036810,0.007362,None,2.153919,2.153919,7.078861,7.078861,0.009202,0.079189,0.130433,0.000000,0.038521,0.039380
40,0.444000,3,0.000000,0.000000,0.000000,0.043181,0.000000,0.043181,0.008636,None,2.499334,3.861207,6.565418,6.565418,0.010795,0.079189,0.130433,0.000000,0.038521,0.039380
50,0.555000,0,0.000000,0.000000,0.000000,0.040150,0.000000,0.040150,0.008030,None,3.399657,7.403941,6.555009,6.555009,0.010037,0.104698,0.148289,0.000000,0.042558,0.050391
50,0.555000,1,0.418793,0.593155,0.000000,0.044037,0.000000,0.044037,0.176324,Wall,0.203423,0.203423,9.145175,9.145175,0.011009,0.104698,0.148289,0.000000,0.042558,0.050391
50,0.555000,2,0.000000,0.000000,0.000000,0.042063,0.000000,0.042063,0.008413,None,1.739462,1.739462,7.460407,7.460407,0.010516,0.104698,0.148289,0.000000,0.042558,0.050391
50,0.555000,3,0.000000,0.000000,0.000000,0.043984,0.000000,0.043984,0.008797,None,2.409345,3.980495,6.555009,6.555009,0.010996,0.104698,0.148289,0.000000,0.042558,0.050391
60,0.666000,0,0.000000,0.000000,0.000000,0.043069,0.000000,0.043069,0.008614,None,3.300993,7.230392,6.558957,6.558957,0.010767,0.118297,0.157808,0.000000,0.043804,0.056080
60,0.666000,1,0.473188,0.631231,0.000000,0.044233,0.000000,0.044233,0.198122,Wall,0.184384,0.184384,9.072401,9.072401,0.011058,0.118297,0.157808,0.000000,0.043804,0.056080
60,0.666000,2,0.000000,0.000000,0.000000,0.043685,0.000000,0.043685,0.008737,None,1.538064,1.538064,7.734100,7.734100,0.010921,0.118297,0.157808,0.000000,0.043804,0.056080
60,0.666000,3,0.000000,0.000000,0.000000,0.044228,0.000000,0.044228,0.008846,None,2.355228,4.093769,6.558957,6.558957,0.011057,0.118297,0.157808,0.000000,0.043804,0.056080
70,0.777000,0,0.000000,0.000000,0.000000,0.043966,0.000000,0.043966,0.008793,None,3.271896,7.068396,6.554905,6.554905,0.010991,0.164218,0.189953,0.000000,0.044184,0.074524
70,0.777000,1,0.656873,0.759811,0.000000,0.044286,0.000000,0.044286,0.271607,Wall,0.120094,0.120094,9.050510,9.050510,0.011071,0.164218,0.189953,0.000000,0.044184,0.074524
70,0.777000,2,0.000000,0.000000,0.000000,0.044184,0.000000,0.044184,0.008837,None,1.404414,1.404414,7.970363,7.970363,0.011046,0.164218,0.189953,0.000000,0.044184,0.074524
70,0.777000,3,0.000000,0.000000,0.000000,0.044301,0.000000,0.044301,0.008860,None,2.314028,4.205469,6.554905,6.554905,0.011075,0.164218,0.189953,0.000000,0.044184,0.074524
80,0.888000,0,0.000000,0.000000,0.000000,0.044240,0.000000,0.044240,0.008848,None,3.262557,6.941066,6.550713,6.550713,0.011060,0.249133,0.249393,0.000000,0.044306,0.108514
80,0.888000,1,0.996531,0.997572,0.000000,0.044309,0.000000,0.044309,0.407474,Wall,0.001214,0.001214,9.041533,9.041533,0.011077,0.249133,0.249393,0.000000,0.044306,0.108514
80,0.888000,2,0.000000,0.000000,0.000000,0.044342,0.000000,0.044342,0.008868,None,1.289799,1.289799,8.196008,8.196008,0.011086,0.249133,0.249393,0.000000,0.044306,0.108514
80,0.888000,3,0.000000,0.000000,0.000000,0.044334,0.000000,0.044334,0.008867,None,2.279476,4.316805,6.550713,6.550713,0.011083,0.249133,0.249393,0.000000,0.044306,0.108514
90,0.999000,0,0.000000,0.000000,0.000000,0.044323,0.000000,0.044323,0.008865,None,3.257529,6.822978,6.551347,6.551347,0.011081,0.250000,0.250000,0.000000,0.044340,0.108868
90,0.999000,1,1.000000,1.000000,0.000000,0.044315,0.000000,0.044315,0.408863,Wall,-0.117703,-0.117703,9.033707,9.033707,0.011079,0.250000,0.250000,0.000000,0.044340,0.108868
90,0.999000,2,0.000000,0.000000,0.000000,0.044384,0.000000,0.044384,0.008877,None,1.180755,1.180755,8.418814,8.418814,0.011096,0.250000,0.250000,0.000000,0.044340,0.108868
90,0.999000,3,0.000000,0.000000,0.000000,0.044339,0.000000,0.044339,0.008868,None,2.250366,4.427950,6.551347,6.551347,0.011085,0.250000,0.250000,0.000000,0.044340,0.108868
100,1.110000,0,0.000000,0.000000,0.000000,0.044350,0.000000,0.044350,0.008870,None,3.252606,6.707532,6.558611,6.558611,0.011087,0.250000,0.250000,0.000000,0.044351,0.108870
100,1.110000,1,1.000000,1.000000,0.000000,0.044308,0.000000,0.044308,0.408862,Wall,-0.236428,-0.236428,9.023313,9.023313,0.011077,0.250000,0.250000,0.000000,0.044351,0.108870
100,1.110000,2,0.000000,0.000000,0.000000,0.044402,0.000000,0.044402,0.008880,None,1.073794,1.073794,8.640765,8.640765,0.011100,0.250000,0.250000,0.000000,0.044351,0.108870
100,1.110000,3,0.000000,0.000000,0.000000,0.044342,0.000000,0.044342,0.008868,None,2.226554,4.538915,6.558611,6.558611,0.011086,0.250000,0.250000,0.000000,0.044351,0.108870
110,1.221001,0,0.000000,0.000000,0.000000,0.044360,0.000000,0.044360,0.008872,None,3.246557,6.593010,6.573061,6.573061,0.011090,0.250000,0.250000,0.000000,0.044356,0.108871
110,1.221001,1,1.000000,1.000000,0.000000,0.044314,0.000000,0.044314,0.408863,Wall,-0.355343,-0.355343,9.009907,9.009907,0.011078,0.250000,0.250000,0.000000,0.044356,0.108871
110,1.221001,2,0.000000,0.000000,0.000000,0.044408,0.000000,0.044408,0.008882,None,0.968214,0.968214,8.862258,8.862258,0.011102,0.250000,0.250000,0.000000,0.044356,0.108871
110,1.221001,3,0.000000,0.000000,0.000000,0.044342,0.000000,0.044342,0.008868,None,2.207997,4.649687,6.573061,6.573061,0.011086,0.250000,0.250000,0.000000,0.044356,0.108871
120,1.332001,0,0.000000,0.000000,0.000000,0.044359,0.000000,0.044359,0.008872,None,3.239332,6.479309,6.594658,6.594658,0.011090,0.250000,0.250000,0.000000,0.044355,0.108871
120,1.332001,1,1.000000,1.000000,0.000000,0.044315,0.000000,0.044315,0.408863,Wall,-0.474260,-0.474260,8.993143,8.993143,0.011079,0.250000,0.250000,0.000000,0.044355,0.108871
120,1.332001,2,0.000000,0.000000,0.000000,0.044404,0.000000,0.044404,0.008881,None,0.864141,0.864141,9.083162,9.083162,0.011101,0.250000,0.250000,0.000000,0.044355,0.108871
120,1.332001,3,0.000000,0.000000,0.000000,0.044343,0.000000,0.044343,0.008869,None,2.194831,4.760224,6.594658,6.594658,0.011086,0.250000,0.250000,0.000000,0.044355,0.108871
130,1.443002,0,0.000000,0.000000,0.000000,0.044359,0.000000,0.044359,0.008872,None,3.230494,6.366007,6.623874,6.623874,0.011090,0.250000,0.250000,0.000000,0.043124,0.108625
130,1.443002,1,1.000000,1.000000,0.000000,0.044315,0.000000,0.044315,0.408863,Wall,-0.406953,-0.593047,8.972689,8.972689,0.011079,0.250000,0.250000,0.000000,0.043124,0.108625
130,1.443002,2,0.000000,0.000000,0.000000,0.039477,0.000000,0.039477,0.007895,None,0.771434,0.771434,9.292487,9.292487,0.009869,0.250000,0.250000,0.000000,0.043124,0.108625
130,1.443002,3,0.000000,0.000000,0.000000,0.044346,0.000000,0.044346,0.008869,None,2.187256,4.870488,6.623874,6.623874,0.011087,0.250000,0.250000,0.000000,0.043124,0.108625
140,1.554002,0,0.000000,0.000000,0.000000,0.044363,0.000000,0.044363,0.008873,None,3.220065,6.253269,6.660485,6.660485,0.011091,0.250000,0.250000,0.000000,0.036300,0.107260
140,1.554002,1,1.000000,1.000000,0.000000,0.044319,0.000000,0.044319,0.408864,Wall,-0.288336,-0.711664,8.948545,8.948545,0.011080,0.250000,0.250000,0.000000,0.036300,0.107260
140,1.554002,2,0.000000,0.000000,0.000000,0.012172,0.000000,0.012172,0.002434,None,0.771434,0.771434,9.401352,9.401352,0.003043,0.250000,0.250000,0.000000,0.036300,0.107260
140,1.554002,3,0.000000,0.000000,0.000000,0.044345,0.000000,0.044345,0.008869,None,2.185316,4.980422,6.660485,6.660485,0.011086,0.250000,0.250000,0.000000,0.036300,0.107260
150,1.665003,0,0.000000,0.000000,0.000000,0.044360,0.000000,0.044360,0.008872,None,3.207826,6.141129,6.704767,6.704767,0.011090,0.250000,0.250000,0.000000,0.034192,0.106838
150,1.665003,1,1.000000,1.000000,0.000000,0.044315,0.000000,0.044315,0.408863,Wall,-0.204780,-0.829779,8.920378,8.920378,0.011079,0.250000,0.250000,0.000000,0.034192,0.106838
150,1.665003,2,0.000000,0.000000,0.000000,0.003754,0.000000,0.003754,0.000751,None,0.771434,0.771434,9.480699,9.480699,0.000938,0.250000,0.250000,0.000000,0.034192,0.106838
150,1.665003,3,0.000000,0.000000,0.000000,0.044341,0.000000,0.044341,0.008868,None,2.189244,5.089944,6.704767,6.704767,0.011085,0.250000,0.250000,0.000000,0.034192,0.106838
160,1.776003,0,0.000000,0.000000,0.000000,0.039433,0.000000,0.039433,0.007887,None,3.203964,6.040983,6.745971,6.745971,0.009858,0.250000,0.250000,0.000000,0.039562,0.107912
160,1.776003,1,1.000000,1.000000,0.000000,0.044315,0.000000,0.044315,0.408863,Wall,-0.319529,-0.947517,8.899018,8.899018,0.011079,0.250000,0.250000,0.000000,0.039562,0.107912
160,1.776003,2,0.000000,0.000000,0.000000,0.030151,0.000000,0.030151,0.006030,None,0.699899,0.699899,9.511254,9.511254,0.007538,0.250000,0.250000,0.000000,0.039562,0.107912
160,1.776003,3,0.000000,0.000000,0.000000,0.044348,0.000000,0.044348,0.008870,None,2.198498,5.199061,6.745971,6.745971,0.011087,0.250000,0.250000,0.000000,0.039562,0.107912
170,1.887004,0,0.000000,0.000000,0.000000,0.017083,0.000000,0.017083,0.003417,None,3.258782,6.029875,6.711926,6.711926,0.004271,0.250000,0.250000,0.000000,0.036439,0.107288
170,1.887004,1,1.000000,1.000000,0.000000,0.044320,0.000000,0.044320,0.408864,Wall,-0.285788,-1.064883,8.957819,8.957819,0.011080,0.250000,0.250000,0.000000,0.036439,0.107288
170,1.887004,2,0.000000,0.000000,0.000000,0.040004,0.000000,0.040004,0.008001,None,0.621900,0.621900,9.549909,9.549909,0.010001,0.250000,0.250000,0.000000,0.036439,0.107288
170,1.887004,3,0.000000,0.000000,0.000000,0.044350,0.000000,0.044350,0.008870,None,2.195625,5.307709,6.711926,6.711926,0.011088,0.250000,0.250000,0.000000,0.036439,0.107288
180,1.998004,0,0.000000,0.000000,0.000000,0.035954,0.000000,0.035954,0.007191,None,3.236312,5.918759,6.764081,6.764081,0.008988,0.250000,0.250000,0.000000,0.041914,0.108383
180,1.998004,1,1.000000,1.000000,0.000000,0.044317,0.000000,0.044317,0.408863,Wall,-0.171562,-1.181348,8.931098,8.931098,0.011079,0.250000,0.250000,0.000000,0.041914,0.108383
180,1.998004,2,0.000000,0.000000,0.000000,0.043041,0.000000,0.043041,0.008608,None,0.537520,0.537520,9.568025,9.568025,0.010760,0.250000,0.250000,0.000000,0.041914,0.108383
180,1.998004,3,0.000000,0.000000,0.000000,0.044345,0.000000,0.044345,0.008869,None,2.202552,5.415761,6.764081,6.764081,0.011086,0.250000,0.250000,0.000000,0.041914,0.108383
190,2.109005,0,0.000000,0.000000,0.000000,0.041770,0.000000,0.041770,0.008354,None,3.214910,5.808457,6.832439,6.832439,0.010443,0.250000,0.274679,0.000000,0.043605,0.108721
190,2.109005,1,1.000000,1.000000,0.000000,0.044319,0.000000,0.044319,0.408864,Wall,-0.057502,-1.297366,8.891932,8.891932,0.011080,0.250000,0.274679,0.000000,0.043605,0.108721
190,2.109005,2,0.000000,0.098715,0.000000,0.043984,0.000000,0.043984,0.008797,None,0.450643,0.450643,9.577091,9.577091,0.010996,0.250000,0.274679,0.000000,0.043605,0.108721
190,2.109005,3,0.000000,0.000000,0.000000,0.044349,0.000000,0.044349,0.008870,None,2.223379,5.523243,6.832439,6.832439,0.011087,0.250000,0.274679,0.000000,0.043605,0.108721
200,2.220006,0,0.000000,0.000000,0.000000,0.043559,0.000000,0.043559,0.008712,None,3.192459,5.699051,6.910792,6.910792,0.010890,0.250000,0.317773,0.000000,0.044124,0.108825
200,2.220006,1,1.000000,1.000000,0.000000,0.044323,0.000000,0.044323,0.408865,Wall,-0.159703,-1.412690,8.846215,8.846215,0.011081,0.250000,0.317773,0.000000,0.044124,0.108825
200,2.220006,2,0.000000,0.271093,0.000000,0.044268,0.000000,0.044268,0.008854,None,0.364453,0.364453,9.582747,9.582747,0.011067,0.250000,0.317773,0.000000,0.044124,0.108825
200,2.220006,3,0.000000,0.000000,0.000000,0.044344,0.000000,0.044344,0.008869,None,2.253011,5.630032,6.910792,6.910792,0.011086,0.250000,0.317773,0.000000,0.044124,0.108825
210,2.331006,0,0.000000,0.000000,0.000000,0.044113,0.000000,0.044113,0.008823,None,3.169627,5.590480,6.995581,6.995581,0.011028,0.300123,0.360086,0.000000,0.044283,0.128906
210,2.331006,1,1.000000,1.000000,0.000000,0.044322,0.000000,0.044322,0.408864,Wall,-0.208442,-1.526955,8.796618,8.796618,0.011081,0.300123,0.360086,0.000000,0.044283,0.128906
210,2.331006,2,0.200491,0.440344,0.000000,0.044352,0.000000,0.044352,0.089067,Wall,0.279828,0.279828,9.587023,9.587023,0.011088,0.300123,0.360086,0.000000,0.044283,0.128906
210,2.331006,3,0.000000,0.000000,0.000000,0.044343,0.000000,0.044343,0.008869,None,2.289478,5.736130,6.995581,6.995581,0.011086,0.300123,0.360086,0.000000,0.044283,0.128906
220,2.442007,0,0.000000,0.000000,0.000000,0.044280,0.000000,0.044280,0.008856,None,3.146103,5.483020,7.086034,7.086034,0.011070,0.359239,0.401467,0.000000,0.044333,0.152562
220,2.442007,1,1.000000,1.000000,0.000000,0.044319,0.000000,0.044319,0.408864,Wall,-0.123787,-1.640341,8.744020,8.744020,0.011080,0.359239,0.401467,0.000000,0.044333,0.152562
220,2.442007,2,0.436956,0.605869,0.000000,0.044381,0.000000,0.044381,0.183659,Wall,0.197065,0.197065,9.590812,9.590812,0.011095,0.359239,0.401467,0.000000,0.044333,0.152562
220,2.442007,3,0.000000,0.000000,0.000000,0.044352,0.000000,0.044352,0.008870,None,2.331935,5.841562,7.086034,7.086034,0.011088,0.359239,0.401467,0.000000,0.044333,0.152562
230,2.553007,0,0.000000,0.000000,0.000000,0.044334,0.000000,0.044334,0.008867,None,3.108802,5.376276,7.182591,7.182591,0.011083,0.416722,0.441706,0.000000,0.037111,0.174111
230,2.553007,1,1.000000,1.000000,0.000000,0.015371,0.000000,0.015371,0.403074,Wall,-0.134917,-1.651635,8.639808,8.639808,0.003843,0.416722,0.441706,0.000000,0.037111,0.174111
230,2.553007,2,0.666890,0.766823,0.000000,0.044392,0.000000,0.044392,0.275634,Wall,0.116589,0.116589,9.594516,9.594516,0.011098,0.416722,0.441706,0.000000,0.037111,0.174111
230,2.553007,3,0.000000,0.000000,0.000000,0.044346,0.000000,0.044346,0.008869,None,2.380419,5.946113,7.182591,7.182591,0.011087,0.416722,0.441706,0.000000,0.037111,0.174111
240,2.664008,0,0.000000,0.000000,0.000000,0.044350,0.000000,0.044350,0.008870,None,3.056510,5.270600,7.284832,7.284832,0.011088,0.472627,0.480839,0.000000,0.034458,0.195942
240,2.664008,1,1.000000,1.000000,0.000000,0.004741,0.000000,0.004741,0.400948,Wall,-0.134917,-1.651635,8.529567,8.529567,0.001185,0.472627,0.480839,0.000000,0.034458,0.195942
240,2.664008,2,0.890507,0.923355,0.000000,0.044393,0.000000,0.044393,0.365081,Wall,0.038322,0.038322,9.597684,9.597684,0.011098,0.472627,0.480839,0.000000,0.034458,0.195942
240,2.664008,3,0.000000,0.000000,0.000000,0.044349,0.000000,0.044349,0.008870,None,2.434443,6.049878,7.284832,7.284832,0.011087,0.472627,0.480839,0.000000,0.034458,0.195942
250,2.775008,0,0.000000,0.000000,0.000000,0.044360,0.000000,0.044360,0.008872,None,2.999254,5.165910,7.393004,7.393004,0.011090,0.500000,0.500000,0.000000,0.033642,0.206728
250,2.775008,1,1.000000,1.000000,0.000000,0.001462,0.000000,0.001462,0.400292,Wall,-0.134917,-1.651635,8.418561,8.418561,0.000365,0.500000,0.500000,0.000000,0.033642,0.206728
250,2.775008,2,1.000000,1.000000,0.000000,0.044397,0.000000,0.044397,0.408879,Wall,-0.037549,-0.037549,9.600540,9.600540,0.011099,0.500000,0.500000,0.000000,0.033642,0.206728
250,2.775008,3,0.000000,0.000000,0.000000,0.044348,0.000000,0.044348,0.008870,None,2.494172,6.152681,7.393004,7.393004,0.011087,0.500000,0.500000,0.000000,0.033642,0.206728
260,2.886009,0,0.000000,0.000000,0.000000,0.044351,0.000000,0.044351,0.008870,None,2.940623,5.062639,7.507218,7.507218,0.011088,0.500000,0.500000,0.000000,0.025717,0.205143
260,2.886009,1,1.000000,1.000000,0.000000,0.000450,0.000000,0.000450,0.400090,Wall,-0.134917,-1.651635,8.307234,8.307234,0.000113,0.500000,0.500000,0.000000,0.025717,0.205143
260,2.886009,2,1.000000,1.000000,0.000000,0.044394,0.000000,0.044394,0.408879,Wall,-0.110918,-0.110918,9.718491,9.718491,0.011098,0.500000,0.500000,0.000000,0.025717,0.205143
260,2.886009,3,0.000000,0.000000,0.000000,0.013673,0.000000,0.013673,0.002735,None,2.572252,6.152681,7.507218,7.507218,0.003418,0.500000,0.500000,0.000000,0.025717,0.205143
270,2.997009,0,0.000000,0.000000,0.000000,0.044354,0.000000,0.044354,0.008871,None,2.881179,4.960331,7.622058,7.622058,0.011088,0.500000,0.500000,0.000000,0.023274,0.204655
270,2.997009,1,1.000000,1.000000,0.000000,0.000137,0.000000,0.000137,0.400028,Wall,-0.134917,-1.651635,8.195186,8.195186,0.000034,0.500000,0.500000,0.000000,0.023274,0.204655
270,2.997009,2,1.000000,1.000000,0.000000,0.044389,0.000000,0.044389,0.408878,Wall,-0.181583,-0.181583,9.836179,9.836179,0.011097,0.500000,0.500000,0.000000,0.023274,0.204655
270,2.997009,3,0.000000,0.000000,0.000000,0.004216,0.000000,0.004216,0.000843,None,2.632952,6.152681,7.622058,7.622058,0.001054,0.500000,0.500000,0.000000,0.023274,0.204655
280,3.108010,0,0.000000,0.000000,0.000000,0.044352,0.000000,0.044352,0.008870,None,2.821627,4.859369,7.737050,7.737050,0.011088,0.500000,0.500000,0.000000,0.022522,0.204504
280,3.108010,1,1.000000,1.000000,0.000000,0.000042,0.000000,0.000042,0.400008,Wall,-0.134917,-1.651635,8.082845,8.082845,0.000010,0.500000,0.500000,0.000000,0.022522,0.204504
280,3.108010,2,1.000000,1.000000,0.000000,0.044392,0.000000,0.044392,0.408878,Wall,-0.249765,-0.249765,9.953772,9.953772,0.011098,0.500000,0.500000,0.000000,0.022522,0.204504
280,3.108010,3,0.000000,0.000000,0.000000,0.001300,0.000000,0.001300,0.000260,None,2.688839,6.152681,7.737050,7.737050,0.000325,0.500000,0.500000,0.000000,0.022522,0.204504
290,3.219010,0,0.000000,0.000000,0.000000,0.044351,0.000000,0.044351,0.008870,None,2.761699,4.759426,7.852526,7.852526,0.011088,0.500000,0.500000,0.000000,0.022288,0.204458
290,3.219010,1,1.000000,1.000000,0.000000,0.000011,0.000000,0.000011,0.400002,Wall,-0.134917,-1.651635,7.969861,7.969861,0.000003,0.500000,0.500000,0.000000,0.022288,0.204458
290,3.219010,2,1.000000,1.000000,0.000000,0.044389,0.000000,0.044389,0.408878,Wall,-0.315232,-0.315232,10.070920,10.070920,0.011097,0.500000,0.500000,0.000000,0.022288,0.204458
290,3.219010,3,0.000000,0.000000,0.000000,0.000401,0.000000,0.000401,0.000080,None,2.743664,6.152681,7.852526,7.852526,0.000100,0.500000,0.500000,0.000000,0.022288,0.204458
300,3.330011,0,0.000000,0.000000,0.000000,0.044348,0.000000,0.044348,0.008870,None,2.701641,4.660855,7.856482,7.856482,0.011087,0.500000,0.500000,0.000000,0.022215,0.204443
300,3.330011,1,1.000000,1.000000,0.000000,0.000004,0.000000,0.000004,0.400001,Wall,-0.134917,-1.651635,7.856482,7.856482,0.000001,0.500000,0.500000,0.000000,0.022215,0.204443
300,3.330011,2,1.000000,1.000000,0.000000,0.044384,0.000000,0.044384,0.408877,Wall,-0.377967,-0.377967,10.187530,10.187530,0.011096,0.500000,0.500000,0.000000,0.022215,0.204443
300,3.330011,3,0.000000,0.000000,0.000000,0.000124,0.000000,0.000124,0.000025,None,2.798519,6.152681,7.968184,7.968184,0.000031,0.500000,0.500000,0.000000,0.022215,0.204443
310,3.441011,0,0.000000,0.000000,0.000000,0.044353,0.000000,0.044353,0.008871,None,2.641385,4.563495,7.742642,7.742642,0.011088,0.500000,0.500000,0.000000,0.024522,0.204904
310,3.441011,1,1.000000,1.000000,0.000000,0.000000,0.000000,0.000000,0.400000,Wall,-0.134917,-1.651635,7.742642,7.742642,0.000000,0.500000,0.500000,0.000000,0.024522,0.204904
310,3.441011,2,1.000000,1.000000,0.000000,0.044386,0.000000,0.044386,0.408877,Wall,-0.437806,-0.437806,10.272260,10.272260,0.011096,0.500000,0.500000,0.000000,0.024522,0.204904
310,3.441011,3,0.000000,0.000000,0.000000,0.009349,0.000000,0.009349,0.001870,None,2.879461,6.167541,8.099109,8.099109,0.002337,0.500000,0.500000,0.000000,0.024522,0.204904
320,3.552012,0,0.000000,0.000000,0.000000,0.044356,0.000000,0.044356,0.008871,None,2.580929,4.467442,7.628359,7.628359,0.011089,0.500000,0.500000,0.000000,0.030586,0.206117
320,3.552012,1,1.000000,1.000000,0.000000,0.000000,0.000000,0.000000,0.400000,Wall,-0.134917,-1.651635,7.628359,7.628359,0.000000,0.500000,0.500000,0.000000,0.030586,0.206117
320,3.552012,2,1.000000,1.000000,0.000000,0.044381,0.000000,0.044381,0.408876,Wall,-0.494610,-0.494610,10.210890,10.210890,0.011095,0.500000,0.500000,0.000000,0.030586,0.206117
320,3.552012,3,0.000000,0.000000,0.000000,0.033608,0.000000,0.033608,0.006722,None,3.187709,6.228681,8.273906,8.273906,0.008402,0.500000,0.500000,0.000000,0.030586,0.206117
330,3.663013,0,0.000000,0.000000,0.000000,0.044355,0.000000,0.044355,0.008871,None,2.520784,4.372605,7.514148,7.514148,0.011089,0.500000,0.500000,0.000000,0.032455,0.206491
330,3.663013,1,1.000000,1.000000,0.000000,0.000000,0.000000,0.000000,0.400000,Wall,-0.134917,-1.651635,7.514148,7.514148,0.000000,0.500000,0.500000,0.000000,0.032455,0.206491
330,3.663013,2,1.000000,1.000000,0.000000,0.044382,0.000000,0.044382,0.408876,Wall,-0.451412,-0.548588,10.185150,10.185150,0.011095,0.500000,0.500000,0.000000,0.032455,0.206491
330,3.663013,3,0.000000,0.000000,0.000000,0.041085,0.000000,0.041085,0.008217,None,3.410561,6.297159,8.397163,8.397163,0.010271,0.500000,0.500000,0.000000,0.032455,0.206491
340,3.774013,0,0.000000,0.000000,0.000000,0.044354,0.000000,0.044354,0.008871,None,2.462462,4.277693,7.401449,7.401449,0.011089,0.500000,0.500000,0.000000,0.033033,0.206607
340,3.774013,1,1.000000,1.000000,0.000000,0.000000,0.000000,0.000000,0.400000,Wall,-0.134917,-1.651635,7.401449,7.401449,0.000000,0.500000,0.500000,0.000000,0.033033,0.206607
340,3.774013,2,1.000000,1.000000,0.000000,0.044386,0.000000,0.044386,0.408877,Wall,-0.400322,-0.599678,10.181090,10.181090,0.011097,0.500000,0.500000,0.000000,0.033033,0.206607
340,3.774013,3,0.000000,0.000000,0.000000,0.043391,0.000000,0.043391,0.008678,None,3.510861,6.372088,8.509139,8.509139,0.010848,0.500000,0.500000,0.000000,0.033033,0.206607
350,3.885014,0,0.000000,0.000000,0.000000,0.044364,0.000000,0.044364,0.008873,None,2.407007,4.181182,7.291230,7.291230,0.011091,0.500000,0.500000,0.000000,0.033212,0.206642
350,3.885014,1,1.000000,1.000000,0.000000,0.000000,0.000000,0.000000,0.400000,Wall,-0.134917,-1.651635,7.291230,7.291230,0.000000,0.500000,0.500000,0.000000,0.033212,0.206642
350,3.885014,2,1.000000,1.000000,0.000000,0.044382,0.000000,0.044382,0.408876,Wall,-0.352544,-0.647456,10.184170,10.184170,0.011096,0.500000,0.500000,0.000000,0.033212,0.206642
350,3.885014,3,0.000000,0.000000,0.000000,0.044103,0.000000,0.044103,0.008821,None,3.509386,6.365003,8.619742,8.619742,0.011026,0.500000,0.500000,0.000000,0.033212,0.206642
360,3.996014,0,0.000000,0.000000,0.000000,0.044361,0.000000,0.044361,0.008872,None,2.353798,4.083800,7.182953,7.182953,0.011090,0.500000,0.500000,0.000000,0.033264,0.206653
360,3.996014,1,1.000000,1.000000,0.000000,0.000000,0.000000,0.000000,0.400000,Wall,-0.134917,-1.651635,7.182953,7.182953,0.000000,0.500000,0.500000,0.000000,0.033264,0.206653
360,3.996014,2,1.000000,1.000000,0.000000,0.044377,0.000000,0.044377,0.408876,Wall,-0.307988,-0.692012,10.189320,10.189320,0.011094,0.500000,0.500000,0.000000,0.033264,0.206653
360,3.996014,3,0.000000,0.000000,0.000000,0.044319,0.000000,0.044319,0.008864,None,3.510867,6.261663,8.733128,8.733128,0.011080,0.500000,0.500000,0.000000,0.033264,0.206653
370,4.107012,0,0.000000,0.000000,0.000000,0.035063,0.000000,0.035063,0.007013,None,2.324197,4.003025,7.099887,7.099887,0.008766,0.500000,0.500000,0.000000,0.030957,0.206191
370,4.107012,1,1.000000,1.000000,0.000000,0.000000,0.000000,0.000000,0.400000,Wall,-0.134917,-1.651635,7.099887,7.099887,0.000000,0.500000,0.500000,0.000000,0.030957,0.206191
370,4.107012,2,1.000000,1.000000,0.000000,0.044379,0.000000,0.044379,0.408876,Wall,-0.266436,-0.733564,10.195510,10.195510,0.011095,0.500000,0.500000,0.000000,0.030957,0.206191
370,4.107012,3,0.000000,0.000000,0.000000,0.044384,0.000000,0.044384,0.008877,None,3.513851,6.159659,8.828875,8.828875,0.011096,0.500000,0.500000,0.000000,0.030957,0.206191
380,4.218010,0,0.000000,0.000000,0.000000,0.010811,0.000000,0.010811,0.002162,None,2.347661,4.003025,7.099887,7.099887,0.002703,0.500000,0.500000,0.000000,0.024900,0.204980
380,4.218010,1,1.000000,1.000000,0.000000,0.000000,0.000000,0.000000,0.400000,Wall,-0.134917,-1.651635,7.099887,7.099887,0.000000,0.500000,0.500000,0.000000,0.024900,0.204980
380,4.218010,2,1.000000,1.000000,0.000000,0.044379,0.000000,0.044379,0.408876,Wall,-0.311934,-0.771824,10.202240,10.202240,0.011095,0.500000,0.500000,0.000000,0.024900,0.204980
380,4.218010,3,0.000000,0.000000,0.000000,0.044411,0.000000,0.044411,0.008882,None,3.517810,6.057250,8.844739,8.844739,0.011103,0.500000,0.500000,0.000000,0.024900,0.204980
390,4.329009,0,0.000000,0.000000,0.000000,0.003334,0.000000,0.003334,0.000667,None,2.354883,4.003025,7.099887,7.099887,0.000834,0.500000,0.500000,0.000000,0.015785,0.203157
390,4.329009,1,1.000000,1.000000,0.000000,0.000000,0.000000,0.000000,0.400000,Wall,-0.134917,-1.651635,7.099887,7.099887,0.000000,0.500000,0.500000,0.000000,0.015785,0.203157
390,4.329009,2,1.000000,1.000000,0.000000,0.015393,0.000000,0.015393,0.403079,Wall,-0.316628,-0.775460,10.108660,10.108660,0.003848,0.500000,0.500000,0.000000,0.015785,0.203157
390,4.329009,3,0.000000,0.000000,0.000000,0.044414,0.000000,0.044414,0.008883,None,3.502040,5.953983,8.864158,8.864158,0.011104,0.500000,0.500000,0.000000,0.015785,0.203157
400,4.440007,0,0.000000,0.000000,0.000000,0.001028,0.000000,0.001028,0.000206,None,2.357110,4.003025,7.099887,7.099887,0.000257,0.500000,0.500000,0.000000,0.012548,0.202510
400,4.440007,1,1.000000,1.000000,0.000000,0.000000,0.000000,0.000000,0.400000,Wall,-0.134917,-1.651635,7.099887,7.099887,0.000000,0.500000,0.500000,0.000000,0.012548,0.202510
400,4.440007,2,1.000000,1.000000,0.000000,0.004745,0.000000,0.004745,0.400949,Wall,-0.316628,-0.775460,10.005050,10.005050,0.001186,0.500000,0.500000,0.000000,0.012548,0.202510
400,4.440007,3,0.000000,0.000000,0.000000,0.044417,0.000000,0.044417,0.008883,None,3.463315,5.849804,8.887063,8.887063,0.011104,0.500000,0.500000,0.000000,0.012548,0.202510
410,4.551005,0,0.000000,0.000000,0.000000,0.030984,0.000000,0.030984,0.006197,None,2.247715,3.936378,6.967077,6.967077,0.007746,0.500000,0.500000,0.000000,0.019217,0.203843
410,4.551005,1,1.000000,1.000000,0.000000,0.000000,0.000000,0.000000,0.400000,Wall,-0.134917,-1.651635,6.967077,6.967077,0.000000,0.500000,0.500000,0.000000,0.019217,0.203843
410,4.551005,2,1.000000,1.000000,0.000000,0.001463,0.000000,0.001463,0.400293,Wall,-0.316628,-0.775460,9.902864,9.902864,0.000366,0.500000,0.500000,0.000000,0.019217,0.203843
410,4.551005,3,0.000000,0.000000,0.000000,0.044421,0.000000,0.044421,0.008884,None,3.418327,5.744570,9.025874,9.025874,0.011105,0.500000,0.500000,0.000000,0.019217,0.203843
420,4.662003,0,0.000000,0.000000,0.000000,0.040223,0.000000,0.040223,0.008045,None,2.179351,3.846910,6.852448,6.852448,0.010056,0.500000,0.500000,0.000000,0.028044,0.205609
420,4.662003,1,1.000000,1.000000,0.000000,0.000000,0.000000,0.000000,0.400000,Wall,-0.134917,-1.651635,6.852448,6.852448,0.000000,0.500000,0.500000,0.000000,0.028044,0.205609
420,4.662003,2,1.000000,1.000000,0.000000,0.027532,0.000000,0.027532,0.405506,Wall,-0.316974,-0.873741,9.884957,9.884957,0.006883,0.500000,0.500000,0.000000,0.028044,0.205609
420,4.662003,3,0.000000,0.000000,0.000000,0.044420,0.000000,0.044420,0.008884,None,3.389062,5.638305,9.165500,9.165500,0.011105,0.500000,0.500000,0.000000,0.028044,0.205609
430,4.773001,0,0.000000,0.000000,0.000000,0.043074,0.000000,0.043074,0.008615,None,2.116754,3.738696,5.488937,5.488937,0.010769,0.500000,0.500000,0.000000,0.039348,0.207870
430,4.773001,1,1.000000,1.000000,0.000000,0.030695,0.000000,0.030695,0.406139,Wall,-0.065092,-0.065092,5.488937,5.488937,0.007674,0.500000,0.500000,0.000000,0.039348,0.207870
430,4.773001,2,1.000000,1.000000,0.000000,0.039204,0.000000,0.039204,0.407841,Wall,-0.225166,-0.973680,9.894005,9.894005,0.009801,0.500000,0.500000,0.000000,0.039348,0.207870
430,4.773001,3,0.000000,0.000000,0.000000,0.044419,0.000000,0.044419,0.008884,None,3.386283,5.531248,9.306501,9.306501,0.011105,0.500000,0.500000,0.000000,0.039348,0.207870
440,4.883999,0,0.000000,0.000000,0.000000,0.043947,0.000000,0.043947,0.008789,None,2.048194,3.624910,4.677924,4.677924,0.010987,0.250000,0.250000,0.000000,0.042828,0.108566
440,4.883999,1,0.000000,0.000000,0.000000,0.040149,0.000000,0.040149,0.008030,None,0.570891,0.570891,4.677924,4.677924,0.010037,0.250000,0.250000,0.000000,0.042828,0.108566
440,4.883999,2,1.000000,1.000000,0.000000,0.042797,0.000000,0.042797,0.408559,Wall,-0.161635,-1.032475,9.909105,9.909105,0.010699,0.250000,0.250000,0.000000,0.042828,0.108566
440,4.883999,3,0.000000,0.000000,0.000000,0.044419,0.000000,0.044419,0.008884,None,3.392774,5.423468,9.450239,9.450239,0.011105,0.250000,0.250000,0.000000,0.042828,0.108566
450,4.994998,0,0.000000,0.000000,0.000000,0.044222,0.000000,0.044222,0.008844,None,1.989271,3.509498,4.446620,4.446620,0.011055,0.250000,0.250000,0.000000,0.041306,0.108261
450,4.994998,1,0.000000,0.000000,0.000000,0.032680,0.000000,0.032680,0.006536,None,0.685093,0.685093,4.446620,4.446620,0.008170,0.250000,0.250000,0.000000,0.041306,0.108261
450,4.994998,2,1.000000,1.000000,0.000000,0.043900,0.000000,0.043900,0.408780,Wall,-0.165462,-1.074993,9.926449,9.926449,0.010975,0.250000,0.250000,0.000000,0.041306,0.108261
450,4.994998,3,0.000000,0.000000,0.000000,0.044422,0.000000,0.044422,0.008884,None,3.402894,5.314899,9.597112,9.597112,0.011105,0.250000,0.250000,0.000000,0.041306,0.108261
460,5.105996,0,0.000000,0.000000,0.000000,0.044299,0.000000,0.044299,0.008860,None,1.930775,3.393738,4.277627,4.277627,0.011075,0.250000,0.250000,0.000000,0.034514,0.106903
460,5.105996,1,0.000000,0.000000,0.000000,0.040792,0.000000,0.040792,0.008158,None,0.825877,0.825877,4.277627,4.277627,0.010198,0.250000,0.250000,0.000000,0.034514,0.106903
460,5.105996,2,1.000000,1.000000,0.000000,0.031036,0.000000,0.031036,0.406207,Wall,-0.206021,-1.100827,9.968053,9.968053,0.007759,0.250000,0.250000,0.000000,0.034514,0.106903
460,5.105996,3,0.000000,0.000000,0.000000,0.021929,0.000000,0.021929,0.004386,None,3.459332,5.271287,9.720047,9.720047,0.005482,0.250000,0.250000,0.000000,0.034514,0.106903
470,5.216994,0,0.000000,0.000000,0.000000,0.044330,0.000000,0.044330,0.008866,None,1.872544,3.277464,4.153707,4.153707,0.011083,0.250000,0.250000,0.000000,0.025989,0.105198
470,5.216994,1,0.000000,0.000000,0.000000,0.043296,0.000000,0.043296,0.008659,None,0.941075,0.941075,4.153707,4.153707,0.010824,0.250000,0.250000,0.000000,0.025989,0.105198
470,5.216994,2,1.000000,1.000000,0.000000,0.009570,0.000000,0.009570,0.401914,Wall,-0.206021,-1.100827,9.968053,9.968053,0.002392,0.250000,0.250000,0.000000,0.025989,0.105198
470,5.216994,3,0.000000,0.000000,0.000000,0.006761,0.000000,0.006761,0.001352,None,3.495662,5.271287,9.825134,9.825134,0.001690,0.250000,0.250000,0.000000,0.025989,0.105198
480,5.327992,0,0.000000,0.000000,0.000000,0.044332,0.000000,0.044332,0.008866,None,1.817446,3.161124,4.030374,4.030374,0.011083,0.250000,0.250000,0.000000,0.023358,0.104672
480,5.327992,1,0.000000,0.000000,0.000000,0.044067,0.000000,0.044067,0.008813,None,1.042832,1.042832,4.030374,4.030374,0.011017,0.250000,0.250000,0.000000,0.023358,0.104672
480,5.327992,2,1.000000,1.000000,0.000000,0.002950,0.000000,0.002950,0.400590,Wall,-0.206021,-1.100827,9.968053,9.968053,0.000738,0.250000,0.250000,0.000000,0.023358,0.104672
480,5.327992,3,0.000000,0.000000,0.000000,0.002084,0.000000,0.002084,0.000417,None,3.506862,5.271287,9.929451,9.929451,0.000521,0.250000,0.250000,0.000000,0.023358,0.104672
490,5.438990,0,0.000000,0.000000,0.000000,0.044339,0.000000,0.044339,0.008868,None,1.765838,3.044604,3.909710,3.909710,0.011085,0.250000,0.250000,0.000000,0.022548,0.104510
490,5.438990,1,0.000000,0.000000,0.000000,0.044302,0.000000,0.044302,0.008860,None,1.089526,1.089526,3.909710,3.909710,0.011075,0.250000,0.250000,0.000000,0.022548,0.104510
490,5.438990,2,1.000000,1.000000,0.000000,0.000910,0.000000,0.000910,0.400182,Wall,-0.206021,-1.100827,9.968053,9.968053,0.000228,0.250000,0.250000,0.000000,0.022548,0.104510
490,5.438990,3,0.000000,0.000000,0.000000,0.000643,0.000000,0.000643,0.000129,None,3.510315,5.271287,9.968053,9.968053,0.000161,0.250000,0.250000,0.000000,0.022548,0.104510
500,5.549988,0,0.000000,0.000000,0.000000,0.044336,0.000000,0.044336,0.008867,None,1.718528,2.928043,3.795482,3.795482,0.011084,0.250000,0.250000,0.000000,0.022298,0.104460
500,5.549988,1,0.000000,0.000000,0.000000,0.044375,0.000000,0.044375,0.008875,None,1.135828,1.135828,3.795482,3.795482,0.011094,0.250000,0.250000,0.000000,0.022298,0.104460
500,5.549988,2,1.000000,1.000000,0.000000,0.000281,0.000000,0.000281,0.400056,Wall,-0.206021,-1.100827,9.968053,9.968053,0.000070,0.250000,0.250000,0.000000,0.022298,0.104460
500,5.549988,3,0.000000,0.000000,0.000000,0.000198,0.000000,0.000198,0.000040,None,3.511380,5.271287,9.968053,9.968053,0.000050,0.250000,0.250000,0.000000,0.022298,0.104460
510,5.660986,0,0.000000,0.000000,0.000000,0.044340,0.000000,0.044340,0.008868,None,1.675651,2.811507,3.689246,3.689246,0.011085,0.250000,0.250000,0.000000,0.029471,0.105894
510,5.660986,1,0.000000,0.000000,0.000000,0.044395,0.000000,0.044395,0.008879,None,1.184910,1.184910,3.689246,3.689246,0.011099,0.250000,0.250000,0.000000,0.029471,0.105894
510,5.660986,2,1.000000,1.000000,0.000000,0.000085,0.000000,0.000085,0.400017,Wall,-0.206021,-1.100827,9.842395,9.842395,0.000021,0.250000,0.250000,0.000000,0.029471,0.105894
510,5.660986,3,0.000000,0.000000,0.000000,0.029066,0.000000,0.029066,0.005813,None,3.410186,5.284735,9.842395,9.842395,0.007266,0.250000,0.250000,0.000000,0.029471,0.105894
520,5.771985,0,0.000000,0.000000,0.000000,0.044338,0.000000,0.044338,0.008868,None,1.637544,2.695023,3.591783,3.591783,0.011085,0.250000,0.250000,0.000000,0.032113,0.106423
520,5.771985,1,0.000000,0.000000,0.000000,0.044406,0.000000,0.044406,0.008881,None,1.236656,1.236656,3.591783,3.591783,0.011101,0.250000,0.250000,0.000000,0.032113,0.106423
520,5.771985,2,1.000000,1.000000,0.000000,0.000026,0.000000,0.000026,0.400005,Wall,-0.206021,-1.100827,9.713086,9.713086,0.000006,0.250000,0.250000,0.000000,0.032113,0.106423
520,5.771985,3,0.000000,0.000000,0.000000,0.039682,0.000000,0.039682,0.007936,None,3.327083,5.258175,9.713086,9.713086,0.009920,0.250000,0.250000,0.000000,0.032113,0.106423
530,5.882983,0,0.000000,0.000000,0.000000,0.044346,0.000000,0.044346,0.008869,None,1.604461,2.578571,3.503639,3.503639,0.011086,0.250000,0.250000,0.000000,0.032929,0.106586
530,5.882983,1,0.000000,0.000000,0.000000,0.044410,0.000000,0.044410,0.008882,None,1.290944,1.290944,3.503639,3.503639,0.011102,0.250000,0.250000,0.000000,0.032929,0.106586
530,5.882983,2,1.000000,1.000000,0.000000,0.000007,0.000000,0.000007,0.400001,Wall,-0.206021,-1.100827,9.600535,9.600535,0.000002,0.250000,0.250000,0.000000,0.032929,0.106586
530,5.882983,3,0.000000,0.000000,0.000000,0.042956,0.000000,0.042956,0.008591,None,3.266339,5.178566,9.600535,9.600535,0.010739,0.250000,0.250000,0.000000,0.032929,0.106586
540,5.993981,0,0.000000,0.000000,0.000000,0.044344,0.000000,0.044344,0.008869,None,1.576871,2.462396,3.424818,3.424818,0.011086,0.250000,0.250000,0.000000,0.033182,0.106636
540,5.993981,1,0.000000,0.000000,0.000000,0.044419,0.000000,0.044419,0.008884,None,1.305269,1.347834,3.424818,3.424818,0.011105,0.250000,0.250000,0.000000,0.033182,0.106636
540,5.993981,2,1.000000,1.000000,0.000000,0.000002,0.000000,0.000002,0.400000,Wall,-0.206021,-1.100827,9.494747,9.494747,0.000000,0.250000,0.250000,0.000000,0.033182,0.106636
540,5.993981,3,0.000000,0.000000,0.000000,0.043963,0.000000,0.043963,0.008793,None,3.213980,5.081357,9.494747,9.494747,0.010991,0.250000,0.250000,0.000000,0.033182,0.106636
550,6.104979,0,0.000000,0.000000,0.000000,0.044340,0.000000,0.044340,0.008868,None,1.555101,2.346766,3.355858,3.355858,0.011085,0.250000,0.250000,0.000000,0.033258,0.106652
550,6.104979,1,0.000000,0.000000,0.000000,0.044413,0.000000,0.044413,0.008883,None,1.223050,1.407162,3.355858,3.355858,0.011103,0.250000,0.250000,0.000000,0.033258,0.106652
550,6.104979,2,1.000000,1.000000,0.000000,0.000000,0.000000,0.000000,0.400000,Wall,-0.206021,-1.100827,9.391753,9.391753,0.000000,0.250000,0.250000,0.000000,0.033258,0.106652
550,6.104979,3,0.000000,0.000000,0.000000,0.044278,0.000000,0.044278,0.008856,None,3.164725,4.979276,9.391753,9.391753,0.011069,0.250000,0.250000,0.000000,0.033258,0.106652
560,6.215977,0,0.000000,0.000000,0.000000,0.044341,0.000000,0.044341,0.008868,None,1.539194,2.231400,3.296637,3.296637,0.011085,0.250000,0.250000,0.000000,0.033282,0.106656
560,6.215977,1,0.000000,0.000000,0.000000,0.044412,0.000000,0.044412,0.008882,None,1.144138,1.468931,3.296637,3.296637,0.011103,0.250000,0.250000,0.000000,0.033282,0.106656
560,6.215977,2,1.000000,1.000000,0.000000,0.000000,0.000000,0.000000,0.400000,Wall,-0.206021,-1.100827,9.290312,9.290312,0.000000,0.250000,0.250000,0.000000,0.033282,0.106656
560,6.215977,3,0.000000,0.000000,0.000000,0.044376,0.000000,0.044376,0.008875,None,3.116909,4.875491,9.290312,9.290312,0.011094,0.250000,0.250000,0.000000,0.033282,0.106656
570,6.326975,0,0.000000,0.000000,0.000000,0.044341,0.000000,0.044341,0.008868,None,1.529537,2.116421,3.247281,3.247281,0.011085,0.250000,0.250000,0.000000,0.033289,0.106658
570,6.326975,1,0.000000,0.000000,0.000000,0.044417,0.000000,0.044417,0.008883,None,1.068542,1.533103,3.247281,3.247281,0.011104,0.250000,0.250000,0.000000,0.033289,0.106658
570,6.326975,2,1.000000,1.000000,0.000000,0.000000,0.000000,0.000000,0.400000,Wall,-0.206021,-1.100827,9.190442,9.190442,0.000000,0.250000,0.250000,0.000000,0.033289,0.106658
570,6.326975,3,0.000000,0.000000,0.000000,0.044401,0.000000,0.044401,0.008880,None,3.070391,4.770661,9.190442,9.190442,0.011100,0.250000,0.250000,0.000000,0.033289,0.106658
580,6.437973,0,0.000000,0.000000,0.000000,0.044341,0.000000,0.044341,0.008868,None,1.526375,2.001955,3.207798,3.207798,0.011085,0.250000,0.250000,0.000000,0.033291,0.106658
580,6.437973,1,0.000000,0.000000,0.000000,0.044412,0.000000,0.044412,0.008882,None,0.996792,1.599593,3.207798,3.207798,0.011103,0.250000,0.250000,0.000000,0.033291,0.106658
580,6.437973,2,1.000000,1.000000,0.000000,0.000000,0.000000,0.000000,0.400000,Wall,-0.206021,-1.100827,9.091933,9.091933,0.000000,0.250000,0.250000,0.000000,0.033291,0.106658
580,6.437973,3,0.000000,0.000000,0.000000,0.044410,0.000000,0.044410,0.008882,None,3.024896,4.664861,9.091933,9.091933,0.011102,0.250000,0.250000,0.000000,0.033291,0.106658
590,6.548972,0,0.000000,0.000000,0.000000,0.044337,0.000000,0.044337,0.008867,None,1.530009,1.888294,3.177958,3.177958,0.011084,0.250000,0.250000,0.000000,0.033291,0.106658
590,6.548972,1,0.000000,0.000000,0.000000,0.044415,0.000000,0.044415,0.008883,None,0.928750,1.668387,3.177958,3.177958,0.011104,0.250000,0.250000,0.000000,0.033291,0.106658
590,6.548972,2,1.000000,1.000000,0.000000,0.000000,0.000000,0.000000,0.400000,Wall,-0.206021,-1.100827,8.995150,8.995150,0.000000,0.250000,0.250000,0.000000,0.033291,0.106658
590,6.548972,3,0.000000,0.000000,0.000000,0.044411,0.000000,0.044411,0.008882,None,2.980735,4.558012,8.995150,8.995150,0.011103,0.250000,0.250000,0.000000,0.033291,0.106658
600,6.659970,0,0.000000,0.000000,0.000000,0.044339,0.000000,0.044339,0.008868,None,1.540342,1.775215,3.157348,3.157348,0.011085,0.250000,0.250000,0.000000,0.033293,0.106659
600,6.659970,1,0.000000,0.000000,0.000000,0.044416,0.000000,0.044416,0.008883,None,0.864768,1.739451,3.157348,3.157348,0.011104,0.250000,0.250000,0.000000,0.033293,0.106659
600,6.659970,2,1.000000,1.000000,0.000000,0.000000,0.000000,0.000000,0.400000,Wall,-0.206021,-1.100827,8.900013,8.900013,0.000000,0.250000,0.250000,0.000000,0.033293,0.106659
600,6.659970,3,0.000000,0.000000,0.000000,0.044416,0.000000,0.044416,0.008883,None,2.937800,4.450257,8.900013,8.900013,0.011104,0.250000,0.250000,0.000000,0.033293,0.106659
610,6.770968,0,0.000000,0.000000,0.000000,0.044342,0.000000,0.044342,0.008868,None,1.557708,1.662877,3.146008,3.146008,0.011086,0.250000,0.250000,0.000000,0.033293,0.106659
610,6.770968,1,0.000000,0.000000,0.000000,0.044415,0.000000,0.044415,0.008883,None,0.805165,1.812677,3.146008,3.146008,0.011104,0.250000,0.250000,0.000000,0.033293,0.106659
610,6.770968,2,1.000000,1.000000,0.000000,0.000000,0.000000,0.000000,0.400000,Wall,-0.206021,-1.100827,8.806653,8.806653,0.000000,0.250000,0.250000,0.000000,0.033293,0.106659
610,6.770968,3,0.000000,0.000000,0.000000,0.044415,0.000000,0.044415,0.008883,None,2.896199,4.341731,8.806653,8.806653,0.011104,0.250000,0.250000,0.000000,0.033293,0.106659
620,6.881966,0,0.000000,0.000000,0.000000,0.044340,0.000000,0.044340,0.008868,None,1.551423,1.551423,3.143695,3.143695,0.011085,0.250000,0.250000,0.000000,0.033292,0.106658
620,6.881966,1,0.000000,0.000000,0.000000,0.044413,0.000000,0.044413,0.008883,None,0.750305,1.887956,3.143695,3.143695,0.011103,0.250000,0.250000,0.000000,0.033292,0.106658
620,6.881966,2,1.000000,1.000000,0.000000,0.000000,0.000000,0.000000,0.400000,Wall,-0.206021,-1.100827,8.715268,8.715268,0.000000,0.250000,0.250000,0.000000,0.033292,0.106658
620,6.881966,3,0.000000,0.000000,0.000000,0.044415,0.000000,0.044415,0.008883,None,2.856082,4.232217,8.715268,8.715268,0.011104,0.250000,0.250000,0.000000,0.033292,0.106658
630,6.992964,0,0.000000,0.000000,0.000000,0.044343,0.000000,0.044343,0.008869,None,1.440809,1.440809,3.149738,3.149738,0.011086,0.250000,0.250000,0.000000,0.033293,0.106659
630,6.992964,1,0.000000,0.000000,0.000000,0.044414,0.000000,0.044414,0.008883,None,0.700252,1.965270,3.149738,3.149738,0.011103,0.250000,0.250000,0.000000,0.033293,0.106659
630,6.992964,2,1.000000,1.000000,0.000000,0.000000,0.000000,0.000000,0.400000,Wall,-0.206021,-1.100827,8.625917,8.625917,0.000000,0.250000,0.250000,0.000000,0.033293,0.106659
630,6.992964,3,0.000000,0.000000,0.000000,0.044416,0.000000,0.044416,0.008883,None,2.817492,4.122010,8.625917,8.625917,0.011104,0.250000,0.250000,0.000000,0.033293,0.106659
640,7.103962,0,0.000000,0.000000,0.000000,0.044346,0.000000,0.044346,0.008869,None,1.331259,1.331259,3.163440,3.163440,0.011086,0.250000,0.250000,0.000000,0.033294,0.106659
640,7.103962,1,0.000000,0.000000,0.000000,0.044416,0.000000,0.044416,0.008883,None,0.654989,2.044629,3.163440,3.163440,0.011104,0.250000,0.250000,0.000000,0.033294,0.106659
640,7.103962,2,1.000000,1.000000,0.000000,0.000000,0.000000,0.000000,0.400000,Wall,-0.206021,-1.100827,8.538713,8.538713,0.000000,0.250000,0.250000,0.000000,0.033294,0.106659
640,7.103962,3,0.000000,0.000000,0.000000,0.044415,0.000000,0.044415,0.008883,None,2.780505,4.011056,8.538713,8.538713,0.011104,0.250000,0.250000,0.000000,0.033294,0.106659
650,7.214961,0,0.000000,0.000000,0.000000,0.044344,0.000000,0.044344,0.008869,None,1.222765,1.222765,3.185200,3.185200,0.011086,0.250000,0.250000,0.000000,0.033294,0.106659
650,7.214961,1,0.000000,0.000000,0.000000,0.044414,0.000000,0.044414,0.008883,None,0.615388,2.125695,3.185200,3.185200,0.011103,0.250000,0.250000,0.000000,0.033294,0.106659
650,7.214961,2,1.000000,1.000000,0.000000,0.000000,0.000000,0.000000,0.400000,Wall,-0.206021,-1.100827,8.453606,8.453606,0.000000,0.250000,0.250000,0.000000,0.033294,0.106659
650,7.214961,3,0.000000,0.000000,0.000000,0.044417,0.000000,0.044417,0.008883,None,2.745044,3.899266,8.453606,8.453606,0.011104,0.250000,0.250000,0.000000,0.033294,0.106659
660,7.325959,0,0.000000,0.000000,0.000000,0.015379,0.000000,0.015379,0.003076,None,1.211993,1.211993,3.157587,3.157587,0.003845,0.250000,0.250000,0.000000,0.026055,0.105211
660,7.325959,1,0.000000,0.000000,0.000000,0.044421,0.000000,0.044421,0.008884,None,0.591690,2.201854,3.157587,3.157587,0.011105,0.250000,0.250000,0.000000,0.026055,0.105211
660,7.325959,2,1.000000,1.000000,0.000000,0.000000,0.000000,0.000000,0.400000,Wall,-0.206021,-1.100827,8.370906,8.370906,0.000000,0.250000,0.250000,0.000000,0.026055,0.105211
660,7.325959,3,0.000000,0.000000,0.000000,0.044421,0.000000,0.044421,0.008884,None,2.711386,3.786783,8.370906,8.370906,0.011105,0.250000,0.250000,0.000000,0.026055,0.105211
670,7.436957,0,0.000000,0.000000,0.000000,0.035408,0.000000,0.035408,0.007082,None,1.103645,1.103645,3.241964,3.241964,0.008852,0.250000,0.250000,0.000000,0.025439,0.105088
670,7.436957,1,0.000000,0.000000,0.000000,0.044421,0.000000,0.044421,0.008884,None,0.594713,2.271367,3.241964,3.241964,0.011105,0.250000,0.250000,0.000000,0.025439,0.105088
670,7.436957,2,1.000000,1.000000,0.000000,0.000000,0.000000,0.000000,0.400000,Wall,-0.206021,-1.100827,8.338539,8.338539,0.000000,0.250000,0.250000,0.000000,0.025439,0.105088
670,7.436957,3,0.000000,0.000000,0.000000,0.021928,0.000000,0.021928,0.004386,None,2.720117,3.741568,8.338539,8.338539,0.005482,0.250000,0.250000,0.000000,0.025439,0.105088
680,7.547955,0,0.000000,0.000000,0.000000,0.041582,0.000000,0.041582,0.008316,None,0.996967,0.996967,3.358857,3.358857,0.010396,0.250000,0.250000,0.000000,0.023189,0.104638
680,7.547955,1,0.000000,0.000000,0.000000,0.044413,0.000000,0.044413,0.008883,None,0.622057,2.336880,3.358857,3.358857,0.011103,0.250000,0.250000,0.000000,0.023189,0.104638
680,7.547955,2,1.000000,1.000000,0.000000,0.000000,0.000000,0.000000,0.400000,Wall,-0.206021,-1.100827,8.338539,8.338539,0.000000,0.250000,0.250000,0.000000,0.023189,0.104638
680,7.547955,3,0.000000,0.000000,0.000000,0.006761,0.000000,0.006761,0.001352,None,2.734697,3.741568,8.338539,8.338539,0.001690,0.250000,0.250000,0.000000,0.023189,0.104638
690,7.658953,0,0.000000,0.000000,0.000000,0.043487,0.000000,0.043487,0.008697,None,0.892059,0.892059,3.494689,3.494689,0.010872,0.250000,0.250000,0.000000,0.023729,0.104746
690,7.658953,1,0.000000,0.000000,0.000000,0.044419,0.000000,0.044419,0.008884,None,0.666790,2.399565,3.494689,3.494689,0.011105,0.250000,0.250000,0.000000,0.023729,0.104746
690,7.658953,2,1.000000,1.000000,0.000000,0.004923,0.000000,0.004923,0.400985,Wall,-0.175776,-1.032267,8.281377,8.281377,0.001231,0.250000,0.250000,0.000000,0.023729,0.104746
690,7.658953,3,0.000000,0.000000,0.000000,0.002085,0.000000,0.002085,0.000417,None,2.738898,3.741568,8.281377,8.281377,0.000521,0.250000,0.250000,0.000000,0.023729,0.104746
700,7.769951,0,0.000000,0.000000,0.000000,0.044072,0.000000,0.044072,0.008814,None,0.788524,0.788524,3.627847,3.627847,0.011018,0.000000,0.063714,0.000000,0.030338,0.006068
700,7.769951,1,0.000000,0.000000,0.000000,0.044411,0.000000,0.044411,0.008882,None,0.726354,2.459778,3.627847,3.627847,0.011103,0.000000,0.063714,0.000000,0.030338,0.006068
700,7.769951,2,0.000000,0.254855,0.000000,0.032225,0.000000,0.032225,0.006445,None,0.372573,0.372573,7.058003,7.058003,0.008056,0.000000,0.063714,0.000000,0.030338,0.006068
700,7.769951,3,0.000000,0.000000,0.000000,0.000643,0.000000,0.000643,0.000129,None,2.727283,3.741568,7.058003,7.058003,0.000161,0.000000,0.063714,0.000000,0.030338,0.006068
710,7.880949,0,0.000000,0.000000,0.000000,0.044254,0.000000,0.044254,0.008851,None,0.686418,0.686418,3.730396,3.730396,0.011064,0.000000,0.000000,0.000000,0.032378,0.006476
710,7.880949,1,0.000000,0.000000,0.000000,0.044413,0.000000,0.044413,0.008883,None,0.799483,2.517625,3.730396,3.730396,0.011103,0.000000,0.000000,0.000000,0.032378,0.006476
710,7.880949,2,0.000000,0.000000,0.000000,0.040646,0.000000,0.040646,0.008129,None,0.637751,0.637751,6.416360,6.416360,0.010162,0.000000,0.000000,0.000000,0.032378,0.006476
710,7.880949,3,0.000000,0.000000,0.000000,0.000198,0.000000,0.000198,0.000040,None,2.707118,3.741568,6.416360,6.416360,0.000050,0.000000,0.000000,0.000000,0.032378,0.006476
720,7.991948,0,0.000000,0.000000,0.000000,0.044312,0.000000,0.044312,0.008862,None,0.585655,0.585655,3.834060,3.834060,0.011078,0.000000,0.000000,0.000000,0.034840,0.006968
720,7.991948,1,0.000000,0.000000,0.000000,0.024664,0.000000,0.024664,0.004933,None,0.886518,2.545649,3.834060,3.834060,0.006166,0.000000,0.000000,0.000000,0.034840,0.006968
720,7.991948,2,0.000000,0.000000,0.000000,0.043245,0.000000,0.043245,0.008649,None,0.797572,0.797572,6.292113,6.292113,0.010811,0.000000,0.000000,0.000000,0.034840,0.006968
720,7.991948,3,0.000000,0.000000,0.000000,0.027142,0.000000,0.027142,0.005428,None,2.733355,3.592506,6.292113,6.292113,0.006785,0.000000,0.000000,0.000000,0.034840,0.006968
730,8.102946,0,0.000000,0.027321,0.000000,0.044332,0.000000,0.044332,0.008866,None,0.486340,0.486340,3.929578,3.929578,0.011083,0.000000,0.006830,0.000000,0.033765,0.006753
730,8.102946,1,0.000000,0.000000,0.000000,0.007604,0.000000,0.007604,0.001521,None,0.955393,2.545649,3.929578,3.929578,0.001901,0.000000,0.006830,0.000000,0.033765,0.006753
730,8.102946,2,0.000000,0.000000,0.000000,0.044038,0.000000,0.044038,0.008808,None,0.921973,0.921973,6.323034,6.323034,0.011009,0.000000,0.006830,0.000000,0.033765,0.006753
730,8.102946,3,0.000000,0.000000,0.000000,0.039084,0.000000,0.039084,0.007817,None,2.787502,3.419672,6.323034,6.323034,0.009771,0.000000,0.006830,0.000000,0.033765,0.006753
740,8.213944,0,0.000000,0.222458,0.000000,0.044336,0.000000,0.044336,0.008867,None,0.388771,0.388771,4.006655,4.006655,0.011084,0.000000,0.055614,0.000000,0.033433,0.006687
740,8.213944,1,0.000000,0.000000,0.000000,0.002344,0.000000,0.002344,0.000469,None,1.013958,2.545649,4.006655,4.006655,0.000586,0.000000,0.055614,0.000000,0.033433,0.006687
740,8.213944,2,0.000000,0.000000,0.000000,0.044290,0.000000,0.044290,0.008858,None,1.036354,1.036354,6.328557,6.328557,0.011072,0.000000,0.055614,0.000000,0.033433,0.006687
740,8.213944,3,0.000000,0.000000,0.000000,0.042761,0.000000,0.042761,0.008552,None,2.801935,3.282650,6.328557,6.328557,0.010690,0.000000,0.055614,0.000000,0.033433,0.006687
750,8.324943,0,0.162944,0.414061,0.000000,0.044336,0.000000,0.044336,0.074045,Wall,0.292970,0.292970,4.087050,4.087050,0.011084,0.040736,0.103515,0.000000,0.033330,0.022960
750,8.324943,1,0.000000,0.000000,0.000000,0.000722,0.000000,0.000722,0.000144,None,1.070569,2.545649,4.087050,4.087050,0.000181,0.040736,0.103515,0.000000,0.033330,0.022960
750,8.324943,2,0.000000,0.000000,0.000000,0.044367,0.000000,0.044367,0.008873,None,1.148175,1.148175,6.319795,6.319795,0.011092,0.040736,0.103515,0.000000,0.033330,0.022960
750,8.324943,3,0.000000,0.000000,0.000000,0.043897,0.000000,0.043897,0.008779,None,2.799408,3.160884,6.319795,6.319795,0.010974,0.040736,0.103515,0.000000,0.033330,0.022960
760,8.435941,0,0.431880,0.602316,0.000000,0.044336,0.000000,0.044336,0.181619,Wall,0.198842,0.198842,4.170652,4.170652,0.011084,0.107970,0.150579,0.000000,0.033301,0.049848
760,8.435941,1,0.000000,0.000000,0.000000,0.000223,0.000000,0.000223,0.000045,None,1.127611,2.545649,4.170652,4.170652,0.000056,0.107970,0.150579,0.000000,0.033301,0.049848
760,8.435941,2,0.000000,0.000000,0.000000,0.044391,0.000000,0.044391,0.008878,None,1.259366,1.259366,6.312726,6.312726,0.011098,0.107970,0.150579,0.000000,0.033301,0.049848
760,8.435941,3,0.000000,0.000000,0.000000,0.044254,0.000000,0.044254,0.008851,None,2.794877,3.043941,6.312726,6.312726,0.011063,0.107970,0.150579,0.000000,0.033301,0.049848
770,8.546939,0,0.695358,0.786751,0.000000,0.044336,0.000000,0.044336,0.287010,Wall,0.106625,0.106625,4.257128,4.257128,0.011084,0.173840,0.196688,0.000000,0.033292,0.076194
770,8.546939,1,0.000000,0.000000,0.000000,0.000070,0.000000,0.000070,0.000014,None,1.185655,2.545649,4.257128,4.257128,0.000017,0.173840,0.196688,0.000000,0.033292,0.076194
770,8.546939,2,0.000000,0.000000,0.000000,0.044400,0.000000,0.044400,0.008880,None,1.370409,1.370409,6.313776,6.313776,0.011100,0.173840,0.196688,0.000000,0.033292,0.076194
770,8.546939,3,0.000000,0.000000,0.000000,0.044361,0.000000,0.044361,0.008872,None,2.794024,2.928731,6.313776,6.313776,0.011090,0.173840,0.196688,0.000000,0.033292,0.076194
780,8.657937,0,0.799382,0.859568,0.000000,0.021886,0.000000,0.021886,0.324130,Wall,0.070216,0.070216,4.292500,4.292500,0.005472,0.199846,0.214892,0.000000,0.027674,0.085473
780,8.657937,1,0.000000,0.000000,0.000000,0.000021,0.000000,0.000021,0.000004,None,1.233121,2.545649,4.292500,4.292500,0.000005,0.199846,0.214892,0.000000,0.027674,0.085473
780,8.657937,2,0.000000,0.000000,0.000000,0.044399,0.000000,0.044399,0.008880,None,1.481346,1.481346,6.324568,6.324568,0.011100,0.199846,0.214892,0.000000,0.027674,0.085473
780,8.657937,3,0.000000,0.000000,0.000000,0.044391,0.000000,0.044391,0.008878,None,2.798555,2.814278,6.324568,6.324568,0.011098,0.199846,0.214892,0.000000,0.027674,0.085473
790,8.768935,0,0.799382,0.859568,0.000000,0.006747,0.000000,0.006747,0.321102,Wall,0.070216,0.070216,4.272847,4.272847,0.001687,0.199846,0.214892,0.000000,0.026216,0.085181
790,8.768935,1,0.000000,0.000000,0.000000,0.009324,0.000000,0.009324,0.001865,None,1.213754,2.567650,4.272847,4.272847,0.002331,0.199846,0.214892,0.000000,0.026216,0.085181
790,8.768935,2,0.000000,0.000000,0.000000,0.044391,0.000000,0.044391,0.008878,None,1.592253,1.592253,6.345920,6.345920,0.011098,0.199846,0.214892,0.000000,0.026216,0.085181
790,8.768935,3,0.000000,0.000000,0.000000,0.044400,0.000000,0.044400,0.008880,None,2.700461,2.700461,6.345920,6.345920,0.011100,0.199846,0.214892,0.000000,0.026216,0.085181
800,8.879933,0,0.799382,0.859568,0.000000,0.002081,0.000000,0.002081,0.320169,Wall,0.070216,0.070216,4.137197,4.137197,0.000520,0.199846,0.214892,0.000000,0.031118,0.086162
800,8.879933,1,0.000000,0.000000,0.000000,0.033600,0.000000,0.033600,0.006720,None,0.954868,2.694810,4.137197,4.137197,0.008400,0.199846,0.214892,0.000000,0.031118,0.086162
800,8.879933,2,0.000000,0.000000,0.000000,0.044385,0.000000,0.044385,0.008877,None,1.703056,1.703056,6.378120,6.378120,0.011096,0.199846,0.214892,0.000000,0.031118,0.086162
800,8.879933,3,0.000000,0.000000,0.000000,0.044406,0.000000,0.044406,0.008881,None,2.587115,2.587115,6.378120,6.378120,0.011101,0.199846,0.214892,0.000000,0.031118,0.086162
810,8.990932,0,0.831311,0.881918,0.000000,0.005557,0.000000,0.005557,0.333636,Wall,0.059041,0.059041,4.053739,4.053739,0.001389,0.207828,0.220480,0.000000,0.033858,0.089903
810,8.990932,1,0.000000,0.000000,0.000000,0.041088,0.000000,0.041088,0.008218,None,0.844195,2.798608,4.053739,4.053739,0.010272,0.207828,0.220480,0.000000,0.033858,0.089903
810,8.990932,2,0.000000,0.000000,0.000000,0.044384,0.000000,0.044384,0.008877,None,1.813910,1.813910,6.421166,6.421166,0.011096,0.207828,0.220480,0.000000,0.033858,0.089903
810,8.990932,3,0.000000,0.000000,0.000000,0.044405,0.000000,0.044405,0.008881,None,2.474301,2.474301,6.421166,6.421166,0.011101,0.207828,0.220480,0.000000,0.033858,0.089903
820,9.101930,0,1.000000,1.000000,0.000000,0.032413,0.000000,0.032413,0.406483,Wall,-0.073617,-0.073617,4.071160,4.071160,0.008103,0.250000,0.250000,0.000000,0.041153,0.108231
820,9.101930,1,0.000000,0.000000,0.000000,0.043396,0.000000,0.043396,0.008679,None,0.859290,2.885907,4.071160,4.071160,0.010849,0.250000,0.250000,0.000000,0.041153,0.108231
820,9.101930,2,0.000000,0.000000,0.000000,0.044394,0.000000,0.044394,0.008879,None,1.924770,1.924770,6.475166,6.475166,0.011099,0.250000,0.250000,0.000000,0.041153,0.108231
820,9.101930,3,0.000000,0.000000,0.000000,0.044408,0.000000,0.044408,0.008882,None,2.361970,2.361970,6.475166,6.475166,0.011102,0.250000,0.250000,0.000000,0.041153,0.108231
830,9.212928,0,1.000000,1.000000,0.000000,0.040680,0.000000,0.040680,0.408136,Wall,-0.189138,-0.189138,4.120458,4.120458,0.010170,0.250000,0.250000,0.000000,0.043398,0.108680
830,9.212928,1,0.000000,0.000000,0.000000,0.044109,0.000000,0.044109,0.008822,None,0.931919,2.966601,4.120458,4.120458,0.011027,0.250000,0.250000,0.000000,0.043398,0.108680
830,9.212928,2,0.000000,0.000000,0.000000,0.044391,0.000000,0.044391,0.008878,None,2.035588,2.035588,6.539673,6.539673,0.011098,0.250000,0.250000,0.000000,0.043398,0.108680
830,9.212928,3,0.000000,0.000000,0.000000,0.044411,0.000000,0.044411,0.008882,None,2.250512,2.250512,6.539673,6.539673,0.011103,0.250000,0.250000,0.000000,0.043398,0.108680
840,9.323926,0,1.000000,1.000000,0.000000,0.043230,0.000000,0.043230,0.408646,Wall,-0.290003,-0.290003,4.194542,4.194542,0.010808,0.250000,0.250000,0.000000,0.042856,0.108571
840,9.323926,1,0.000000,0.000000,0.000000,0.044323,0.000000,0.044323,0.008865,None,1.027838,3.044065,4.194542,4.194542,0.011081,0.250000,0.250000,0.000000,0.042856,0.108571
840,9.323926,2,0.000000,0.000000,0.000000,0.039462,0.000000,0.039462,0.007892,None,2.135204,2.135204,6.611338,6.611338,0.009866,0.250000,0.250000,0.000000,0.042856,0.108571
840,9.323926,3,0.000000,0.000000,0.000000,0.044410,0.000000,0.044410,0.008882,None,2.139767,2.139767,6.611338,6.611338,0.011102,0.250000,0.250000,0.000000,0.042856,0.108571
850,9.434924,0,1.000000,1.000000,0.000000,0.044018,0.000000,0.044018,0.408804,Wall,-0.385119,-0.385119,4.282703,4.282703,0.011005,0.250000,0.250000,0.000000,0.041185,0.108237
850,9.434924,1,0.000000,0.000000,0.000000,0.044391,0.000000,0.044391,0.008878,None,1.135970,3.119253,4.282703,4.282703,0.011098,0.250000,0.250000,0.000000,0.041185,0.108237
850,9.434924,2,0.000000,0.000000,0.000000,0.031919,0.000000,0.031919,0.006384,None,2.190625,2.190625,6.677912,6.677912,0.007980,0.250000,0.250000,0.000000,0.041185,0.108237
850,9.434924,3,0.000000,0.000000,0.000000,0.044412,0.000000,0.044412,0.008882,None,2.029767,2.029767,6.677912,6.677912,0.011103,0.250000,0.250000,0.000000,0.041185,0.108237
860,9.545922,0,1.000000,1.000000,0.000000,0.044254,0.000000,0.044254,0.408851,Wall,-0.477165,-0.477165,4.368672,4.368672,0.011063,0.250000,0.250000,0.000000,0.043412,0.108682
860,9.545922,1,0.000000,0.000000,0.000000,0.044413,0.000000,0.044413,0.008883,None,1.252907,3.192258,4.368672,4.368672,0.011103,0.250000,0.250000,0.000000,0.043412,0.108682
860,9.545922,2,0.000000,0.000000,0.000000,0.040565,0.000000,0.040565,0.008113,None,2.301366,2.301366,6.769846,6.769846,0.010141,0.250000,0.250000,0.000000,0.043412,0.108682
860,9.545922,3,0.000000,0.000000,0.000000,0.044416,0.000000,0.044416,0.008883,None,1.920548,1.920548,6.769846,6.769846,0.011104,0.250000,0.250000,0.000000,0.043412,0.108682
870,9.656920,0,1.000000,1.000000,0.000000,0.044337,0.000000,0.044337,0.408867,Wall,-0.432820,-0.567180,4.458805,4.458805,0.011084,0.250000,0.250000,0.000000,0.044098,0.108820
870,9.656920,1,0.000000,0.000000,0.000000,0.044420,0.000000,0.044420,0.008884,None,1.376291,3.263210,4.458805,4.458805,0.011105,0.250000,0.250000,0.000000,0.044098,0.108820
870,9.656920,2,0.000000,0.000000,0.000000,0.043222,0.000000,0.043222,0.008644,None,2.411915,2.411915,6.871435,6.871435,0.010805,0.250000,0.250000,0.000000,0.044098,0.108820
870,9.656920,3,0.000000,0.000000,0.000000,0.044412,0.000000,0.044412,0.008882,None,1.812449,1.812449,6.871435,6.871435,0.011103,0.250000,0.250000,0.000000,0.044098,0.108820
880,9.767919,0,1.000000,1.000000,0.000000,0.044357,0.000000,0.044357,0.408871,Wall,-0.344855,-0.655145,4.558517,4.558517,0.011089,0.250000,0.250000,0.000000,0.044309,0.108862
880,9.767919,1,0.000000,0.000000,0.000000,0.044417,0.000000,0.044417,0.008883,None,1.505187,3.331978,4.558517,4.558517,0.011104,0.250000,0.250000,0.000000,0.044309,0.108862
880,9.767919,2,0.000000,0.000000,0.000000,0.044049,0.000000,0.044049,0.008810,None,2.522465,2.522465,6.979873,6.979873,0.011012,0.250000,0.250000,0.000000,0.044309,0.108862
880,9.767919,3,0.000000,0.000000,0.000000,0.044412,0.000000,0.044412,0.008882,None,1.705326,1.705326,6.979873,6.979873,0.011103,0.250000,0.250000,0.000000,0.044309,0.108862
890,9.878917,0,1.000000,1.000000,0.000000,0.044364,0.000000,0.044364,0.408873,Wall,-0.259237,-0.740763,4.667158,4.667158,0.011091,0.250000,0.250000,0.000000,0.044377,0.108876
890,9.878917,1,0.000000,0.000000,0.000000,0.044421,0.000000,0.044421,0.008884,None,1.638391,3.398587,4.667158,4.667158,0.011105,0.250000,0.250000,0.000000,0.044377,0.108876
890,9.878917,2,0.000000,0.000000,0.000000,0.044304,0.000000,0.044304,0.008861,None,2.632891,2.632891,7.095485,7.095485,0.011076,0.250000,0.250000,0.000000,0.044377,0.108876
890,9.878917,3,0.000000,0.000000,0.000000,0.044420,0.000000,0.044420,0.008884,None,1.598971,1.598971,7.095485,7.095485,0.011105,0.250000,0.250000,0.000000,0.044377,0.108876
900,9.989915,0,1.000000,1.000000,0.000000,0.044365,0.000000,0.044365,0.408873,Wall,-0.231309,-0.823757,4.784032,4.784032,0.011091,0.250000,0.250000,0.000000,0.044392,0.108878
900,9.989915,1,0.000000,0.000000,0.000000,0.044417,0.000000,0.044417,0.008883,None,1.775035,3.462951,4.784032,4.784032,0.011104,0.250000,0.250000,0.000000,0.044392,0.108878
900,9.989915,2,0.000000,0.000000,0.000000,0.044373,0.000000,0.044373,0.008875,None,2.743223,2.743223,7.180513,7.180513,0.011093,0.250000,0.250000,0.000000,0.044392,0.108878
900,9.989915,3,0.000000,0.000000,0.000000,0.044413,0.000000,0.044413,0.008883,None,1.493974,1.493974,7.180513,7.180513,0.011103,0.250000,0.250000,0.000000,0.044392,0.108878
910,10.100910,0,1.000000,1.000000,0.000000,0.044374,0.000000,0.044374,0.408875,Wall,-0.318048,-0.904729,4.908566,4.908566,0.011093,0.250000,0.250000,0.000000,0.044405,0.108881
910,10.100910,1,0.000000,0.000000,0.000000,0.044426,0.000000,0.044426,0.008885,None,1.914010,3.525122,4.908566,4.908566,0.011107,0.250000,0.250000,0.000000,0.044405,0.108881
910,10.100910,2,0.000000,0.000000,0.000000,0.044407,0.000000,0.044407,0.008881,None,2.853590,2.853590,7.272392,7.272392,0.011102,0.250000,0.250000,0.000000,0.044405,0.108881
910,10.100910,3,0.000000,0.000000,0.000000,0.044414,0.000000,0.044414,0.008883,None,1.390141,1.390141,7.272392,7.272392,0.011104,0.250000,0.250000,0.000000,0.044405,0.108881
920,10.211910,0,1.000000,1.000000,0.000000,0.044371,0.000000,0.044371,0.408874,Wall,-0.317531,-0.982950,5.040064,5.040064,0.011093,0.250000,0.250000,0.000000,0.044407,0.108882
920,10.211910,1,0.000000,0.000000,0.000000,0.044420,0.000000,0.044420,0.008884,None,2.054642,3.584977,5.040064,5.040064,0.011105,0.250000,0.250000,0.000000,0.044407,0.108882
920,10.211910,2,0.000000,0.000000,0.000000,0.044423,0.000000,0.044423,0.008885,None,2.964048,2.964048,7.333287,7.333287,0.011106,0.250000,0.250000,0.000000,0.044407,0.108882
920,10.211910,3,0.000000,0.000000,0.000000,0.044415,0.000000,0.044415,0.008883,None,1.287499,1.287499,7.333287,7.333287,0.011104,0.250000,0.250000,0.000000,0.044407,0.108882
930,10.322910,0,1.000000,1.000000,0.000000,0.044368,0.000000,0.044368,0.408874,Wall,-0.235385,-1.058515,5.177806,5.177806,0.011092,0.250000,0.250000,0.000000,0.041320,0.108264
930,10.322910,1,0.000000,0.000000,0.000000,0.044419,0.000000,0.044419,0.008884,None,2.196033,3.642603,5.177806,5.177806,0.011105,0.250000,0.250000,0.000000,0.041320,0.108264
930,10.322910,2,0.000000,0.000000,0.000000,0.044423,0.000000,0.044423,0.008885,None,3.074515,3.074515,7.375950,7.375950,0.011106,0.250000,0.250000,0.000000,0.041320,0.108264
930,10.322910,3,0.000000,0.000000,0.000000,0.032072,0.000000,0.032072,0.006414,None,1.236435,1.236435,7.375950,7.375950,0.008018,0.250000,0.250000,0.000000,0.041320,0.108264
940,10.433910,0,1.000000,1.000000,0.000000,0.044370,0.000000,0.044370,0.408874,Wall,-0.155530,-1.131437,5.321316,5.321316,0.011092,0.250000,0.250000,0.000000,0.043454,0.108691
940,10.433910,1,0.000000,0.000000,0.000000,0.044425,0.000000,0.044425,0.008885,None,2.337854,3.697939,5.321316,5.321316,0.011106,0.250000,0.250000,0.000000,0.043454,0.108691
940,10.433910,2,0.000000,0.000000,0.000000,0.044425,0.000000,0.044425,0.008885,None,3.185015,3.185015,7.446872,7.446872,0.011106,0.250000,0.250000,0.000000,0.043454,0.108691
940,10.433910,3,0.000000,0.000000,0.000000,0.040596,0.000000,0.040596,0.008119,None,1.135831,1.135831,7.446872,7.446872,0.010149,0.250000,0.250000,0.000000,0.043454,0.108691
950,10.544910,0,1.000000,1.000000,0.000000,0.044368,0.000000,0.044368,0.408874,Wall,-0.102227,-1.201532,5.469985,5.469985,0.011092,0.250000,0.250000,0.000000,0.044110,0.108822
950,10.544910,1,0.000000,0.000000,0.000000,0.044422,0.000000,0.044422,0.008884,None,2.479639,3.750897,5.469985,5.469985,0.011105,0.250000,0.250000,0.000000,0.044110,0.108822
950,10.544910,2,0.000000,0.000000,0.000000,0.044419,0.000000,0.044419,0.008884,None,3.295541,3.295541,7.525603,7.525603,0.011105,0.250000,0.250000,0.000000,0.044110,0.108822
950,10.544910,3,0.000000,0.000000,0.000000,0.043229,0.000000,0.043229,0.008646,None,1.037059,1.037059,7.525603,7.525603,0.010807,0.250000,0.250000,0.000000,0.044110,0.108822
960,10.655900,0,1.000000,1.000000,0.000000,0.044367,0.000000,0.044367,0.408874,Wall,-0.184924,-1.269023,5.623376,5.623376,0.011092,0.250000,0.250000,0.000000,0.044310,0.108862
960,10.655900,1,0.000000,0.000000,0.000000,0.044421,0.000000,0.044421,0.008884,None,2.620951,3.801489,5.623376,5.623376,0.011105,0.250000,0.250000,0.000000,0.044310,0.108862
960,10.655900,2,0.000000,0.000000,0.000000,0.044413,0.000000,0.044413,0.008883,None,3.404998,3.404998,7.599469,7.599469,0.011103,0.250000,0.250000,0.000000,0.044310,0.108862
960,10.655900,3,0.000000,0.000000,0.000000,0.044040,0.000000,0.044040,0.008808,None,0.939655,0.939655,7.599469,7.599469,0.011010,0.250000,0.250000,0.000000,0.044310,0.108862
970,10.766900,0,1.000000,1.000000,0.000000,0.044368,0.000000,0.044368,0.408874,Wall,-0.214596,-1.333522,5.780859,5.780859,0.011092,0.250000,0.250000,0.000000,0.044374,0.108875
970,10.766900,1,0.000000,0.000000,0.000000,0.044420,0.000000,0.044420,0.008884,None,2.741213,3.849783,5.780859,5.780859,0.011105,0.250000,0.250000,0.000000,0.044374,0.108875
970,10.766900,2,0.000000,0.000000,0.000000,0.044417,0.000000,0.044417,0.008883,None,3.411555,3.411555,7.674788,7.674788,0.011104,0.250000,0.250000,0.000000,0.044374,0.108875
970,10.766900,3,0.000000,0.000000,0.000000,0.044290,0.000000,0.044290,0.008858,None,0.843947,0.843947,7.674788,7.674788,0.011073,0.250000,0.250000,0.000000,0.044374,0.108875
980,10.877900,0,1.000000,1.000000,0.000000,0.019471,0.000000,0.019471,0.403894,Wall,-0.190919,-1.352230,5.864244,5.864244,0.004868,0.250000,0.250000,0.000000,0.038170,0.107634
980,10.877900,1,0.000000,0.000000,0.000000,0.044424,0.000000,0.044424,0.008885,None,2.820024,3.895708,5.864244,5.864244,0.011106,0.250000,0.250000,0.000000,0.038170,0.107634
980,10.877900,2,0.000000,0.000000,0.000000,0.044414,0.000000,0.044414,0.008883,None,3.426281,3.426281,7.754499,7.754499,0.011104,0.250000,0.250000,0.000000,0.038170,0.107634
980,10.877900,3,0.000000,0.000000,0.000000,0.044370,0.000000,0.044370,0.008874,None,0.749674,0.749674,7.754499,7.754499,0.011093,0.250000,0.250000,0.000000,0.038170,0.107634
990,10.988900,0,1.000000,1.000000,0.000000,0.006003,0.000000,0.006003,0.401201,Wall,-0.190919,-1.352230,5.918097,5.918097,0.001501,0.250000,0.250000,0.000000,0.034807,0.106961
990,10.988900,1,0.000000,0.000000,0.000000,0.044421,0.000000,0.044421,0.008884,None,2.868304,3.939193,5.918097,5.918097,0.011105,0.250000,0.250000,0.000000,0.034807,0.106961
990,10.988900,2,0.000000,0.000000,0.000000,0.044410,0.000000,0.044410,0.008882,None,3.448831,3.448831,7.769114,7.769114,0.011103,0.250000,0.250000,0.000000,0.034807,0.106961
990,10.988900,3,0.000000,0.000000,0.000000,0.044394,0.000000,0.044394,0.008879,None,0.657156,0.657156,7.838172,7.838172,0.011098,0.250000,0.250000,0.000000,0.034807,0.106961
1000,11.099900,0,1.000000,1.000000,0.000000,0.001850,0.000000,0.001850,0.400370,Wall,-0.190919,-1.352230,5.975674,5.975674,0.000462,0.250000,0.250000,0.000000,0.033768,0.106754
1000,11.099900,1,0.000000,0.000000,0.000000,0.044424,0.000000,0.044424,0.008885,None,2.908873,3.980313,5.975674,5.975674,0.011106,0.250000,0.250000,0.000000,0.033768,0.106754
1000,11.099900,2,0.000000,0.000000,0.000000,0.044401,0.000000,0.044401,0.008880,None,3.477493,3.477493,7.540311,7.540311,0.011100,0.250000,0.250000,0.000000,0.033768,0.106754
1000,11.099900,3,0.000000,0.000000,0.000000,0.044399,0.000000,0.044399,0.008880,None,0.566764,0.566764,7.925830,7.925830,0.011100,0.250000,0.250000,0.000000,0.033768,0.106754
1010,11.210890,0,1.000000,1.000000,0.000000,0.000573,0.000000,0.000573,0.400115,Wall,-0.190919,-1.352230,6.036781,6.036781,0.000143,0.250000,0.260959,0.000000,0.033448,0.106690
1010,11.210890,1,0.000000,0.000000,0.000000,0.044415,0.000000,0.044415,0.008883,None,2.948105,4.019017,6.036781,6.036781,0.011104,0.250000,0.260959,0.000000,0.033448,0.106690
1010,11.210890,2,0.000000,0.000000,0.000000,0.044399,0.000000,0.044399,0.008880,None,3.510306,3.510306,7.311444,7.311444,0.011100,0.250000,0.260959,0.000000,0.033448,0.106690
1010,11.210890,3,0.000000,0.043835,0.000000,0.044404,0.000000,0.044404,0.008881,None,0.478083,0.478083,8.017471,8.017471,0.011101,0.250000,0.260959,0.000000,0.033448,0.106690
1020,11.321890,0,1.000000,1.000000,0.000000,0.000176,0.000000,0.000176,0.400035,Wall,-0.190919,-1.352230,6.101433,6.101433,0.000044,0.250000,0.304287,0.000000,0.033355,0.106671
1020,11.321890,1,0.000000,0.000000,0.000000,0.044428,0.000000,0.044428,0.008886,None,2.988059,4.055329,6.101433,6.101433,0.011107,0.250000,0.304287,0.000000,0.033355,0.106671
1020,11.321890,2,0.000000,0.000000,0.000000,0.044407,0.000000,0.044407,0.008881,None,3.461619,3.546036,7.081830,7.081830,0.011102,0.250000,0.304287,0.000000,0.033355,0.106671
1020,11.321890,3,0.000000,0.217150,0.000000,0.044407,0.000000,0.044407,0.008881,None,0.391425,0.391425,8.113164,8.113164,0.011102,0.250000,0.304287,0.000000,0.033355,0.106671
1030,11.432890,0,1.000000,1.000000,0.000000,0.000053,0.000000,0.000053,0.400011,Wall,-0.190919,-1.352230,6.169327,6.169327,0.000013,0.280795,0.346557,0.000000,0.033320,0.118982
1030,11.432890,1,0.000000,0.000000,0.000000,0.044415,0.000000,0.044415,0.008883,None,3.029121,4.089104,6.169327,6.169327,0.011104,0.280795,0.346557,0.000000,0.033320,0.118982
1030,11.432890,2,0.000000,0.000000,0.000000,0.044410,0.000000,0.044410,0.008882,None,3.355255,3.584050,6.852942,6.852942,0.011102,0.280795,0.346557,0.000000,0.033320,0.118982
1030,11.432890,3,0.123181,0.386227,0.000000,0.044402,0.000000,0.044402,0.058153,Mixed,0.306887,0.306887,8.212678,8.212678,0.011101,0.280795,0.346557,0.000000,0.033320,0.118982
1040,11.543890,0,1.000000,1.000000,0.000000,0.000019,0.000000,0.000019,0.400004,Wall,-0.190919,-1.352230,6.218790,6.218790,0.000005,0.339671,0.387770,0.000000,0.030012,0.141871
1040,11.543890,1,0.000000,0.000000,0.000000,0.031210,0.000000,0.031210,0.006242,None,3.052724,4.111313,6.218790,6.218790,0.007803,0.339671,0.387770,0.000000,0.030012,0.141871
1040,11.543890,2,0.000000,0.000000,0.000000,0.044413,0.000000,0.044413,0.008883,None,3.252231,3.624293,6.659031,6.659031,0.011103,0.339671,0.387770,0.000000,0.030012,0.141871
1040,11.543890,3,0.358684,0.551079,0.000000,0.044406,0.000000,0.044406,0.152355,Wall,0.224461,0.224461,8.315814,8.315814,0.011101,0.339671,0.387770,0.000000,0.030012,0.141871
1050,11.654890,0,1.000000,1.000000,0.000000,0.000005,0.000000,0.000005,0.400001,Wall,-0.190919,-1.352230,6.218790,6.218790,0.000001,0.396927,0.427849,0.000000,0.024612,0.163693
1050,11.654890,1,0.000000,0.000000,0.000000,0.009622,0.000000,0.009622,0.001924,None,3.042741,4.111313,6.218790,6.218790,0.002405,0.396927,0.427849,0.000000,0.024612,0.163693
1050,11.654890,2,0.000000,0.000000,0.000000,0.044413,0.000000,0.044413,0.008883,None,3.178490,3.666677,6.547650,6.547650,0.011103,0.396927,0.427849,0.000000,0.024612,0.163693
1050,11.654890,3,0.587708,0.711395,0.000000,0.044409,0.000000,0.044409,0.243965,Wall,0.144302,0.144302,8.422257,8.422257,0.011102,0.396927,0.427849,0.000000,0.024612,0.163693
1060,11.765890,0,1.000000,1.000000,0.000000,0.000001,0.000000,0.000001,0.400000,Wall,-0.190919,-1.352230,6.270106,6.270106,0.000000,0.452448,0.466713,0.000000,0.028567,0.186693
1060,11.765890,1,0.000000,0.000000,0.000000,0.025449,0.000000,0.025449,0.005090,None,3.083110,4.119852,6.270106,6.270106,0.006362,0.452448,0.466713,0.000000,0.028567,0.186693
1060,11.765890,2,0.000000,0.000000,0.000000,0.044409,0.000000,0.044409,0.008882,None,3.109265,3.711222,6.355612,6.355612,0.011102,0.452448,0.466713,0.000000,0.028567,0.186693
1060,11.765890,3,0.809791,0.866854,0.000000,0.044410,0.000000,0.044410,0.332798,Wall,0.066573,0.066573,8.531655,8.531655,0.011103,0.452448,0.466713,0.000000,0.028567,0.186693
1070,11.876880,0,1.000000,1.000000,0.000000,0.000000,0.000000,0.000000,0.400000,Wall,-0.190919,-1.352230,6.359466,6.359466,0.000000,0.500000,0.500000,0.000000,0.031847,0.206370
1070,11.876880,1,0.000000,0.000000,0.000000,0.038566,0.000000,0.038566,0.007713,None,3.086897,4.124573,6.108757,6.108757,0.009642,0.500000,0.500000,0.000000,0.031847,0.206370
1070,11.876880,2,0.000000,0.000000,0.000000,0.044416,0.000000,0.044416,0.008883,None,3.016182,3.757969,6.108757,6.108757,0.011104,0.500000,0.500000,0.000000,0.031847,0.206370
1070,11.876880,3,1.000000,1.000000,0.000000,0.044408,0.000000,0.044408,0.408882,Wall,-0.008768,-0.008768,8.643759,8.643759,0.011102,0.500000,0.500000,0.000000,0.031847,0.206370
1080,11.987880,0,1.000000,1.000000,0.000000,0.000000,0.000000,0.000000,0.400000,Wall,-0.190919,-1.352230,6.447237,6.447237,0.000000,0.500000,0.500000,0.000000,0.032859,0.206572
1080,11.987880,1,0.000000,0.000000,0.000000,0.042610,0.000000,0.042610,0.008522,None,2.956799,4.104728,5.874330,5.874330,0.010652,0.500000,0.500000,0.000000,0.032859,0.206572
1080,11.987880,2,0.000000,0.000000,0.000000,0.044417,0.000000,0.044417,0.008883,None,2.914757,3.807045,5.874330,5.874330,0.011104,0.500000,0.500000,0.000000,0.032859,0.206572
1080,11.987880,3,1.000000,1.000000,0.000000,0.044409,0.000000,0.044409,0.408882,Wall,-0.081635,-0.081635,8.758246,8.758246,0.011102,0.500000,0.500000,0.000000,0.032859,0.206572
1090,12.098880,0,1.000000,1.000000,0.000000,0.000000,0.000000,0.000000,0.400000,Wall,-0.190919,-1.352230,6.534831,6.534831,0.000000,0.500000,0.500000,0.000000,0.033168,0.206634
1090,12.098880,1,0.000000,0.000000,0.000000,0.043854,0.000000,0.043854,0.008771,None,2.835552,4.082676,5.648211,5.648211,0.010963,0.500000,0.500000,0.000000,0.033168,0.206634
1090,12.098880,2,0.000000,0.000000,0.000000,0.044410,0.000000,0.044410,0.008882,None,2.811578,3.858257,5.648211,5.648211,0.011103,0.500000,0.500000,0.000000,0.033168,0.206634
1090,12.098880,3,1.000000,1.000000,0.000000,0.044406,0.000000,0.044406,0.408881,Wall,-0.151997,-0.151997,8.874793,8.874793,0.011102,0.500000,0.500000,0.000000,0.033168,0.206634
1100,12.209880,0,1.000000,1.000000,0.000000,0.000000,0.000000,0.000000,0.400000,Wall,-0.190919,-1.352230,6.623761,6.623761,0.000000,0.500000,0.500000,0.000000,0.027867,0.205573
1100,12.209880,1,0.000000,0.000000,0.000000,0.044243,0.000000,0.044243,0.008849,None,2.723018,4.064297,5.467448,5.467448,0.011061,0.500000,0.500000,0.000000,0.027867,0.205573
1100,12.209880,2,0.000000,0.000000,0.000000,0.027742,0.000000,0.027742,0.005548,None,2.744066,3.890054,5.467448,5.467448,0.006936,0.500000,0.500000,0.000000,0.027867,0.205573
1100,12.209880,3,1.000000,1.000000,0.000000,0.039481,0.000000,0.039481,0.407896,Wall,-0.213140,-0.213140,8.975872,8.975872,0.009870,0.500000,0.500000,0.000000,0.027867,0.205573
1110,12.320880,0,1.000000,1.000000,0.000000,0.000000,0.000000,0.000000,0.400000,Wall,-0.190919,-1.352230,6.714525,6.714525,0.000000,0.500000,0.500000,0.000000,0.016272,0.203254
1110,12.320880,1,0.000000,0.000000,0.000000,0.044361,0.000000,0.044361,0.008872,None,2.642616,4.045241,5.350921,5.350921,0.011090,0.500000,0.500000,0.000000,0.016272,0.203254
1110,12.320880,2,0.000000,0.000000,0.000000,0.008553,0.000000,0.008553,0.001711,None,2.708163,3.890054,5.350921,5.350921,0.002138,0.500000,0.500000,0.000000,0.016272,0.203254
1110,12.320880,3,1.000000,1.000000,0.000000,0.012173,0.000000,0.012173,0.402435,Wall,-0.213140,-0.213140,8.975872,8.975872,0.003043,0.500000,0.500000,0.000000,0.016272,0.203254
1120,12.431870,0,1.000000,1.000000,0.000000,0.000000,0.000000,0.000000,0.400000,Wall,-0.190919,-1.352230,6.807152,6.807152,0.000000,0.500000,0.500000,0.000000,0.012696,0.202539
1120,12.431870,1,0.000000,0.000000,0.000000,0.044393,0.000000,0.044393,0.008879,None,2.576284,4.024487,5.235126,5.235126,0.011098,0.500000,0.500000,0.000000,0.012696,0.202539
1120,12.431870,2,0.000000,0.000000,0.000000,0.002638,0.000000,0.002638,0.000528,None,2.658827,3.890054,5.235126,5.235126,0.000659,0.500000,0.500000,0.000000,0.012696,0.202539
1120,12.431870,3,1.000000,1.000000,0.000000,0.003753,0.000000,0.003753,0.400751,Wall,-0.213140,-0.213140,8.975872,8.975872,0.000938,0.500000,0.500000,0.000000,0.012696,0.202539
1130,12.542870,0,1.000000,1.000000,0.000000,0.000000,0.000000,0.000000,0.400000,Wall,-0.190919,-1.352230,6.901626,6.901626,0.000000,0.500000,0.500000,0.000000,0.011595,0.202319
1130,12.542870,1,0.000000,0.000000,0.000000,0.044410,0.000000,0.044410,0.008882,None,2.514609,4.001478,5.119914,5.119914,0.011103,0.500000,0.500000,0.000000,0.011595,0.202319
1130,12.542870,2,0.000000,0.000000,0.000000,0.000813,0.000000,0.000813,0.000163,None,2.605281,3.890054,5.119914,5.119914,0.000203,0.500000,0.500000,0.000000,0.011595,0.202319
1130,12.542870,3,1.000000,1.000000,0.000000,0.001158,0.000000,0.001158,0.400232,Wall,-0.213140,-0.213140,8.975872,8.975872,0.000290,0.500000,0.500000,0.000000,0.011595,0.202319
1140,12.653870,0,1.000000,1.000000,0.000000,0.000000,0.000000,0.000000,0.400000,Wall,-0.190919,-1.352230,6.997856,6.997856,0.000000,0.500000,0.500000,0.000000,0.018504,0.203701
1140,12.653870,1,0.000000,0.000000,0.000000,0.044410,0.000000,0.044410,0.008882,None,2.433843,3.975785,4.898784,4.898784,0.011103,0.500000,0.500000,0.000000,0.018504,0.203701
1140,12.653870,2,0.000000,0.000000,0.000000,0.029250,0.000000,0.029250,0.005850,None,2.464895,3.821378,4.898784,4.898784,0.007313,0.500000,0.500000,0.000000,0.018504,0.203701
1140,12.653870,3,1.000000,1.000000,0.000000,0.000357,0.000000,0.000357,0.400071,Wall,-0.213140,-0.213140,9.025973,9.025973,0.000089,0.500000,0.500000,0.000000,0.018504,0.203701
1150,12.764870,0,1.000000,1.000000,0.000000,0.000000,0.000000,0.000000,0.400000,Wall,-0.190919,-1.352230,7.095747,7.095747,0.000000,0.500000,0.500000,0.000000,0.028736,0.205747
1150,12.764870,1,0.000000,0.000000,0.000000,0.044412,0.000000,0.044412,0.008882,None,2.329990,3.947668,4.668898,4.668898,0.011103,0.500000,0.500000,0.000000,0.028736,0.205747
1150,12.764870,2,0.000000,0.000000,0.000000,0.039719,0.000000,0.039719,0.007944,None,2.338837,3.789812,4.668898,4.668898,0.009930,0.500000,0.500000,0.000000,0.028736,0.205747
1150,12.764870,3,1.000000,1.000000,0.000000,0.030811,0.000000,0.030811,0.406162,Wall,-0.365781,-0.365781,9.147614,9.147614,0.007703,0.500000,0.500000,0.000000,0.028736,0.205747
1160,12.875870,0,1.000000,1.000000,0.000000,0.000000,0.000000,0.000000,0.400000,Wall,-0.190919,-1.352230,7.195135,7.195135,0.000000,0.500000,0.500000,0.000000,0.031889,0.206378
1160,12.875870,1,0.000000,0.000000,0.000000,0.044414,0.000000,0.044414,0.008883,None,2.219609,3.917267,4.444835,4.444835,0.011104,0.500000,0.500000,0.000000,0.031889,0.206378
1160,12.875870,2,0.000000,0.000000,0.000000,0.042947,0.000000,0.042947,0.008589,None,2.225185,3.813735,4.444835,4.444835,0.010737,0.500000,0.500000,0.000000,0.031889,0.206378
1160,12.875870,3,1.000000,1.000000,0.000000,0.040196,0.000000,0.040196,0.408039,Wall,-0.489240,-0.489240,9.269246,9.269246,0.010049,0.500000,0.500000,0.000000,0.031889,0.206378
1170,12.986870,0,1.000000,1.000000,0.000000,0.000000,0.000000,0.000000,0.400000,Wall,-0.190919,-1.352230,7.295848,7.295848,0.000000,0.500000,0.500000,0.000000,0.032861,0.206572
1170,12.986870,1,0.000000,0.000000,0.000000,0.044408,0.000000,0.044408,0.008882,None,2.107932,3.884778,4.224721,4.224721,0.011102,0.500000,0.500000,0.000000,0.032861,0.206572
1170,12.986870,2,0.000000,0.000000,0.000000,0.043949,0.000000,0.043949,0.008790,None,2.116049,3.856431,4.224721,4.224721,0.010987,0.500000,0.500000,0.000000,0.032861,0.206572
1170,12.986870,3,1.000000,1.000000,0.000000,0.043088,0.000000,0.043088,0.408618,Wall,-0.420922,-0.579078,9.396843,9.396843,0.010772,0.500000,0.500000,0.000000,0.032861,0.206572
1180,13.097860,0,1.000000,1.000000,0.000000,0.000000,0.000000,0.000000,0.400000,Wall,-0.190919,-1.352230,7.397448,7.397448,0.000000,0.500000,0.500000,0.000000,0.033163,0.206633
1180,13.097860,1,0.000000,0.000000,0.000000,0.044408,0.000000,0.044408,0.008882,None,1.996522,3.852509,4.007977,4.007977,0.011102,0.500000,0.500000,0.000000,0.033163,0.206633
1180,13.097860,2,0.000000,0.000000,0.000000,0.044263,0.000000,0.044263,0.008853,None,2.008971,3.905003,4.007977,4.007977,0.011066,0.500000,0.500000,0.000000,0.033163,0.206633
1180,13.097860,3,1.000000,1.000000,0.000000,0.043981,0.000000,0.043981,0.408796,Wall,-0.343811,-0.656189,9.527477,9.527477,0.010995,0.500000,0.500000,0.000000,0.033163,0.206633
1190,13.208860,0,1.000000,1.000000,0.000000,0.000000,0.000000,0.000000,0.400000,Wall,-0.190919,-1.352230,7.496023,7.496023,0.000000,0.500000,0.500000,0.000000,0.033256,0.206651
1190,13.208860,1,0.000000,0.000000,0.000000,0.044410,0.000000,0.044410,0.008882,None,1.885960,3.849378,3.793424,3.793424,0.011103,0.500000,0.500000,0.000000,0.033256,0.206651
1190,13.208860,2,0.000000,0.000000,0.000000,0.044351,0.000000,0.044351,0.008870,None,1.903305,3.956366,3.793424,3.793424,0.011088,0.500000,0.500000,0.000000,0.033256,0.206651
1190,13.208860,3,1.000000,1.000000,0.000000,0.044261,0.000000,0.044261,0.408852,Wall,-0.271673,-0.728327,9.659844,9.659844,0.011065,0.500000,0.500000,0.000000,0.033256,0.206651
1200,13.319860,0,1.000000,1.000000,0.000000,0.019751,0.000000,0.019751,0.403950,Wall,-0.349319,-0.687939,7.419602,7.419602,0.004938,0.500000,0.500000,0.000000,0.038224,0.207645
1200,13.319860,1,0.000000,0.000000,0.000000,0.044419,0.000000,0.044419,0.008884,None,1.776065,3.872159,3.580153,3.580153,0.011105,0.500000,0.500000,0.000000,0.038224,0.207645
1200,13.319860,2,0.000000,0.000000,0.000000,0.044377,0.000000,0.044377,0.008875,None,1.798909,4.010084,3.580153,3.580153,0.011094,0.500000,0.500000,0.000000,0.038224,0.207645
1200,13.319860,3,1.000000,1.000000,0.000000,0.044347,0.000000,0.044347,0.408870,Wall,-0.243114,-0.797152,9.793383,9.793383,0.011087,0.500000,0.500000,0.000000,0.038224,0.207645
1210,13.430860,0,0.000000,0.029828,0.000000,0.036806,0.000000,0.036806,0.007361,None,0.485086,0.485086,7.136462,7.136462,0.009201,0.250000,0.257457,0.000000,0.042494,0.108499
1210,13.430860,1,0.000000,0.000000,0.000000,0.044414,0.000000,0.044414,0.008883,None,1.667203,3.902079,3.369040,3.369040,0.011103,0.250000,0.257457,0.000000,0.042494,0.108499
1210,13.430860,2,0.000000,0.000000,0.000000,0.044389,0.000000,0.044389,0.008878,None,1.695711,4.066292,3.369040,3.369040,0.011097,0.250000,0.257457,0.000000,0.042494,0.108499
1210,13.430860,3,1.000000,1.000000,0.000000,0.044369,0.000000,0.044369,0.408874,Wall,-0.316802,-0.863171,9.927613,9.927613,0.011092,0.250000,0.257457,0.000000,0.042494,0.108499
1220,13.541860,0,0.000000,0.000000,0.000000,0.042057,0.000000,0.042057,0.008411,None,0.703850,0.703850,6.610080,6.610080,0.010514,0.250000,0.250000,0.000000,0.043810,0.108762
1220,13.541860,1,0.000000,0.000000,0.000000,0.044417,0.000000,0.044417,0.008883,None,1.558244,3.928570,3.159749,3.159749,0.011104,0.250000,0.250000,0.000000,0.043810,0.108762
1220,13.541860,2,0.000000,0.000000,0.000000,0.044387,0.000000,0.044387,0.008877,None,1.593944,4.125031,3.159749,3.159749,0.011097,0.250000,0.250000,0.000000,0.043810,0.108762
1220,13.541860,3,1.000000,1.000000,0.000000,0.044379,0.000000,0.044379,0.408876,Wall,-0.331955,-0.926429,10.062260,10.062260,0.011095,0.250000,0.250000,0.000000,0.043810,0.108762
1230,13.652850,0,0.000000,0.000000,0.000000,0.021196,0.000000,0.021196,0.004239,None,0.765750,0.765750,6.572845,6.572845,0.005299,0.250000,0.250000,0.000000,0.038596,0.107719
1230,13.652850,1,0.000000,0.000000,0.000000,0.044416,0.000000,0.044416,0.008883,None,1.450091,3.956766,2.952842,2.952842,0.011104,0.250000,0.250000,0.000000,0.038596,0.107719
1230,13.652850,2,0.000000,0.000000,0.000000,0.044390,0.000000,0.044390,0.008878,None,1.493463,4.186289,2.952842,2.952842,0.011098,0.250000,0.250000,0.000000,0.038596,0.107719
1230,13.652850,3,1.000000,1.000000,0.000000,0.044381,0.000000,0.044381,0.408876,Wall,-0.263516,-0.986449,10.197050,10.197050,0.011095,0.250000,0.250000,0.000000,0.038596,0.107719
1240,13.763850,0,0.000000,0.000000,0.000000,0.015841,0.000000,0.015841,0.003168,None,0.793542,0.793542,6.609252,6.609252,0.003960,0.250000,0.250000,0.000000,0.037259,0.107452
1240,13.763850,1,0.000000,0.000000,0.000000,0.044415,0.000000,0.044415,0.008883,None,1.342957,3.992670,2.748299,2.748299,0.011104,0.250000,0.250000,0.000000,0.037259,0.107452
1240,13.763850,2,0.000000,0.000000,0.000000,0.044395,0.000000,0.044395,0.008879,None,1.394409,4.239548,2.748299,2.748299,0.011099,0.250000,0.250000,0.000000,0.037259,0.107452
1240,13.763850,3,1.000000,1.000000,0.000000,0.044383,0.000000,0.044383,0.408877,Wall,-0.197639,-1.043614,10.331720,10.331720,0.011096,0.250000,0.250000,0.000000,0.037259,0.107452
1250,13.874850,0,0.000000,0.000000,0.000000,0.035588,0.000000,0.035588,0.007118,None,0.917312,0.917312,6.539680,6.539680,0.008897,0.250000,0.250000,0.000000,0.042195,0.108439
1250,13.874850,1,0.000000,0.000000,0.000000,0.044412,0.000000,0.044412,0.008882,None,1.237133,4.035355,2.546569,2.546569,0.011103,0.250000,0.250000,0.000000,0.042195,0.108439
1250,13.874850,2,0.000000,0.000000,0.000000,0.044399,0.000000,0.044399,0.008880,None,1.296952,4.284298,2.546569,2.546569,0.011100,0.250000,0.250000,0.000000,0.042195,0.108439
1250,13.874850,3,1.000000,1.000000,0.000000,0.044381,0.000000,0.044381,0.408876,Wall,-0.134637,-1.097513,10.466010,10.466010,0.011095,0.250000,0.250000,0.000000,0.042195,0.108439
1260,13.985850,0,0.000000,0.000000,0.000000,0.041675,0.000000,0.041675,0.008335,None,1.031643,1.031643,6.494185,6.494185,0.010419,0.250000,0.250000,0.000000,0.036950,0.107390
1260,13.985850,1,0.000000,0.000000,0.000000,0.044413,0.000000,0.044413,0.008883,None,1.132449,4.082525,2.347920,2.347920,0.011103,0.250000,0.250000,0.000000,0.036950,0.107390
1260,13.985850,2,0.000000,0.000000,0.000000,0.044399,0.000000,0.044399,0.008880,None,1.201351,4.328789,2.347920,2.347920,0.011100,0.250000,0.250000,0.000000,0.036950,0.107390
1260,13.985850,3,1.000000,1.000000,0.000000,0.017312,0.000000,0.017312,0.403462,Wall,-0.122371,-1.107918,10.510880,10.510880,0.004328,0.250000,0.250000,0.000000,0.036950,0.107390
1270,14.096850,0,0.000000,0.000000,0.000000,0.043546,0.000000,0.043546,0.008709,None,1.143851,1.143851,6.447528,6.447528,0.010886,0.250000,0.250000,0.000000,0.034425,0.106885
1270,14.096850,1,0.000000,0.000000,0.000000,0.044415,0.000000,0.044415,0.008883,None,1.029067,4.133280,2.152584,2.152584,0.011104,0.250000,0.250000,0.000000,0.034425,0.106885
1270,14.096850,2,0.000000,0.000000,0.000000,0.044401,0.000000,0.044401,0.008880,None,1.107587,4.374103,2.152584,2.152584,0.011100,0.250000,0.250000,0.000000,0.034425,0.106885
1270,14.096850,3,1.000000,1.000000,0.000000,0.005338,0.000000,0.005338,0.401068,Wall,-0.122371,-1.107918,10.532160,10.532160,0.001334,0.250000,0.250000,0.000000,0.034425,0.106885
1280,14.207840,0,0.000000,0.000000,0.000000,0.044129,0.000000,0.044129,0.008826,None,1.255501,1.255501,6.399897,6.399897,0.011032,0.250000,0.250000,0.000000,0.033646,0.106729
1280,14.207840,1,0.000000,0.000000,0.000000,0.044413,0.000000,0.044413,0.008883,None,0.926988,4.187017,1.960815,1.960815,0.011103,0.250000,0.250000,0.000000,0.033646,0.106729
1280,14.207840,2,0.000000,0.000000,0.000000,0.044394,0.000000,0.044394,0.008879,None,1.015837,4.421780,1.960815,1.960815,0.011099,0.250000,0.250000,0.000000,0.033646,0.106729
1280,14.207840,3,1.000000,1.000000,0.000000,0.001646,0.000000,0.001646,0.400329,Wall,-0.122371,-1.107918,10.551960,10.551960,0.000412,0.250000,0.250000,0.000000,0.033646,0.106729
1290,14.318840,0,0.000000,0.000000,0.000000,0.044321,0.000000,0.044321,0.008864,None,1.366693,1.366693,6.361130,6.361130,0.011080,0.250000,0.250000,0.000000,0.033408,0.106682
1290,14.318840,1,0.000000,0.000000,0.000000,0.044410,0.000000,0.044410,0.008882,None,0.826215,4.243416,1.772804,1.772804,0.011103,0.250000,0.250000,0.000000,0.033408,0.106682
1290,14.318840,2,0.000000,0.000000,0.000000,0.044393,0.000000,0.044393,0.008879,None,0.926189,4.471850,1.772804,1.772804,0.011098,0.250000,0.250000,0.000000,0.033408,0.106682
1290,14.318840,3,1.000000,1.000000,0.000000,0.000508,0.000000,0.000508,0.400102,Wall,-0.122371,-1.107918,10.570250,10.570250,0.000127,0.250000,0.250000,0.000000,0.033408,0.106682
1300,14.429840,0,0.000000,0.000000,0.000000,0.044360,0.000000,0.044360,0.008872,None,1.477387,1.477387,6.329533,6.329533,0.011090,0.250000,0.250000,0.000000,0.032725,0.106545
1300,14.429840,1,0.000000,0.000000,0.000000,0.044413,0.000000,0.044413,0.008883,None,0.739900,4.302602,1.641395,1.641395,0.011103,0.250000,0.250000,0.000000,0.032725,0.106545
1300,14.429840,2,0.000000,0.000000,0.000000,0.019483,0.000000,0.019483,0.003897,None,0.884902,4.487335,1.641395,1.641395,0.004871,0.250000,0.250000,0.000000,0.032725,0.106545
1300,14.429840,3,1.000000,1.000000,0.000000,0.022646,0.000000,0.022646,0.404529,Wall,-0.175363,-1.200341,10.634680,10.634680,0.005662,0.250000,0.250000,0.000000,0.032725,0.106545
1310,14.540840,0,0.000000,0.000000,0.000000,0.044381,0.000000,0.044381,0.008876,None,1.588015,1.588015,6.299973,6.299973,0.011095,0.250000,0.250000,0.000000,0.036427,0.107285
1310,14.540840,1,0.000000,0.000000,0.000000,0.044415,0.000000,0.044415,0.008883,None,0.678586,4.364509,1.507224,1.507224,0.011104,0.250000,0.250000,0.000000,0.036427,0.107285
1310,14.540840,2,0.000000,0.000000,0.000000,0.019211,0.000000,0.019211,0.003842,None,0.815578,4.500390,1.507224,1.507224,0.004803,0.250000,0.250000,0.000000,0.036427,0.107285
1310,14.540840,3,1.000000,1.000000,0.000000,0.037698,0.000000,0.037698,0.407540,Wall,-0.194788,-1.347866,10.744020,10.744020,0.009425,0.250000,0.250000,0.000000,0.036427,0.107285
1320,14.651840,0,0.000000,0.000000,0.000000,0.044388,0.000000,0.044388,0.008878,None,1.698405,1.698405,6.271799,6.271799,0.011097,0.250000,0.250000,0.000000,0.034692,0.106938
1320,14.651840,1,0.000000,0.000000,0.000000,0.044415,0.000000,0.044415,0.008883,None,0.598357,4.429000,1.309471,1.309471,0.011104,0.250000,0.250000,0.000000,0.034692,0.106938
1320,14.651840,2,0.000000,0.000000,0.000000,0.036633,0.000000,0.036633,0.007327,None,0.698362,4.545725,1.309471,1.309471,0.009158,0.250000,0.250000,0.000000,0.034692,0.106938
1320,14.651840,3,1.000000,1.000000,0.000000,0.013334,0.000000,0.013334,0.402667,Wall,-0.185062,-1.359086,10.780350,10.780350,0.003333,0.250000,0.250000,0.000000,0.034692,0.106938
1330,14.762840,0,0.000000,0.000000,0.000000,0.044386,0.000000,0.044386,0.008877,None,1.808571,1.808571,6.191323,6.191323,0.011097,0.250000,0.250000,0.000000,0.026476,0.105295
1330,14.762840,1,0.000000,0.000000,0.000000,0.015406,0.000000,0.015406,0.003081,None,0.574698,4.435591,1.220274,1.220274,0.003851,0.250000,0.250000,0.000000,0.026476,0.105295
1330,14.762840,2,0.000000,0.000000,0.000000,0.042004,0.000000,0.042004,0.008401,None,0.625279,4.597916,1.220274,1.220274,0.010501,0.250000,0.250000,0.000000,0.026476,0.105295
1330,14.762840,3,1.000000,1.000000,0.000000,0.004110,0.000000,0.004110,0.400822,Wall,-0.185062,-1.359086,10.799920,10.799920,0.001027,0.250000,0.250000,0.000000,0.026476,0.105295
1340,14.873830,0,0.000000,0.000000,0.000000,0.044386,0.000000,0.044386,0.008877,None,1.828846,1.918429,6.108752,6.108752,0.011097,0.250000,0.250000,0.000000,0.023514,0.104703
1340,14.873830,1,0.000000,0.000000,0.000000,0.004750,0.000000,0.004750,0.000950,None,0.533816,4.435591,1.151655,1.151655,0.001188,0.250000,0.250000,0.000000,0.023514,0.104703
1340,14.873830,2,0.000000,0.000000,0.000000,0.043653,0.000000,0.043653,0.008731,None,0.586626,4.653979,1.151655,1.151655,0.010913,0.250000,0.250000,0.000000,0.023514,0.104703
1340,14.873830,3,1.000000,1.000000,0.000000,0.001266,0.000000,0.001266,0.400253,Wall,-0.185062,-1.359086,10.816290,10.816290,0.000317,0.250000,0.250000,0.000000,0.023514,0.104703
1350,14.984830,0,0.000000,0.000000,0.000000,0.044389,0.000000,0.044389,0.008878,None,1.808615,2.027823,6.031624,6.031624,0.011097,0.250000,0.250000,0.000000,0.022603,0.104521
1350,14.984830,1,0.000000,0.000000,0.000000,0.001465,0.000000,0.001465,0.000293,None,0.485137,4.435591,1.090258,1.090258,0.000366,0.250000,0.250000,0.000000,0.022603,0.104521
1350,14.984830,2,0.000000,0.000000,0.000000,0.044169,0.000000,0.044169,0.008834,None,0.560110,4.712607,1.090258,1.090258,0.011042,0.250000,0.250000,0.000000,0.022603,0.104521
1350,14.984830,3,1.000000,1.000000,0.000000,0.000391,0.000000,0.000391,0.400078,Wall,-0.185062,-1.359086,10.830850,10.830850,0.000098,0.250000,0.250000,0.000000,0.022603,0.104521
1360,15.095830,0,0.000000,0.000000,0.000000,0.044384,0.000000,0.044384,0.008877,None,1.792934,2.136534,5.960807,5.960807,0.011096,0.250000,0.250000,0.000000,0.022320,0.104464
1360,15.095830,1,0.000000,0.000000,0.000000,0.000451,0.000000,0.000451,0.000090,None,0.434671,4.435591,1.036342,1.036342,0.000113,0.250000,0.250000,0.000000,0.022320,0.104464
1360,15.095830,2,0.000000,0.000000,0.000000,0.044323,0.000000,0.044323,0.008865,None,0.539727,4.773454,1.036342,1.036342,0.011081,0.250000,0.250000,0.000000,0.022320,0.104464
1360,15.095830,3,1.000000,1.000000,0.000000,0.000121,0.000000,0.000121,0.400024,Wall,-0.185062,-1.359086,10.843860,10.843860,0.000030,0.250000,0.250000,0.000000,0.022320,0.104464
1370,15.206830,0,0.000000,0.000000,0.000000,0.015394,0.000000,0.015394,0.003079,None,1.821199,2.147374,5.926101,5.926101,0.003848,0.250000,0.250000,0.000000,0.019154,0.103831
1370,15.206830,1,0.000000,0.000000,0.000000,0.016806,0.000000,0.016806,0.003361,None,0.371564,4.482544,0.950384,0.950384,0.004201,0.250000,0.250000,0.000000,0.019154,0.103831
1370,15.206830,2,0.000000,0.000000,0.000000,0.044378,0.000000,0.044378,0.008876,None,0.517929,4.836641,0.950384,0.950384,0.011094,0.250000,0.250000,0.000000,0.019154,0.103831
1370,15.206830,3,1.000000,1.000000,0.000000,0.000037,0.000000,0.000037,0.400007,Wall,-0.185062,-1.359086,10.855220,10.855220,0.000009,0.250000,0.250000,0.000000,0.019154,0.103831
1380,15.317830,0,0.000000,0.000000,0.000000,0.004747,0.000000,0.004747,0.000949,None,1.842239,2.147374,5.821432,5.821432,0.001187,0.264059,0.250000,0.000000,0.021262,0.109876
1380,15.317830,1,0.056236,0.000000,0.000000,0.035894,0.000000,0.035894,0.029673,None,0.330317,4.580312,0.823876,0.823876,0.008973,0.264059,0.250000,0.000000,0.021262,0.109876
1380,15.317830,2,0.000000,0.000000,0.000000,0.044397,0.000000,0.044397,0.008879,None,0.467034,4.902033,0.823876,0.823876,0.011099,0.264059,0.250000,0.000000,0.021262,0.109876
1380,15.317830,3,1.000000,1.000000,0.000000,0.000010,0.000000,0.000010,0.400002,Wall,-0.185062,-1.359086,10.865000,10.865000,0.000003,0.264059,0.250000,0.000000,0.021262,0.109876
1390,15.428820,0,0.000000,0.000000,0.000000,0.001463,0.000000,0.001463,0.000293,None,1.859716,2.147374,5.787916,5.787916,0.000366,0.303650,0.250000,0.000000,0.021910,0.125842
1390,15.428820,1,0.214601,0.000000,0.000000,0.041777,0.000000,0.041777,0.094196,Wall,0.274890,4.662950,0.695917,0.695917,0.010444,0.303650,0.250000,0.000000,0.021910,0.125842
1390,15.428820,2,0.000000,0.000000,0.000000,0.044395,0.000000,0.044395,0.008879,None,0.405155,4.969616,0.695917,0.695917,0.011099,0.303650,0.250000,0.000000,0.021910,0.125842
1390,15.428820,3,1.000000,1.000000,0.000000,0.000004,0.000000,0.000004,0.400001,Wall,-0.185062,-1.359086,10.873110,10.873110,0.000001,0.303650,0.250000,0.000000,0.021910,0.125842
1400,15.539820,0,0.000000,0.000000,0.000000,0.029445,0.000000,0.029445,0.005889,None,1.781187,2.248130,5.680551,5.680551,0.007361,0.357693,0.250000,0.000000,0.029357,0.148949
1400,15.539820,1,0.407700,0.000000,0.000000,0.043588,0.000000,0.043588,0.171798,Wall,0.207305,4.737348,0.563247,0.563247,0.010897,0.357693,0.250000,0.000000,0.029357,0.148949
1400,15.539820,2,0.023073,0.000000,0.000000,0.044395,0.000000,0.044395,0.018108,None,0.341925,5.039427,0.563247,0.563247,0.011099,0.357693,0.250000,0.000000,0.029357,0.148949
1400,15.539820,3,1.000000,1.000000,0.000000,0.000001,0.000000,0.000001,0.400000,Wall,-0.185062,-1.359086,10.879480,10.879480,0.000000,0.357693,0.250000,0.000000,0.029357,0.148949
1410,15.650820,0,0.000000,0.000000,0.000000,0.039788,0.000000,0.039788,0.007958,None,1.732117,2.359390,5.591303,5.591303,0.009947,0.452630,0.250000,0.000000,0.032086,0.187469
1410,15.650820,1,0.610946,0.000000,0.000000,0.044152,0.000000,0.044152,0.253209,Wall,0.136169,4.810311,0.431248,0.431248,0.011038,0.452630,0.250000,0.000000,0.032086,0.187469
1410,15.650820,2,0.199575,0.000000,0.000000,0.044404,0.000000,0.044404,0.088711,Wall,0.280149,5.111517,0.431248,0.431248,0.011101,0.452630,0.250000,0.000000,0.032086,0.187469
1410,15.650820,3,1.000000,1.000000,0.000000,0.000000,0.000000,0.000000,0.400000,Wall,-0.185062,-1.359086,10.884100,10.884100,0.000000,0.452630,0.250000,0.000000,0.032086,0.187469
1420,15.761820,0,0.000000,0.000000,0.000000,0.042972,0.000000,0.042972,0.008594,None,1.714439,2.469288,5.526667,5.526667,0.010743,0.545177,0.250000,0.040117,0.032924,0.240702
1420,15.761820,1,0.812644,0.000000,0.080234,0.044323,0.000000,0.044323,0.366016,Wall,0.065575,4.884288,0.303720,0.303720,0.011081,0.545177,0.250000,0.040117,0.032924,0.240702
1420,15.761820,2,0.368063,0.000000,0.080234,0.044400,0.000000,0.044400,0.188199,Wall,0.221178,5.185734,0.303720,0.303720,0.011100,0.545177,0.250000,0.040117,0.032924,0.240702
1420,15.761820,3,1.000000,1.000000,0.000000,0.000000,0.000000,0.000000,0.400000,Wall,-0.185062,-1.359086,10.886940,10.886940,0.000000,0.545177,0.250000,0.040117,0.032924,0.240702
1430,15.872820,0,0.000000,0.000000,0.000000,0.043957,0.000000,0.043957,0.008791,None,1.706371,2.578350,5.468592,5.468592,0.010989,0.632127,0.250000,0.091006,0.033184,0.295890
1430,15.872820,1,1.000000,0.000000,0.182012,0.044375,0.000000,0.044375,0.481680,Wall,-0.003143,4.960076,0.181586,0.181586,0.011094,0.632127,0.250000,0.091006,0.033184,0.295890
1430,15.872820,2,0.528509,0.000000,0.182012,0.044404,0.000000,0.044404,0.293089,Wall,0.165022,5.262057,0.181586,0.181586,0.011101,0.632127,0.250000,0.091006,0.033184,0.295890
1430,15.872820,3,1.000000,1.000000,0.000000,0.000000,0.000000,0.000000,0.400000,Wall,-0.185062,-1.359086,10.888090,10.888090,0.000000,0.632127,0.250000,0.091006,0.033184,0.295890
1440,15.983820,0,0.000000,0.000000,0.000000,0.044252,0.000000,0.044252,0.008850,None,1.700728,2.686687,5.411422,5.411422,0.011063,0.669848,0.250000,0.139365,0.033261,0.330337
1440,15.983820,1,1.000000,0.000000,0.278731,0.044388,0.000000,0.044388,0.520370,Wall,-0.069786,5.037887,0.065523,0.065523,0.011097,0.669848,0.250000,0.139365,0.033261,0.330337
1440,15.983820,2,0.679392,0.000000,0.278731,0.044402,0.000000,0.044402,0.392130,Wall,0.112213,5.340437,0.065523,0.065523,0.011101,0.669848,0.250000,0.139365,0.033261,0.330337
1440,15.983820,3,1.000000,1.000000,0.000000,0.000000,0.000000,0.000000,0.400000,Wall,-0.185062,-1.359086,10.887440,10.887440,0.000000,0.669848,0.250000,0.139365,0.033261,0.330337
1450,16.094820,0,0.000000,0.000000,0.000000,0.044347,0.000000,0.044347,0.008869,None,1.695478,2.794356,5.353565,5.353565,0.011087,0.705130,0.250000,0.166667,0.033286,0.355376
1450,16.094820,1,1.000000,0.000000,0.333333,0.044397,0.000000,0.044397,0.542213,Wall,-0.134323,5.117787,-0.044259,-0.044259,0.011099,0.705130,0.250000,0.166667,0.033286,0.355376
1450,16.094820,2,0.820521,0.000000,0.333333,0.044401,0.000000,0.044401,0.470422,Wall,0.062818,5.420868,-0.044259,-0.044259,0.011100,0.705130,0.250000,0.166667,0.033286,0.355376
1450,16.094820,3,1.000000,1.000000,0.000000,0.000000,0.000000,0.000000,0.400000,Wall,-0.185062,-1.359086,10.884980,10.884980,0.000000,0.705130,0.250000,0.166667,0.033286,0.355376
1460,16.205830,0,0.000000,0.000000,0.000000,0.044379,0.000000,0.044379,0.008876,None,1.690053,2.901358,5.294322,5.294322,0.011095,0.737989,0.250000,0.166667,0.033294,0.368521
1460,16.205830,1,1.000000,0.000000,0.333333,0.044394,0.000000,0.044394,0.542212,Wall,-0.196357,5.199657,-0.147124,-0.147124,0.011098,0.737989,0.250000,0.166667,0.033294,0.368521
1460,16.205830,2,0.951955,0.000000,0.333333,0.044402,0.000000,0.044402,0.522996,Wall,0.016816,5.503307,-0.147124,-0.147124,0.011100,0.737989,0.250000,0.166667,0.033294,0.368521
1460,16.205830,3,1.000000,1.000000,0.000000,0.000000,0.000000,0.000000,0.400000,Wall,-0.185062,-1.359086,10.880730,10.880730,0.000000,0.737989,0.250000,0.166667,0.033294,0.368521
1470,16.316840,0,0.000000,0.000000,0.000000,0.044388,0.000000,0.044388,0.008878,None,1.684565,3.007579,5.234016,5.234016,0.011097,0.750000,0.250000,0.166667,0.033296,0.373326
1470,16.316840,1,1.000000,0.000000,0.333333,0.044394,0.000000,0.044394,0.542212,Wall,-0.256166,5.283522,-0.242796,-0.242796,0.011098,0.750000,0.250000,0.166667,0.033296,0.373326
1470,16.316840,2,1.000000,0.000000,0.333333,0.044403,0.000000,0.044403,0.542214,Wall,-0.025488,5.587737,-0.242796,-0.242796,0.011101,0.750000,0.250000,0.166667,0.033296,0.373326
1470,16.316840,3,1.000000,1.000000,0.000000,0.000000,0.000000,0.000000,0.400000,Wall,-0.185062,-1.359086,10.874620,10.874620,0.000000,0.750000,0.250000,0.166667,0.033296,0.373326
1480,16.427850,0,0.000000,0.000000,0.000000,0.044391,0.000000,0.044391,0.008878,None,1.679013,3.112985,5.172863,5.172863,0.011098,0.750000,0.250000,0.166667,0.033297,0.373326
1480,16.427850,1,1.000000,0.000000,0.333333,0.044394,0.000000,0.044394,0.542212,Wall,-0.313887,5.369273,-0.330687,-0.330687,0.011099,0.750000,0.250000,0.166667,0.033297,0.373326
1480,16.427850,2,1.000000,0.000000,0.333333,0.044402,0.000000,0.044402,0.542214,Wall,-0.063767,5.674079,-0.330687,-0.330687,0.011100,0.750000,0.250000,0.166667,0.033297,0.373326
1480,16.427850,3,1.000000,1.000000,0.000000,0.000000,0.000000,0.000000,0.400000,Wall,-0.185062,-1.359086,10.866610,10.866610,0.000000,0.750000,0.250000,0.166667,0.033297,0.373326
1490,16.538850,0,0.000000,0.000000,0.000000,0.044393,0.000000,0.044393,0.008879,None,1.673283,3.217547,5.110456,5.110456,0.011098,0.750000,0.250000,0.166667,0.033300,0.373327
1490,16.538850,1,1.000000,0.000000,0.333333,0.044401,0.000000,0.044401,0.542214,Wall,-0.369337,5.456931,-0.410389,-0.410389,0.011100,0.750000,0.250000,0.166667,0.033300,0.373327
1490,16.538850,2,1.000000,0.000000,0.333333,0.044407,0.000000,0.044407,0.542215,Wall,-0.098235,5.762310,-0.410389,-0.410389,0.011102,0.750000,0.250000,0.166667,0.033300,0.373327
1490,16.538850,3,1.000000,1.000000,0.000000,0.000000,0.000000,0.000000,0.400000,Wall,-0.185062,-1.359086,10.856740,10.856740,0.000000,0.750000,0.250000,0.166667,0.033300,0.373327
1500,16.649860,0,0.000000,0.000000,0.000000,0.044398,0.000000,0.044398,0.008880,None,1.667278,3.321230,5.046566,5.046566,0.011100,0.750000,0.250000,0.166667,0.033301,0.373327
1500,16.649860,1,1.000000,0.000000,0.333333,0.044398,0.000000,0.044398,0.542213,Wall,-0.422351,5.546414,-0.481019,-0.481019,0.011099,0.750000,0.250000,0.166667,0.033301,0.373327
1500,16.649860,2,1.000000,0.000000,0.333333,0.044406,0.000000,0.044406,0.542215,Wall,-0.128607,5.852293,-0.481019,-0.481019,0.011102,0.750000,0.250000,0.166667,0.033301,0.373327
1500,16.649860,3,1.000000,1.000000,0.000000,0.000000,0.000000,0.000000,0.400000,Wall,-0.185062,-1.359086,10.845020,10.845020,0.000000,0.750000,0.250000,0.166667,0.033301,0.373327
1510,16.760870,0,0.000000,0.000000,0.000000,0.044393,0.000000,0.044393,0.008879,None,1.661268,3.423916,4.981548,4.981548,0.011098,0.750000,0.250000,0.166667,0.033299,0.373326
1510,16.760870,1,1.000000,0.000000,0.333333,0.044396,0.000000,0.044396,0.542213,Wall,-0.473048,5.637674,-0.541768,-0.541768,0.011099,0.750000,0.250000,0.166667,0.033299,0.373326
1510,16.760870,2,1.000000,0.000000,0.333333,0.044405,0.000000,0.044405,0.542214,Wall,-0.154727,5.944043,-0.541768,-0.541768,0.011101,0.750000,0.250000,0.166667,0.033299,0.373326
1510,16.760870,3,1.000000,1.000000,0.000000,0.000000,0.000000,0.000000,0.400000,Wall,-0.185062,-1.359086,10.831390,10.831390,0.000000,0.750000,0.250000,0.166667,0.033299,0.373326
1520,16.871880,0,0.000000,0.000000,0.000000,0.044394,0.000000,0.044394,0.008879,None,1.655060,3.525603,4.915340,4.915340,0.011099,0.750000,0.250000,0.166667,0.033298,0.373326
1520,16.871880,1,1.000000,0.000000,0.333333,0.044397,0.000000,0.044397,0.542213,Wall,-0.478431,5.730642,-0.592096,-0.592096,0.011099,0.750000,0.250000,0.166667,0.033298,0.373326
1520,16.871880,2,1.000000,0.000000,0.333333,0.044402,0.000000,0.044402,0.542214,Wall,-0.176472,6.037435,-0.592096,-0.592096,0.011101,0.750000,0.250000,0.166667,0.033298,0.373326
1520,16.871880,3,1.000000,1.000000,0.000000,0.000000,0.000000,0.000000,0.400000,Wall,-0.185062,-1.359086,10.815880,10.815880,0.000000,0.750000,0.250000,0.166667,0.033298,0.373326
1530,16.982880,0,0.000000,0.000000,0.000000,0.044401,0.000000,0.044401,0.008880,None,1.648598,3.626283,4.847788,4.847788,0.011100,0.750000,0.250000,0.166667,0.033298,0.373326
1530,16.982880,1,1.000000,0.000000,0.333333,0.044390,0.000000,0.044390,0.542212,Wall,-0.432138,5.825218,-0.631073,-0.631073,0.011098,0.750000,0.250000,0.166667,0.033298,0.373326
1530,16.982880,2,1.000000,0.000000,0.333333,0.044400,0.000000,0.044400,0.542213,Wall,-0.193731,6.132497,-0.631073,-0.631073,0.011100,0.750000,0.250000,0.166667,0.033298,0.373326
1530,16.982880,3,1.000000,1.000000,0.000000,0.000000,0.000000,0.000000,0.400000,Wall,-0.185062,-1.359086,10.798450,10.798450,0.000000,0.750000,0.250000,0.166667,0.033298,0.373326
1540,17.093890,0,0.000000,0.000000,0.000000,0.044396,0.000000,0.044396,0.008879,None,1.642271,3.725774,4.779382,4.779382,0.011099,0.750000,0.250000,0.166667,0.036375,0.373942
1540,17.093890,1,1.000000,0.000000,0.333333,0.044391,0.000000,0.044391,0.542212,Wall,-0.395866,5.921402,-0.695455,-0.695455,0.011098,0.750000,0.250000,0.166667,0.036375,0.373942
1540,17.093890,2,1.000000,0.000000,0.333333,0.027735,0.000000,0.027735,0.538880,Wall,-0.211163,6.190305,-0.695455,-0.695455,0.006934,0.750000,0.250000,0.166667,0.036375,0.373942
1540,17.093890,3,1.000000,1.000000,0.000000,0.028980,0.000000,0.028980,0.405796,Wall,-0.031260,-0.031260,10.018530,10.018530,0.007245,0.750000,0.250000,0.166667,0.036375,0.373942
1550,17.204900,0,0.000000,0.000000,0.000000,0.044396,0.000000,0.044396,0.008879,None,1.637189,3.824138,4.715841,4.715841,0.011099,0.500000,0.000000,0.166667,0.029304,0.272527
1550,17.204900,1,1.000000,0.000000,0.333333,0.024647,0.000000,0.024647,0.538263,Wall,-0.418150,5.970046,-0.752465,-0.752465,0.006162,0.500000,0.000000,0.166667,0.029304,0.272527
1550,17.204900,2,1.000000,0.000000,0.333333,0.008552,0.000000,0.008552,0.535044,Wall,-0.259316,6.190305,-0.752465,-0.752465,0.002138,0.500000,0.000000,0.166667,0.029304,0.272527
1550,17.204900,3,0.000000,0.000000,0.000000,0.039620,0.000000,0.039620,0.007924,None,0.582185,0.582185,8.938712,8.938712,0.009905,0.500000,0.000000,0.166667,0.029304,0.272527
1560,17.315910,0,0.000000,0.000000,0.000000,0.044401,0.000000,0.044401,0.008880,None,1.638393,3.921293,4.661204,4.661204,0.011100,0.500000,0.000000,0.166667,0.024384,0.271544
1560,17.315910,1,1.000000,0.000000,0.333333,0.007600,0.000000,0.007600,0.534853,Wall,-0.435679,5.970046,-0.752465,-0.752465,0.001900,0.500000,0.000000,0.166667,0.024384,0.271544
1560,17.315910,2,1.000000,0.000000,0.333333,0.002636,0.000000,0.002636,0.533861,Wall,-0.278350,6.190305,-0.752465,-0.752465,0.000659,0.500000,0.000000,0.166667,0.024384,0.271544
1560,17.315910,3,0.000000,0.000000,0.000000,0.042899,0.000000,0.042899,0.008580,None,0.762373,0.762373,8.493567,8.493567,0.010725,0.500000,0.000000,0.166667,0.024384,0.271544
1570,17.426910,0,0.000000,0.000000,0.000000,0.044397,0.000000,0.044397,0.008879,None,1.644740,4.017112,4.611168,4.611168,0.011099,0.500000,0.000000,0.166667,0.027034,0.272073
1570,17.426910,1,1.000000,0.000000,0.333333,0.002343,0.000000,0.002343,0.533802,Wall,-0.433092,5.970046,-0.683278,-0.683278,0.000586,0.500000,0.000000,0.166667,0.027034,0.272073
1570,17.426910,2,1.000000,0.000000,0.333333,0.017478,0.000000,0.017478,0.536829,Wall,-0.243419,6.235631,-0.683278,-0.683278,0.004369,0.500000,0.000000,0.166667,0.027034,0.272073
1570,17.426910,3,0.000000,0.000000,0.000000,0.043917,0.000000,0.043917,0.008783,None,0.892738,0.892738,8.233811,8.233811,0.010979,0.500000,0.000000,0.166667,0.027034,0.272073
1580,17.537920,0,0.000000,0.000000,0.000000,0.035084,0.000000,0.035084,0.007017,None,1.661333,4.092815,4.574330,4.574330,0.008771,0.500000,0.000000,0.166667,0.029039,0.272474
1580,17.537920,1,1.000000,0.000000,0.333333,0.000723,0.000000,0.000723,0.533478,Wall,-0.383573,5.970046,-0.482548,-0.482548,0.000181,0.500000,0.000000,0.166667,0.029039,0.272474
1580,17.537920,2,1.000000,0.000000,0.333333,0.036117,0.000000,0.036117,0.540557,Wall,-0.067026,6.352727,-0.482548,-0.482548,0.009029,0.500000,0.000000,0.166667,0.029039,0.272474
1580,17.537920,3,0.000000,0.000000,0.000000,0.044230,0.000000,0.044230,0.008846,None,1.008698,1.008698,7.943432,7.943432,0.011058,0.500000,0.000000,0.166667,0.029039,0.272474
1590,17.648930,0,0.000000,0.000000,0.000000,0.010817,0.000000,0.010817,0.002163,None,1.680051,4.092815,4.488611,4.488611,0.002704,0.444041,0.000000,0.166667,0.029243,0.250132
1590,17.648930,1,1.000000,0.000000,0.333333,0.019977,0.000000,0.019977,0.537329,Wall,-0.365086,6.030126,-0.383798,-0.383798,0.004994,0.444041,0.000000,0.166667,0.029243,0.250132
1590,17.648930,2,0.776165,0.000000,0.333333,0.041855,0.000000,0.041855,0.452170,Wall,0.078342,6.464663,-0.383798,-0.383798,0.010464,0.444041,0.000000,0.166667,0.029243,0.250132
1590,17.648930,3,0.000000,0.000000,0.000000,0.044323,0.000000,0.044323,0.008865,None,1.120829,1.120829,7.737080,7.737080,0.011081,0.444041,0.000000,0.166667,0.029243,0.250132
1600,17.759940,0,0.000000,0.000000,0.000000,0.034036,0.000000,0.034036,0.006807,None,1.682898,4.180558,4.276310,4.276310,0.008509,0.396106,0.000000,0.166667,0.039726,0.233054
1600,17.759940,1,1.000000,0.000000,0.333333,0.036881,0.000000,0.036881,0.540710,Wall,-0.441024,6.152601,-0.331770,-0.331770,0.009220,0.396106,0.000000,0.166667,0.039726,0.233054
1600,17.759940,2,0.584423,0.000000,0.333333,0.043630,0.000000,0.043630,0.375829,Wall,0.145452,6.573767,-0.331770,-0.331770,0.010907,0.396106,0.000000,0.166667,0.039726,0.233054
1600,17.759940,3,0.000000,0.000000,0.000000,0.044358,0.000000,0.044358,0.008872,None,1.232023,1.232023,7.568081,7.568081,0.011089,0.396106,0.000000,0.166667,0.039726,0.233054
1610,17.870940,0,0.000000,0.000000,0.000000,0.041204,0.000000,0.041204,0.008241,None,1.692720,4.266563,4.145169,4.145169,0.010301,0.369425,0.000000,0.166667,0.042960,0.223029
1610,17.870940,1,1.000000,0.000000,0.333333,0.042099,0.000000,0.042099,0.541753,Wall,-0.472207,6.267664,-0.293205,-0.293205,0.010525,0.369425,0.000000,0.166667,0.042960,0.223029
1610,17.870940,2,0.477698,0.000000,0.333333,0.044171,0.000000,0.044171,0.333247,Wall,0.182806,6.682271,-0.293205,-0.293205,0.011043,0.369425,0.000000,0.166667,0.042960,0.223029
1610,17.870940,3,0.000000,0.000000,0.000000,0.044367,0.000000,0.044367,0.008873,None,1.342975,1.342975,7.408070,7.408070,0.011092,0.369425,0.000000,0.166667,0.042960,0.223029
1620,17.981950,0,0.000000,0.000000,0.000000,0.043411,0.000000,0.043411,0.008682,None,1.693298,4.352311,4.047541,4.047541,0.010853,0.347868,0.000000,0.166667,0.043959,0.214605
1620,17.981950,1,1.000000,0.000000,0.333333,0.043703,0.000000,0.043703,0.542074,Wall,-0.477682,6.379013,-0.268749,-0.268749,0.010926,0.347868,0.000000,0.166667,0.043959,0.214605
1620,17.981950,2,0.391470,0.000000,0.333333,0.044349,0.000000,0.044349,0.298791,Mixed,0.212985,6.791209,-0.268749,-0.268749,0.011087,0.347868,0.000000,0.166667,0.043959,0.214605
1620,17.981950,3,0.000000,0.000000,0.000000,0.044370,0.000000,0.044370,0.008874,None,1.453833,1.453833,7.248993,7.248993,0.011093,0.347868,0.000000,0.166667,0.043959,0.214605
1630,18.092960,0,0.000000,0.000000,0.000000,0.044096,0.000000,0.044096,0.008819,None,1.688655,4.437173,3.960030,3.960030,0.011024,0.326566,0.000000,0.166667,0.044266,0.206146
1630,18.092960,1,1.000000,0.000000,0.333333,0.044203,0.000000,0.044203,0.542174,Wall,-0.475578,6.489503,-0.247583,-0.247583,0.011051,0.326566,0.000000,0.166667,0.044266,0.206146
1630,18.092960,2,0.306264,0.000000,0.333333,0.044401,0.000000,0.044401,0.264719,Mixed,0.242808,6.900639,-0.247583,-0.247583,0.011100,0.326566,0.000000,0.166667,0.044266,0.206146
1630,18.092960,3,0.000000,0.000000,0.000000,0.044365,0.000000,0.044365,0.008873,None,1.564565,1.564565,7.089786,7.089786,0.011091,0.326566,0.000000,0.166667,0.044266,0.206146
1640,18.203970,0,0.000000,0.000000,0.000000,0.044307,0.000000,0.044307,0.008861,None,1.682454,4.520550,3.875021,3.875021,0.011077,0.304027,0.000000,0.166667,0.044359,0.197149
1640,18.203970,1,1.000000,0.000000,0.333333,0.044346,0.000000,0.044346,0.542203,Wall,-0.474164,6.599969,-0.222869,-0.222869,0.011086,0.304027,0.000000,0.166667,0.044359,0.197149
1640,18.203970,2,0.216106,0.000000,0.333333,0.044417,0.000000,0.044417,0.228659,User,0.274363,7.010633,-0.222869,-0.222869,0.011104,0.304027,0.000000,0.166667,0.044359,0.197149
1640,18.203970,3,0.000000,0.000000,0.000000,0.044367,0.000000,0.044367,0.008873,None,1.675299,1.675299,6.929352,6.929352,0.011092,0.304027,0.000000,0.166667,0.044359,0.197149
1650,18.314980,0,0.000000,0.000000,0.000000,0.044368,0.000000,0.044368,0.008874,None,1.675735,4.602312,3.790009,3.790009,0.011092,0.279831,0.000000,0.166667,0.044386,0.187476
1650,18.314980,1,1.000000,0.000000,0.333333,0.044394,0.000000,0.044394,0.542212,Wall,-0.475789,6.710785,-0.192647,-0.192647,0.011098,0.279831,0.000000,0.166667,0.044386,0.187476
1650,18.314980,2,0.119325,0.000000,0.333333,0.044419,0.000000,0.044419,0.189947,User,0.308236,7.121106,-0.192647,-0.192647,0.011105,0.279831,0.000000,0.166667,0.044386,0.187476
1650,18.314980,3,0.000000,0.000000,0.000000,0.044365,0.000000,0.044365,0.008873,None,1.785959,1.785959,6.767921,6.767921,0.011091,0.279831,0.000000,0.166667,0.044386,0.187476
1660,18.425980,0,0.000000,0.000000,0.000000,0.044387,0.000000,0.044387,0.008877,None,1.669243,4.682293,3.705080,3.705080,0.011097,0.254329,0.000000,0.166667,0.044398,0.177278
1660,18.425980,1,1.000000,0.000000,0.333333,0.044411,0.000000,0.044411,0.542216,Wall,-0.481058,6.821961,-0.156746,-0.156746,0.011103,0.254329,0.000000,0.166667,0.044398,0.177278
1660,18.425980,2,0.017316,0.000000,0.333333,0.044423,0.000000,0.044423,0.149144,User,0.343940,7.231980,-0.156746,-0.156746,0.011106,0.254329,0.000000,0.166667,0.044398,0.177278
1660,18.425980,3,0.000000,0.000000,0.000000,0.044370,0.000000,0.044370,0.008874,None,1.896511,1.896511,6.606437,6.606437,0.011092,0.254329,0.000000,0.166667,0.044398,0.177278
1670,18.536990,0,0.000000,0.000000,0.000000,0.044400,0.000000,0.044400,0.008880,None,1.663271,4.760443,3.619927,3.619927,0.011100,0.250000,0.000000,0.166667,0.044401,0.175547
1670,18.536990,1,1.000000,0.000000,0.333333,0.044409,0.000000,0.044409,0.542215,Wall,-0.491041,6.933321,-0.114231,-0.114231,0.011102,0.250000,0.000000,0.166667,0.044401,0.175547
1670,18.536990,2,0.000000,0.000000,0.333333,0.044423,0.000000,0.044423,0.142218,User,0.381120,7.343180,-0.114231,-0.114231,0.011106,0.250000,0.000000,0.166667,0.044401,0.175547
1670,18.536990,3,0.000000,0.000000,0.000000,0.044372,0.000000,0.044372,0.008874,None,2.006922,2.006922,6.445420,6.445420,0.011093,0.250000,0.000000,0.166667,0.044401,0.175547
1680,18.648000,0,0.000000,0.000000,0.000000,0.044401,0.000000,0.044401,0.008880,None,1.657776,4.836669,3.535126,3.535126,0.011100,0.250000,0.000000,0.166667,0.044401,0.175547
1680,18.648000,1,1.000000,0.000000,0.333333,0.044414,0.000000,0.044414,0.542216,Wall,-0.494833,7.044873,-0.065807,-0.065807,0.011103,0.250000,0.000000,0.166667,0.044401,0.175547
1680,18.648000,2,0.000000,0.000000,0.333333,0.044427,0.000000,0.044427,0.142219,User,0.419479,7.454654,-0.065807,-0.065807,0.011107,0.250000,0.000000,0.166667,0.044401,0.175547
1680,18.648000,3,0.000000,0.000000,0.000000,0.044364,0.000000,0.044364,0.008873,None,2.117109,2.117109,6.285409,6.285409,0.011091,0.250000,0.000000,0.166667,0.044401,0.175547
1690,18.759010,0,0.000000,0.000000,0.000000,0.044397,0.000000,0.044397,0.008879,None,1.653103,4.910889,3.450603,3.450603,0.011099,0.250000,0.000000,0.166667,0.044398,0.175546
1690,18.759010,1,1.000000,0.000000,0.333333,0.044410,0.000000,0.044410,0.542215,Wall,-0.475738,7.156500,-0.010451,-0.010451,0.011102,0.250000,0.000000,0.166667,0.044398,0.175546
1690,18.759010,2,0.000000,0.000000,0.333333,0.044423,0.000000,0.044423,0.142218,User,0.459184,7.566220,-0.010451,-0.010451,0.011106,0.250000,0.000000,0.166667,0.044398,0.175546
1690,18.759010,3,0.000000,0.000000,0.000000,0.044363,0.000000,0.044363,0.008873,None,2.227039,2.227039,6.126578,6.126578,0.011091,0.250000,0.000000,0.166667,0.044398,0.175546
1700,18.870010,0,0.000000,0.000000,0.000000,0.044399,0.000000,0.044399,0.008880,None,1.648973,4.983139,3.366487,3.366487,0.011100,0.250000,0.000000,0.145340,0.044402,0.167017
1700,18.870010,1,1.000000,0.000000,0.290681,0.044415,0.000000,0.044415,0.525155,Wall,-0.451873,7.268154,0.051183,0.051183,0.011104,0.250000,0.000000,0.145340,0.044402,0.167017
1700,18.870010,2,0.000000,0.000000,0.290681,0.044426,0.000000,0.044426,0.125158,User,0.499606,7.677908,0.051183,0.051183,0.011106,0.250000,0.000000,0.145340,0.044402,0.167017
1700,18.870010,3,0.000000,0.000000,0.000000,0.044368,0.000000,0.044368,0.008874,None,2.336641,2.336641,5.969891,5.969891,0.011092,0.250000,0.000000,0.145340,0.044402,0.167017
1710,18.981020,0,0.000000,0.000000,0.000000,0.044402,0.000000,0.044402,0.008880,None,1.645443,5.053374,3.282791,3.282791,0.011100,0.250000,0.000000,0.116788,0.044401,0.155595
1710,18.981020,1,1.000000,0.000000,0.233576,0.044408,0.000000,0.044408,0.502312,Wall,-0.422701,7.379652,0.119709,0.119709,0.011102,0.250000,0.000000,0.116788,0.044401,0.155595
1710,18.981020,2,0.000000,0.000000,0.233576,0.044428,0.000000,0.044428,0.102316,User,0.540832,7.789567,0.119709,0.119709,0.011107,0.250000,0.000000,0.116788,0.044401,0.155595
1710,18.981020,3,0.000000,0.000000,0.000000,0.044366,0.000000,0.044366,0.008873,None,2.445758,2.445758,5.816066,5.816066,0.011092,0.250000,0.000000,0.116788,0.044401,0.155595
1720,19.092030,0,0.000000,0.000000,0.000000,0.044393,0.000000,0.044393,0.008879,None,1.643064,5.121392,3.200042,3.200042,0.011098,0.250000,0.000000,0.085467,0.040890,0.142365
1720,19.092030,1,1.000000,0.000000,0.170933,0.044409,0.000000,0.044409,0.477255,Wall,-0.388122,7.490983,0.194880,0.194880,0.011102,0.250000,0.000000,0.085467,0.040890,0.142365
1720,19.092030,2,0.000000,0.000000,0.170933,0.044431,0.000000,0.044431,0.077259,User,0.569215,7.901135,0.194880,0.194880,0.011108,0.250000,0.000000,0.085467,0.040890,0.142365
1720,19.092030,3,0.000000,0.000000,0.000000,0.030326,0.000000,0.030326,0.006065,None,2.489078,2.489078,5.695382,5.695382,0.007582,0.250000,0.000000,0.085467,0.040890,0.142365
1730,19.203040,0,0.000000,0.000000,0.000000,0.044397,0.000000,0.044397,0.008879,None,1.641339,5.187318,3.117887,3.117887,0.011099,0.250000,0.000000,0.051408,0.043314,0.129226
1730,19.203040,1,1.000000,0.000000,0.102815,0.044407,0.000000,0.044407,0.450008,Wall,-0.348042,7.602028,0.276622,0.276622,0.011102,0.250000,0.000000,0.051408,0.043314,0.129226
1730,19.203040,2,0.000000,0.000000,0.102815,0.044430,0.000000,0.044430,0.050012,Mixed,0.584116,8.012511,0.276622,0.276622,0.011107,0.250000,0.000000,0.051408,0.043314,0.129226
1730,19.203040,3,0.000000,0.000000,0.000000,0.040022,0.000000,0.040022,0.008004,None,2.596694,2.596694,5.553077,5.553077,0.010006,0.250000,0.000000,0.051408,0.043314,0.129226
1740,19.314040,0,0.000000,0.000000,0.000000,0.044399,0.000000,0.044399,0.008880,None,1.640346,5.251107,3.036432,3.036432,0.011100,0.250000,0.000000,0.024232,0.040759,0.117845
1740,19.314040,1,1.000000,0.000000,0.048464,0.044405,0.000000,0.044405,0.428267,Wall,-0.296128,7.712767,0.341843,0.341843,0.011101,0.250000,0.000000,0.024232,0.040759,0.117845
1740,19.314040,2,0.000000,0.000000,0.048464,0.031218,0.000000,0.031218,0.025629,None,0.581362,8.090340,0.341843,0.341843,0.007805,0.250000,0.000000,0.024232,0.040759,0.117845
1740,19.314040,3,0.000000,0.000000,0.000000,0.043013,0.000000,0.043013,0.008603,None,2.703816,2.703816,5.441990,5.441990,0.010753,0.250000,0.000000,0.024232,0.040759,0.117845
1750,19.425050,0,0.000000,0.000000,0.000000,0.044398,0.000000,0.044398,0.008880,None,1.640385,5.312635,2.956136,2.956136,0.011099,0.250000,0.000000,0.000000,0.041823,0.108365
1750,19.425050,1,1.000000,0.000000,0.000000,0.044408,0.000000,0.044408,0.408882,Wall,-0.206946,7.823035,0.420797,0.420797,0.011102,0.250000,0.000000,0.000000,0.041823,0.108365
1750,19.425050,2,0.000000,0.000000,0.000000,0.034550,0.000000,0.034550,0.006910,None,0.579593,8.167815,0.420797,0.420797,0.008638,0.250000,0.000000,0.000000,0.041823,0.108365
1750,19.425050,3,0.000000,0.000000,0.000000,0.043935,0.000000,0.043935,0.008787,None,2.730397,2.810241,5.327670,5.327670,0.010984,0.250000,0.000000,0.000000,0.041823,0.108365
1760,19.536060,0,0.000000,0.000000,0.000000,0.044401,0.000000,0.044401,0.008880,None,1.641551,5.371877,2.877211,2.877211,0.011100,0.250000,0.000000,0.000000,0.043600,0.108720
1760,19.536060,1,1.000000,0.000000,0.000000,0.044407,0.000000,0.044407,0.408881,Wall,-0.137328,7.932805,0.533094,0.533094,0.011102,0.250000,0.000000,0.000000,0.043600,0.108720
1760,19.536060,2,0.000000,0.000000,0.000000,0.041378,0.000000,0.041378,0.008276,None,0.597232,8.252729,0.533094,0.533094,0.010344,0.250000,0.000000,0.000000,0.043600,0.108720
1760,19.536060,3,0.000000,0.000000,0.000000,0.044213,0.000000,0.044213,0.008843,None,2.698741,2.915810,5.179608,5.179608,0.011053,0.250000,0.000000,0.000000,0.043600,0.108720
1770,19.647070,0,0.000000,0.000000,0.000000,0.044396,0.000000,0.044396,0.008879,None,1.643757,5.428789,2.799817,2.799817,0.011099,0.250000,0.000000,0.000000,0.044147,0.108829
1770,19.647070,1,1.000000,0.000000,0.000000,0.044404,0.000000,0.044404,0.408881,Wall,-0.072001,8.041947,0.646636,0.646636,0.011101,0.250000,0.000000,0.000000,0.044147,0.108829
1770,19.647070,2,0.000000,0.000000,0.000000,0.043483,0.000000,0.043483,0.008697,None,0.617416,8.193090,0.646636,0.646636,0.010871,0.250000,0.000000,0.000000,0.044147,0.108829
1770,19.647070,3,0.000000,0.000000,0.000000,0.044304,0.000000,0.044304,0.008861,None,2.663844,3.020582,5.037259,5.037259,0.011076,0.250000,0.000000,0.000000,0.044147,0.108829
1780,19.758080,0,0.000000,0.000000,0.000000,0.017319,0.000000,0.017319,0.003464,None,1.618995,5.439874,2.704468,2.704468,0.004330,0.250000,0.000000,0.000000,0.037547,0.107510
1780,19.758080,1,1.000000,0.000000,0.000000,0.044407,0.000000,0.044407,0.408882,Wall,-0.004471,8.150428,0.763291,0.763291,0.011102,0.250000,0.000000,0.000000,0.037547,0.107510
1780,19.758080,2,0.000000,0.000000,0.000000,0.044130,0.000000,0.044130,0.008826,None,0.639830,8.133836,0.763291,0.763291,0.011032,0.250000,0.000000,0.000000,0.037547,0.107510
1780,19.758080,3,0.000000,0.000000,0.000000,0.044333,0.000000,0.044333,0.008867,None,2.628896,3.124437,4.899901,4.899901,0.011083,0.250000,0.000000,0.000000,0.037547,0.107510
1790,19.869080,0,0.000000,0.000000,0.000000,0.005341,0.000000,0.005341,0.001068,None,1.569633,5.439874,2.604237,2.604237,0.001335,0.202644,0.000000,0.000000,0.034605,0.087978
1790,19.869080,1,0.810576,0.000000,0.000000,0.044406,0.000000,0.044406,0.333111,Wall,0.066298,8.258121,0.883622,0.883622,0.011101,0.202644,0.000000,0.000000,0.034605,0.087978
1790,19.869080,2,0.000000,0.000000,0.000000,0.044328,0.000000,0.044328,0.008866,None,0.664538,8.073625,0.883622,0.883622,0.011082,0.202644,0.000000,0.000000,0.034605,0.087978
1790,19.869080,3,0.000000,0.000000,0.000000,0.044344,0.000000,0.044344,0.008869,None,2.594845,3.227349,4.766641,4.766641,0.011086,0.202644,0.000000,0.000000,0.034605,0.087978
1800,19.980090,0,0.000000,0.000000,0.000000,0.001647,0.000000,0.001647,0.000329,None,1.513355,5.439874,2.503560,2.503560,0.000412,0.149339,0.000000,0.000000,0.033698,0.066475
1800,19.980090,1,0.597356,0.000000,0.000000,0.044404,0.000000,0.044404,0.247823,Wall,0.140926,8.364919,1.009695,1.009695,0.011101,0.149339,0.000000,0.000000,0.033698,0.066475
1800,19.980090,2,0.000000,0.000000,0.000000,0.044397,0.000000,0.044397,0.008879,None,0.691971,8.010597,1.009695,1.009695,0.011099,0.149339,0.000000,0.000000,0.033698,0.066475
1800,19.980090,3,0.000000,0.000000,0.000000,0.044345,0.000000,0.044345,0.008869,None,2.562181,3.329212,4.636453,4.636453,0.011086,0.149339,0.000000,0.000000,0.033698,0.066475
1810,20.091100,0,0.000000,0.000000,0.000000,0.013707,0.000000,0.013707,0.002741,None,1.492536,5.446763,2.439378,2.439378,0.003427,0.093208,0.000000,0.000000,0.036722,0.044628
1810,20.091100,1,0.372832,0.000000,0.000000,0.044403,0.000000,0.044403,0.158014,Wall,0.219509,8.470815,1.141503,1.141503,0.011101,0.093208,0.000000,0.000000,0.036722,0.044628
1810,20.091100,2,0.000000,0.000000,0.000000,0.044423,0.000000,0.044423,0.008885,None,0.722085,7.944846,1.141503,1.141503,0.011106,0.093208,0.000000,0.000000,0.036722,0.044628
1810,20.091100,3,0.000000,0.000000,0.000000,0.044354,0.000000,0.044354,0.008871,None,2.530698,3.430104,4.509490,4.509490,0.011088,0.093208,0.000000,0.000000,0.036722,0.044628
1820,20.202110,0,0.000000,0.000000,0.000000,0.034935,0.000000,0.034935,0.006987,None,1.632937,5.457738,2.557349,2.557349,0.008734,0.055800,0.000000,0.000000,0.035536,0.029427
1820,20.202110,1,0.223200,0.000000,0.000000,0.027737,0.000000,0.027737,0.094828,Wall,0.271880,8.533884,1.256586,1.256586,0.006934,0.055800,0.000000,0.000000,0.035536,0.029427
1820,20.202110,2,0.000000,0.000000,0.000000,0.044421,0.000000,0.044421,0.008884,None,0.757022,7.877070,1.256586,1.256586,0.011105,0.055800,0.000000,0.000000,0.035536,0.029427
1820,20.202110,3,0.000000,0.000000,0.000000,0.035050,0.000000,0.035050,0.007010,None,2.502267,3.510004,4.387292,4.387292,0.008762,0.055800,0.000000,0.000000,0.035536,0.029427
1830,20.313110,0,0.000000,0.000000,0.000000,0.041481,0.000000,0.041481,0.008296,None,1.755820,5.476745,2.678264,2.678264,0.010370,0.077683,0.000000,0.000000,0.026316,0.036337
1830,20.313110,1,0.310734,0.000000,0.000000,0.008552,0.000000,0.008552,0.126004,Wall,0.241243,8.533884,1.344569,1.344569,0.002138,0.077683,0.000000,0.000000,0.026316,0.036337
1830,20.313110,2,0.000000,0.000000,0.000000,0.044424,0.000000,0.044424,0.008885,None,0.806467,7.806421,1.344569,1.344569,0.011106,0.077683,0.000000,0.000000,0.026316,0.036337
1830,20.313110,3,0.000000,0.000000,0.000000,0.010806,0.000000,0.010806,0.002161,None,2.462780,3.510004,4.268026,4.268026,0.002702,0.077683,0.000000,0.000000,0.026316,0.036337
1840,20.424120,0,0.000000,0.000000,0.000000,0.043498,0.000000,0.043498,0.008700,None,1.852871,5.501226,2.757659,2.757659,0.010874,0.109851,0.000000,0.000000,0.027631,0.049467
1840,20.424120,1,0.439405,0.000000,0.000000,0.002637,0.000000,0.002637,0.176289,Wall,0.196208,8.533884,1.437304,1.437304,0.000659,0.109851,0.000000,0.000000,0.027631,0.049467
1840,20.424120,2,0.000000,0.000000,0.000000,0.044428,0.000000,0.044428,0.008886,None,0.862241,7.733199,1.437304,1.437304,0.011107,0.109851,0.000000,0.000000,0.027631,0.049467
1840,20.424120,3,0.000000,0.000000,0.000000,0.019959,0.000000,0.019959,0.003992,None,2.426922,3.546857,4.167040,4.167040,0.004990,0.109851,0.000000,0.000000,0.027631,0.049467
1850,20.535130,0,0.000000,0.000000,0.000000,0.044115,0.000000,0.044115,0.008823,None,1.928051,5.526129,2.802678,2.802678,0.011029,0.152025,0.000000,0.000000,0.037158,0.068242
1850,20.535130,1,0.608100,0.000000,0.000000,0.023282,0.000000,0.023282,0.247896,Wall,0.137165,8.600505,1.501985,1.501985,0.005820,0.152025,0.000000,0.000000,0.037158,0.068242
1850,20.535130,2,0.000000,0.000000,0.000000,0.044422,0.000000,0.044422,0.008884,None,0.914286,7.657375,1.501985,1.501985,0.011105,0.152025,0.000000,0.000000,0.037158,0.068242
1850,20.535130,3,0.000000,0.000000,0.000000,0.036814,0.000000,0.036814,0.007363,None,2.448453,3.635679,4.117593,4.117593,0.009203,0.152025,0.000000,0.000000,0.037158,0.068242
1860,20.646140,0,0.000000,0.000000,0.000000,0.044310,0.000000,0.044310,0.008862,None,1.967441,5.547939,2.819559,2.819559,0.011078,0.161037,0.000000,0.000000,0.042157,0.072846
1860,20.646140,1,0.644146,0.000000,0.000000,0.037882,0.000000,0.037882,0.265235,Wall,0.124549,8.710840,1.560987,1.560987,0.009471,0.161037,0.000000,0.000000,0.042157,0.072846
1860,20.646140,2,0.000000,0.000000,0.000000,0.044427,0.000000,0.044427,0.008885,None,0.951847,7.579175,1.560987,1.560987,0.011107,0.161037,0.000000,0.000000,0.042157,0.072846
1860,20.646140,3,0.000000,0.000000,0.000000,0.042010,0.000000,0.042010,0.008402,None,2.455081,3.725064,4.047070,4.047070,0.010502,0.161037,0.000000,0.000000,0.042157,0.072846
1870,20.757140,0,0.000000,0.000000,0.000000,0.044367,0.000000,0.044367,0.008873,None,1.994500,5.563963,2.796046,2.796046,0.011092,0.116375,0.000000,0.000000,0.043698,0.055289
1870,20.757140,1,0.465499,0.000000,0.000000,0.042387,0.000000,0.042387,0.194677,Wall,0.187075,8.818301,1.649911,1.649911,0.010597,0.116375,0.000000,0.000000,0.043698,0.055289
1870,20.757140,2,0.000000,0.000000,0.000000,0.044426,0.000000,0.044426,0.008885,None,0.986191,7.498725,1.649911,1.649911,0.011107,0.116375,0.000000,0.000000,0.043698,0.055289
1870,20.757140,3,0.000000,0.000000,0.000000,0.043612,0.000000,0.043612,0.008722,None,2.447695,3.814697,3.962702,3.962702,0.010903,0.116375,0.000000,0.000000,0.043698,0.055289
1880,20.868150,0,0.000000,0.000000,0.000000,0.044384,0.000000,0.044384,0.008877,None,2.018087,5.562563,2.759011,2.759011,0.011096,0.051262,0.000000,0.000000,0.044172,0.029339
1880,20.868150,1,0.205047,0.000000,0.000000,0.043769,0.000000,0.043769,0.090773,Wall,0.278233,8.821693,1.741268,1.741268,0.010942,0.051262,0.000000,0.000000,0.044172,0.029339
1880,20.868150,2,0.000000,0.000000,0.000000,0.044427,0.000000,0.044427,0.008885,None,1.021541,7.416014,1.741268,1.741268,0.011107,0.051262,0.000000,0.000000,0.044172,0.029339
1880,20.868150,3,0.000000,0.000000,0.000000,0.044106,0.000000,0.044106,0.008821,None,2.435840,3.903540,3.876420,3.876420,0.011026,0.051262,0.000000,0.000000,0.044172,0.029339
1890,20.979160,0,0.000000,0.000000,0.000000,0.044389,0.000000,0.044389,0.008878,None,2.041243,5.549231,2.720471,2.720471,0.011097,0.000000,0.000000,0.000000,0.044316,0.008863
1890,20.979160,1,0.000000,0.000000,0.000000,0.044195,0.000000,0.044195,0.008839,None,0.378653,8.751640,1.832227,1.832227,0.011049,0.000000,0.000000,0.000000,0.044316,0.008863
1890,20.979160,2,0.000000,0.000000,0.000000,0.044421,0.000000,0.044421,0.008884,None,1.059132,7.331111,1.832227,1.832227,0.011105,0.000000,0.000000,0.000000,0.044316,0.008863
1890,20.979160,3,0.000000,0.000000,0.000000,0.044260,0.000000,0.044260,0.008852,None,2.424212,3.991155,3.794018,3.794018,0.011065,0.000000,0.000000,0.000000,0.044316,0.008863
1900,21.090170,0,0.000000,0.000000,0.000000,0.044389,0.000000,0.044389,0.008878,None,2.064877,5.532837,2.683346,2.683346,0.011097,0.000000,0.000000,0.000000,0.044361,0.008872
1900,21.090170,1,0.000000,0.000000,0.000000,0.044321,0.000000,0.044321,0.008864,None,0.483406,8.678267,1.926136,1.926136,0.011080,0.000000,0.000000,0.000000,0.044361,0.008872
1900,21.090170,2,0.000000,0.000000,0.000000,0.044428,0.000000,0.044428,0.008886,None,1.099418,7.243970,1.926136,1.926136,0.011107,0.000000,0.000000,0.000000,0.044361,0.008872
1900,21.090170,3,0.000000,0.000000,0.000000,0.044305,0.000000,0.044305,0.008861,None,2.414979,4.077173,3.717878,3.717878,0.011076,0.000000,0.000000,0.000000,0.044361,0.008872
1910,21.201180,0,0.000000,0.000000,0.000000,0.044394,0.000000,0.044394,0.008879,None,2.072793,5.513455,2.648213,2.648213,0.011098,0.000000,0.000000,0.000000,0.044376,0.008875
1910,21.201180,1,0.000000,0.000000,0.000000,0.044362,0.000000,0.044362,0.008872,None,0.537907,8.602431,2.025570,2.025570,0.011091,0.000000,0.000000,0.000000,0.044376,0.008875
1910,21.201180,2,0.000000,0.000000,0.000000,0.044424,0.000000,0.044424,0.008885,None,1.105446,7.154761,2.025570,2.025570,0.011106,0.000000,0.000000,0.000000,0.044376,0.008875
1910,21.201180,3,0.000000,0.000000,0.000000,0.044325,0.000000,0.044325,0.008865,None,2.408578,4.161661,3.649262,3.649262,0.011081,0.000000,0.000000,0.000000,0.044376,0.008875
1920,21.312180,0,0.000000,0.000000,0.000000,0.044390,0.000000,0.044390,0.008878,None,2.066034,5.491334,2.614680,2.614680,0.011098,0.000000,0.000000,0.000000,0.044381,0.008876
1920,21.312180,1,0.000000,0.000000,0.000000,0.044377,0.000000,0.044377,0.008875,None,0.476885,8.524167,2.130450,2.130450,0.011094,0.000000,0.000000,0.000000,0.044381,0.008876
1920,21.312180,2,0.000000,0.000000,0.000000,0.044419,0.000000,0.044419,0.008884,None,1.028600,7.063599,2.130450,2.130450,0.011105,0.000000,0.000000,0.000000,0.044381,0.008876
1920,21.312180,3,0.000000,0.000000,0.000000,0.044336,0.000000,0.044336,0.008867,None,2.405808,4.244386,3.589157,3.589157,0.011084,0.000000,0.000000,0.000000,0.044381,0.008876
1930,21.423190,0,0.000000,0.000000,0.000000,0.044398,0.000000,0.044398,0.008880,None,2.055039,5.466176,2.583616,2.583616,0.011099,0.000000,0.000000,0.000000,0.044384,0.008877
1930,21.423190,1,0.000000,0.000000,0.000000,0.044383,0.000000,0.044383,0.008877,None,0.417358,8.443794,2.240695,2.240695,0.011096,0.000000,0.000000,0.000000,0.044384,0.008877
1930,21.423190,2,0.000000,0.000000,0.000000,0.044425,0.000000,0.044425,0.008885,None,0.955148,6.970386,2.240695,2.240695,0.011106,0.000000,0.000000,0.000000,0.044384,0.008877
1930,21.423190,3,0.000000,0.000000,0.000000,0.044330,0.000000,0.044330,0.008866,None,2.406241,4.222517,3.536984,3.536984,0.011083,0.000000,0.000000,0.000000,0.044384,0.008877
1940,21.534200,0,0.000000,0.000000,0.000000,0.044392,0.000000,0.044392,0.008878,None,2.044460,5.438209,2.554438,2.554438,0.011098,0.000000,0.000000,0.000000,0.044385,0.008877
1940,21.534200,1,0.000000,0.000000,0.000000,0.044388,0.000000,0.044388,0.008878,None,0.359111,8.361098,2.356251,2.356251,0.011097,0.000000,0.000000,0.000000,0.044385,0.008877
1940,21.534200,2,0.000000,0.000000,0.000000,0.044430,0.000000,0.044430,0.008886,None,0.885634,6.875285,2.356251,2.356251,0.011108,0.000000,0.000000,0.000000,0.044385,0.008877
1940,21.534200,3,0.000000,0.000000,0.000000,0.044330,0.000000,0.044330,0.008866,None,2.410420,4.122918,3.493792,3.493792,0.011082,0.000000,0.000000,0.000000,0.044385,0.008877
1950,21.645210,0,0.000000,0.000000,0.000000,0.044391,0.000000,0.044391,0.008878,None,2.034428,5.407208,2.527863,2.527863,0.011098,0.033907,0.000000,0.000000,0.044383,0.022439
1950,21.645210,1,0.135626,0.000000,0.000000,0.044380,0.000000,0.044380,0.063127,Wall,0.302531,8.276245,2.476960,2.476960,0.011095,0.033907,0.000000,0.000000,0.044383,0.022439
1950,21.645210,2,0.000000,0.000000,0.000000,0.044428,0.000000,0.044428,0.008886,None,0.820721,6.778476,2.476960,2.476960,0.011107,0.033907,0.000000,0.000000,0.044383,0.022439
1950,21.645210,3,0.000000,0.000000,0.000000,0.044333,0.000000,0.044333,0.008867,None,2.418276,4.021782,3.460040,3.460040,0.011083,0.033907,0.000000,0.000000,0.044383,0.022439
1960,21.756210,0,0.000000,0.000000,0.000000,0.044385,0.000000,0.044385,0.008877,None,2.024911,5.373277,2.503736,2.503736,0.011096,0.073061,0.000000,0.000000,0.038853,0.036995
1960,21.756210,1,0.292243,0.000000,0.000000,0.044380,0.000000,0.044380,0.125773,Wall,0.247715,8.189392,2.503736,2.503736,0.011095,0.073061,0.000000,0.000000,0.038853,0.036995
1960,21.756210,2,0.000000,0.000000,0.000000,0.044425,0.000000,0.044425,0.008885,None,0.760192,6.680083,2.602679,2.602679,0.011106,0.073061,0.000000,0.000000,0.038853,0.036995
1960,21.756210,3,0.000000,0.000000,0.000000,0.022223,0.000000,0.022223,0.004445,None,2.391594,3.991469,3.382201,3.382201,0.005556,0.073061,0.000000,0.000000,0.038853,0.036995
1970,21.867220,0,0.000000,0.000000,0.000000,0.044396,0.000000,0.044396,0.008879,None,2.015974,5.336510,2.482153,2.482153,0.011099,0.110930,0.000000,0.000000,0.042687,0.052909
1970,21.867220,1,0.443719,0.000000,0.000000,0.044380,0.000000,0.044380,0.186364,Wall,0.194698,8.100569,2.482153,2.482153,0.011095,0.110930,0.000000,0.000000,0.042687,0.052909
1970,21.867220,2,0.000000,0.000000,0.000000,0.044426,0.000000,0.044426,0.008885,None,0.702774,6.579924,2.733366,2.733366,0.011106,0.110930,0.000000,0.000000,0.042687,0.052909
1970,21.867220,3,0.000000,0.000000,0.000000,0.037547,0.000000,0.037547,0.007509,None,2.389875,3.893587,3.356896,3.356896,0.009387,0.110930,0.000000,0.000000,0.042687,0.052909
1980,21.978230,0,0.000000,0.000000,0.000000,0.044389,0.000000,0.044389,0.008878,None,2.007585,5.296848,2.463027,2.463027,0.011097,0.147417,0.000000,0.000000,0.043867,0.067740
1980,21.978230,1,0.589670,0.000000,0.000000,0.044375,0.000000,0.044375,0.244743,Wall,0.143616,8.009712,2.463027,2.463027,0.011094,0.147417,0.000000,0.000000,0.043867,0.067740
1980,21.978230,2,0.000000,0.000000,0.000000,0.044432,0.000000,0.044432,0.008886,None,0.650125,6.478017,2.868961,2.868961,0.011108,0.147417,0.000000,0.000000,0.043867,0.067740
1980,21.978230,3,0.000000,0.000000,0.000000,0.042272,0.000000,0.042272,0.008454,None,2.404929,3.789263,3.348128,3.348128,0.010568,0.147417,0.000000,0.000000,0.043867,0.067740
1990,22.089240,0,0.000000,0.000000,0.000000,0.044385,0.000000,0.044385,0.008877,None,1.999756,5.254355,2.446283,2.446283,0.011096,0.182439,0.000000,0.000000,0.044229,0.081821
1990,22.089240,1,0.729757,0.000000,0.000000,0.044378,0.000000,0.044378,0.300778,Wall,0.094585,7.916939,2.446283,2.446283,0.011094,0.182439,0.000000,0.000000,0.044229,0.081821
1990,22.089240,2,0.000000,0.000000,0.000000,0.044425,0.000000,0.044425,0.008885,None,0.603558,6.374842,3.009215,3.009215,0.011106,0.182439,0.000000,0.000000,0.044229,0.081821
1990,22.089240,3,0.000000,0.000000,0.000000,0.043728,0.000000,0.043728,0.008746,None,2.427942,3.682173,3.351407,3.351407,0.010932,0.182439,0.000000,0.000000,0.044229,0.081821
2000,22.200240,0,0.000000,0.000000,0.000000,0.044387,0.000000,0.044387,0.008877,None,1.992564,5.208943,2.432300,2.432300,0.011097,0.215865,0.000000,0.000000,0.044343,0.095215
2000,22.200240,1,0.863459,0.000000,0.000000,0.044377,0.000000,0.044377,0.354259,Wall,0.047789,7.822374,2.432300,2.432300,0.011094,0.215865,0.000000,0.000000,0.044343,0.095215
2000,22.200240,2,0.000000,0.000000,0.000000,0.044426,0.000000,0.044426,0.008885,None,0.563350,6.270263,3.154057,3.154057,0.011106,0.215865,0.000000,0.000000,0.044343,0.095215
2000,22.200240,3,0.000000,0.000000,0.000000,0.044183,0.000000,0.044183,0.008837,None,2.455042,3.574254,3.364150,3.364150,0.011046,0.215865,0.000000,0.000000,0.044343,0.095215
2010,22.311250,0,0.000000,0.000000,0.000000,0.013686,0.000000,0.013686,0.002737,None,1.925781,5.208943,2.313716,2.313716,0.003421,0.250000,0.000000,0.000000,0.036704,0.107341
2010,22.311250,1,1.000000,0.000000,0.000000,0.044381,0.000000,0.044381,0.408876,Wall,-0.004066,7.726120,2.313716,2.313716,0.011095,0.250000,0.000000,0.000000,0.036704,0.107341
2010,22.311250,2,0.000000,0.000000,0.000000,0.044433,0.000000,0.044433,0.008887,None,0.529588,6.164192,3.303398,3.303398,0.011108,0.250000,0.000000,0.000000,0.036704,0.107341
2010,22.311250,3,0.000000,0.000000,0.000000,0.044316,0.000000,0.044316,0.008863,None,2.485773,3.465701,3.385863,3.385863,0.011079,0.250000,0.000000,0.000000,0.036704,0.107341
2020,22.422260,0,0.000000,0.000000,0.000000,0.029113,0.000000,0.029113,0.005823,None,1.917038,5.148649,2.288530,2.288530,0.007278,0.250000,0.000000,0.000000,0.034340,0.106868
2020,22.422260,1,1.000000,0.000000,0.000000,0.044382,0.000000,0.044382,0.408876,Wall,-0.056886,7.628158,2.288530,2.288530,0.011095,0.250000,0.000000,0.000000,0.034340,0.106868
2020,22.422260,2,0.000000,0.000000,0.000000,0.019498,0.000000,0.019498,0.003900,None,0.560420,6.132246,3.392086,3.392086,0.004875,0.250000,0.000000,0.000000,0.034340,0.106868
2020,22.422260,3,0.000000,0.000000,0.000000,0.044364,0.000000,0.044364,0.008873,None,2.506812,3.356008,3.464899,3.464899,0.011091,0.250000,0.000000,0.000000,0.034340,0.106868
2030,22.533270,0,0.000000,0.000000,0.000000,0.039661,0.000000,0.039661,0.007932,None,1.923049,5.056408,2.306989,2.306989,0.009915,0.250000,0.000000,0.000000,0.033607,0.106722
2030,22.533270,1,1.000000,0.000000,0.000000,0.044377,0.000000,0.044377,0.408876,Wall,-0.100556,7.528863,2.306989,2.306989,0.011094,0.250000,0.000000,0.000000,0.033607,0.106722
2030,22.533270,2,0.000000,0.000000,0.000000,0.006012,0.000000,0.006012,0.001202,None,0.597123,6.132246,3.457440,3.457440,0.001503,0.250000,0.000000,0.000000,0.033607,0.106722
2030,22.533270,3,0.000000,0.000000,0.000000,0.044379,0.000000,0.044379,0.008876,None,2.530787,3.245339,3.567570,3.567570,0.011095,0.250000,0.000000,0.000000,0.033607,0.106722
2040,22.644280,0,0.000000,0.000000,0.000000,0.042911,0.000000,0.042911,0.008582,None,1.923084,4.980087,2.314095,2.314095,0.010728,0.250000,0.000000,0.000000,0.040641,0.108128
2040,22.644280,1,1.000000,0.000000,0.000000,0.044384,0.000000,0.044384,0.408877,Wall,-0.139494,7.427773,2.314095,2.314095,0.011096,0.250000,0.000000,0.000000,0.040641,0.108128
2040,22.644280,2,0.000000,0.000000,0.000000,0.030889,0.000000,0.030889,0.006178,None,0.548535,6.069879,3.585241,3.585241,0.007722,0.250000,0.000000,0.000000,0.040641,0.108128
2040,22.644280,3,0.000000,0.000000,0.000000,0.044380,0.000000,0.044380,0.008876,None,2.542733,3.133882,3.585241,3.585241,0.011095,0.250000,0.000000,0.000000,0.040641,0.108128
2050,22.755280,0,0.000000,0.000000,0.000000,0.043916,0.000000,0.043916,0.008783,None,1.920806,4.912063,2.316482,2.316482,0.010979,0.250000,0.000000,0.000000,0.043233,0.108647
2050,22.755280,1,1.000000,0.000000,0.000000,0.044373,0.000000,0.044373,0.408875,Wall,-0.174476,7.325415,2.316482,2.316482,0.011093,0.250000,0.000000,0.000000,0.043233,0.108647
2050,22.755280,2,0.000000,0.000000,0.000000,0.040268,0.000000,0.040268,0.008054,None,0.519099,5.983036,3.611384,3.611384,0.010067,0.250000,0.000000,0.000000,0.043233,0.108647
2050,22.755280,3,0.000000,0.000000,0.000000,0.044376,0.000000,0.044376,0.008875,None,2.537145,3.021630,3.611384,3.611384,0.011094,0.250000,0.000000,0.000000,0.043233,0.108647
2060,22.866290,0,0.000000,0.000000,0.000000,0.044226,0.000000,0.044226,0.008845,None,1.918065,4.845789,2.318535,2.318535,0.011057,0.250000,0.000000,0.000000,0.044034,0.108807
2060,22.866290,1,1.000000,0.000000,0.000000,0.044371,0.000000,0.044371,0.408874,Wall,-0.206178,7.221839,2.318535,2.318535,0.011093,0.250000,0.000000,0.000000,0.044034,0.108807
2060,22.866290,2,0.000000,0.000000,0.000000,0.043153,0.000000,0.043153,0.008631,None,0.507682,5.879745,3.657773,3.657773,0.010788,0.250000,0.000000,0.000000,0.044034,0.108807
2060,22.866290,3,0.000000,0.000000,0.000000,0.044384,0.000000,0.044384,0.008877,None,2.528515,2.908175,3.657773,3.657773,0.011096,0.250000,0.000000,0.000000,0.044034,0.108807
2070,22.977300,0,0.000000,0.000000,0.000000,0.044322,0.000000,0.044322,0.008864,None,1.915572,4.778391,2.321989,2.321989,0.011081,0.250000,0.000000,0.000000,0.044280,0.108856
2070,22.977300,1,1.000000,0.000000,0.000000,0.044371,0.000000,0.044371,0.408874,Wall,-0.234959,7.116787,2.321989,2.321989,0.011093,0.250000,0.000000,0.000000,0.044280,0.108856
2070,22.977300,2,0.000000,0.000000,0.000000,0.044044,0.000000,0.044044,0.008809,None,0.506924,5.771441,3.714795,3.714795,0.011011,0.250000,0.000000,0.000000,0.044280,0.108856
2070,22.977300,3,0.000000,0.000000,0.000000,0.044384,0.000000,0.044384,0.008877,None,2.521053,2.794077,3.714795,3.714795,0.011096,0.250000,0.000000,0.000000,0.044280,0.108856
2080,23.088310,0,0.000000,0.000000,0.000000,0.044350,0.000000,0.044350,0.008870,None,1.913538,4.708984,2.327479,2.327479,0.011087,0.250000,0.000000,0.000000,0.044357,0.108872
2080,23.088310,1,1.000000,0.000000,0.000000,0.044375,0.000000,0.044375,0.408875,Wall,-0.260765,7.010078,2.327479,2.327479,0.011094,0.250000,0.000000,0.000000,0.044357,0.108872
2080,23.088310,2,0.000000,0.000000,0.000000,0.044317,0.000000,0.044317,0.008863,None,0.514861,5.661877,3.779602,3.779602,0.011079,0.250000,0.000000,0.000000,0.044357,0.108872
2080,23.088310,3,0.000000,0.000000,0.000000,0.044387,0.000000,0.044387,0.008877,None,2.516191,2.679424,3.779602,3.779602,0.011097,0.250000,0.000000,0.000000,0.044357,0.108872
2090,23.199310,0,0.000000,0.000000,0.000000,0.044352,0.000000,0.044352,0.008870,None,1.912671,4.637238,2.346385,2.346385,0.011088,0.250000,0.000000,0.000000,0.040820,0.108164
2090,23.199310,1,1.000000,0.000000,0.000000,0.039451,0.000000,0.039451,0.407890,Wall,-0.272237,6.912820,2.346385,2.346385,0.009863,0.250000,0.000000,0.000000,0.040820,0.108164
2090,23.199310,2,0.000000,0.000000,0.000000,0.044402,0.000000,0.044402,0.008880,None,0.529383,5.551334,3.828374,3.828374,0.011100,0.250000,0.000000,0.000000,0.040820,0.108164
2090,23.199310,3,0.000000,0.000000,0.000000,0.035077,0.000000,0.035077,0.007015,None,2.500513,2.587227,3.828374,3.828374,0.008769,0.250000,0.000000,0.000000,0.040820,0.108164
2100,23.310320,0,0.000000,0.000000,0.000000,0.044364,0.000000,0.044364,0.008873,None,1.940179,4.563027,2.464644,2.464644,0.011091,0.250000,0.000000,0.000000,0.034170,0.106834
2100,23.310320,1,1.000000,0.000000,0.000000,0.012164,0.000000,0.012164,0.402433,Wall,-0.204116,6.912820,2.464644,2.464644,0.003041,0.250000,0.000000,0.000000,0.034170,0.106834
2100,23.310320,2,0.000000,0.000000,0.000000,0.044427,0.000000,0.044427,0.008885,None,0.538173,5.440018,3.873901,3.873901,0.011107,0.250000,0.000000,0.000000,0.034170,0.106834
2100,23.310320,3,0.000000,0.000000,0.000000,0.035726,0.000000,0.035726,0.007145,None,2.488327,2.504039,3.873901,3.873901,0.008932,0.250000,0.000000,0.000000,0.034170,0.106834
2110,23.421330,0,0.000000,0.000000,0.000000,0.044370,0.000000,0.044370,0.008874,None,1.987184,4.486482,2.583113,2.583113,0.011092,0.250000,0.000000,0.000000,0.033570,0.106714
2110,23.421330,1,1.000000,0.000000,0.000000,0.003750,0.000000,0.003750,0.400750,Wall,-0.152957,6.912820,2.583113,2.583113,0.000938,0.250000,0.000000,0.000000,0.033570,0.106714
2110,23.421330,2,0.000000,0.000000,0.000000,0.044437,0.000000,0.044437,0.008887,None,0.563793,5.327888,3.961922,3.961922,0.011109,0.250000,0.000000,0.000000,0.033570,0.106714
2110,23.421330,3,0.000000,0.000000,0.000000,0.041724,0.000000,0.041724,0.008345,None,2.383925,2.383925,3.961922,3.961922,0.010431,0.250000,0.000000,0.000000,0.033570,0.106714
2120,23.532340,0,0.000000,0.000000,0.000000,0.044364,0.000000,0.044364,0.008873,None,2.040377,4.407561,2.701461,2.701461,0.011091,0.250000,0.000000,0.000000,0.033381,0.106676
2120,23.532340,1,1.000000,0.000000,0.000000,0.001156,0.000000,0.001156,0.400231,Wall,-0.105762,6.912820,2.701461,2.701461,0.000289,0.250000,0.000000,0.000000,0.033381,0.106676
2120,23.532340,2,0.000000,0.000000,0.000000,0.044437,0.000000,0.044437,0.008887,None,0.600815,5.215026,4.054113,4.054113,0.011109,0.250000,0.000000,0.000000,0.033381,0.106676
2120,23.532340,3,0.000000,0.000000,0.000000,0.043568,0.000000,0.043568,0.008714,None,2.265142,2.265142,4.054113,4.054113,0.010892,0.250000,0.000000,0.000000,0.033381,0.106676
2130,23.643340,0,0.000000,0.000000,0.000000,0.044362,0.000000,0.044362,0.008872,None,2.095630,4.326722,2.819681,2.819681,0.011091,0.250000,0.000000,0.000000,0.033324,0.106665
2130,23.643340,1,1.000000,0.000000,0.000000,0.000357,0.000000,0.000357,0.400071,Wall,-0.058703,6.912820,2.819681,2.819681,0.000089,0.250000,0.000000,0.000000,0.033324,0.106665
2130,23.643340,2,0.000000,0.000000,0.000000,0.044434,0.000000,0.044434,0.008887,None,0.646656,5.101522,4.150881,4.150881,0.011108,0.250000,0.000000,0.000000,0.033324,0.106665
2130,23.643340,3,0.000000,0.000000,0.000000,0.044145,0.000000,0.044145,0.008829,None,2.147016,2.147016,4.150881,4.150881,0.011036,0.250000,0.000000,0.000000,0.033324,0.106665
2140,23.754350,0,0.000000,0.000000,0.000000,0.044355,0.000000,0.044355,0.008871,None,2.127521,4.243749,2.870423,2.870423,0.011089,0.250000,0.000000,0.000000,0.040985,0.108197
2140,23.754350,1,1.000000,0.000000,0.000000,0.030823,0.000000,0.030823,0.406165,Wall,-0.091195,6.696718,2.870423,2.870423,0.007706,0.250000,0.000000,0.000000,0.040985,0.108197
2140,23.754350,2,0.000000,0.000000,0.000000,0.044437,0.000000,0.044437,0.008887,None,0.700394,4.987289,4.252482,4.252482,0.011109,0.250000,0.000000,0.000000,0.040985,0.108197
2140,23.754350,3,0.000000,0.000000,0.000000,0.044323,0.000000,0.044323,0.008865,None,2.029134,2.029134,4.252482,4.252482,0.011081,0.250000,0.000000,0.000000,0.040985,0.108197
2150,23.865360,0,0.000000,0.000000,0.000000,0.044353,0.000000,0.044353,0.008871,None,2.139450,4.158854,2.927999,2.927999,0.011088,0.250000,0.000000,0.000000,0.043343,0.108669
2150,23.865360,1,1.000000,0.000000,0.000000,0.040213,0.000000,0.040213,0.408043,Wall,-0.090930,6.510441,2.927999,2.927999,0.010053,0.250000,0.000000,0.000000,0.043343,0.108669
2150,23.865360,2,0.000000,0.000000,0.000000,0.044438,0.000000,0.044438,0.008888,None,0.761563,4.872342,4.358626,4.358626,0.011110,0.250000,0.000000,0.000000,0.043343,0.108669
2150,23.865360,3,0.000000,0.000000,0.000000,0.044369,0.000000,0.044369,0.008874,None,1.911563,1.911563,4.358626,4.358626,0.011092,0.250000,0.000000,0.000000,0.043343,0.108669
2160,23.976370,0,0.000000,0.000000,0.000000,0.044356,0.000000,0.044356,0.008871,None,2.145836,4.071996,2.974273,2.974273,0.011089,0.250000,0.000000,0.000000,0.044074,0.108815
2160,23.976370,1,1.000000,0.000000,0.000000,0.043110,0.000000,0.043110,0.408622,Wall,-0.079841,6.367878,2.974273,2.974273,0.010777,0.250000,0.000000,0.000000,0.044074,0.108815
2160,23.976370,2,0.000000,0.000000,0.000000,0.044441,0.000000,0.044441,0.008888,None,0.829639,4.756719,4.469593,4.469593,0.011110,0.250000,0.000000,0.000000,0.044074,0.108815
2160,23.976370,3,0.000000,0.000000,0.000000,0.044388,0.000000,0.044388,0.008878,None,1.793595,1.793595,4.469593,4.469593,0.011097,0.250000,0.000000,0.000000,0.044074,0.108815
2170,24.087380,0,0.000000,0.000000,0.000000,0.044353,0.000000,0.044353,0.008871,None,2.151011,3.983169,3.015275,3.015275,0.011088,0.250000,0.000000,0.000000,0.044297,0.108859
2170,24.087380,1,1.000000,0.000000,0.000000,0.044001,0.000000,0.044001,0.408800,Wall,-0.063641,6.242458,3.015275,3.015275,0.011000,0.250000,0.000000,0.000000,0.044297,0.108859
2170,24.087380,2,0.000000,0.000000,0.000000,0.044440,0.000000,0.044440,0.008888,None,0.904473,4.640604,4.563273,4.563273,0.011110,0.250000,0.000000,0.000000,0.044297,0.108859
2170,24.087380,3,0.000000,0.000000,0.000000,0.044393,0.000000,0.044393,0.008879,None,1.675714,1.675714,4.563273,4.563273,0.011098,0.250000,0.000000,0.000000,0.044297,0.108859
2180,24.198380,0,0.000000,0.000000,0.000000,0.044352,0.000000,0.044352,0.008870,None,2.156328,3.892521,3.055893,3.055893,0.011088,0.250000,0.000000,0.000000,0.044367,0.108873
2180,24.198380,1,1.000000,0.000000,0.000000,0.044277,0.000000,0.044277,0.408856,Wall,-0.043272,6.122334,3.055893,3.055893,0.011069,0.250000,0.000000,0.000000,0.044367,0.108873
2180,24.198380,2,0.000000,0.000000,0.000000,0.044437,0.000000,0.044437,0.008887,None,0.985322,4.524063,4.632390,4.632390,0.011109,0.250000,0.000000,0.000000,0.044367,0.108873
2180,24.198380,3,0.000000,0.000000,0.000000,0.044400,0.000000,0.044400,0.008880,None,1.557803,1.557803,4.632390,4.632390,0.011100,0.250000,0.000000,0.000000,0.044367,0.108873
2190,24.309390,0,0.000000,0.000000,0.000000,0.044353,0.000000,0.044353,0.008871,None,2.162259,3.799824,3.098089,3.098089,0.011088,0.250000,0.000000,0.000000,0.044388,0.108878
2190,24.309390,1,1.000000,0.000000,0.000000,0.044367,0.000000,0.044367,0.408873,Wall,-0.019046,6.003364,3.098089,3.098089,0.011092,0.250000,0.000000,0.000000,0.044388,0.108878
2190,24.309390,2,0.000000,0.000000,0.000000,0.044435,0.000000,0.044435,0.008887,None,1.071789,4.407128,4.705528,4.705528,0.011109,0.250000,0.000000,0.000000,0.044388,0.108878
2190,24.309390,3,0.000000,0.000000,0.000000,0.044396,0.000000,0.044396,0.008879,None,1.440069,1.440069,4.705528,4.705528,0.011099,0.250000,0.000000,0.000000,0.044388,0.108878
2200,24.420400,0,0.000000,0.000000,0.000000,0.044351,0.000000,0.044351,0.008870,None,2.168809,3.705413,3.142137,3.142137,0.011088,0.243386,0.000000,0.000000,0.044394,0.106233
2200,24.420400,1,0.973543,0.000000,0.000000,0.044393,0.000000,0.044393,0.398296,Wall,0.009260,5.884725,3.142137,3.142137,0.011098,0.243386,0.000000,0.000000,0.044394,0.106233
2200,24.420400,2,0.000000,0.000000,0.000000,0.044440,0.000000,0.044440,0.008888,None,1.163028,4.289696,4.784312,4.784312,0.011110,0.243386,0.000000,0.000000,0.044394,0.106233
2200,24.420400,3,0.000000,0.000000,0.000000,0.044392,0.000000,0.044392,0.008878,None,1.322679,1.322679,4.784312,4.784312,0.011098,0.243386,0.000000,0.000000,0.044394,0.106233
2210,24.531410,0,0.000000,0.000000,0.000000,0.017303,0.000000,0.017303,0.003461,None,2.104225,3.686315,3.102053,3.102053,0.004326,0.233045,0.000000,0.000000,0.037633,0.100745
2210,24.531410,1,0.932180,0.000000,0.000000,0.044392,0.000000,0.044392,0.381750,Wall,0.023737,5.766392,3.102053,3.102053,0.011098,0.233045,0.000000,0.000000,0.037633,0.100745
2210,24.531410,2,0.000000,0.000000,0.000000,0.044443,0.000000,0.044443,0.008889,None,1.259124,4.172113,4.867577,4.867577,0.011111,0.233045,0.000000,0.000000,0.037633,0.100745
2210,24.531410,3,0.000000,0.000000,0.000000,0.044396,0.000000,0.044396,0.008879,None,1.205389,1.205389,4.867577,4.867577,0.011099,0.233045,0.000000,0.000000,0.037633,0.100745
2220,24.642410,0,0.000000,0.000000,0.000000,0.005335,0.000000,0.005335,0.001067,None,2.043912,3.686315,3.045071,3.045071,0.001334,0.239463,0.000000,0.000000,0.034643,0.102714
2220,24.642410,1,0.957851,0.000000,0.000000,0.044396,0.000000,0.044396,0.392020,Wall,0.014752,5.647989,3.045071,3.045071,0.011099,0.239463,0.000000,0.000000,0.034643,0.102714
2220,24.642410,2,0.000000,0.000000,0.000000,0.044445,0.000000,0.044445,0.008889,None,1.359184,4.054255,4.946987,4.946987,0.011111,0.239463,0.000000,0.000000,0.034643,0.102714
2220,24.642410,3,0.000000,0.000000,0.000000,0.044397,0.000000,0.044397,0.008879,None,1.088233,1.088233,4.946987,4.946987,0.011099,0.239463,0.000000,0.000000,0.034643,0.102714
2230,24.753420,0,0.000000,0.000000,0.000000,0.001645,0.000000,0.001645,0.000329,None,1.992754,3.686315,2.993524,2.993524,0.000411,0.249034,0.000000,0.000000,0.033721,0.106358
2230,24.753420,1,0.996138,0.000000,0.000000,0.044394,0.000000,0.044394,0.407334,Wall,0.001352,5.529685,2.993524,2.993524,0.011099,0.249034,0.000000,0.000000,0.033721,0.106358
2230,24.753420,2,0.000000,0.000000,0.000000,0.044445,0.000000,0.044445,0.008889,None,1.462802,3.936341,5.031829,5.031829,0.011111,0.249034,0.000000,0.000000,0.033721,0.106358
2230,24.753420,3,0.000000,0.000000,0.000000,0.044401,0.000000,0.044401,0.008880,None,0.971453,0.971453,5.031829,5.031829,0.011100,0.249034,0.000000,0.000000,0.033721,0.106358
2240,24.864430,0,0.000000,0.000000,0.000000,0.000508,0.000000,0.000508,0.000102,None,1.945250,3.686315,2.947543,2.947543,0.000127,0.250000,0.000000,0.000000,0.033436,0.106687
2240,24.864430,1,1.000000,0.000000,0.000000,0.044400,0.000000,0.044400,0.408880,Wall,-0.010300,5.411357,2.947543,2.947543,0.011100,0.250000,0.000000,0.000000,0.033436,0.106687
2240,24.864430,2,0.000000,0.000000,0.000000,0.044435,0.000000,0.044435,0.008887,None,1.569569,3.818619,5.121790,5.121790,0.011109,0.250000,0.000000,0.000000,0.033436,0.106687
2240,24.864430,3,0.000000,0.000000,0.000000,0.044401,0.000000,0.044401,0.008880,None,0.855166,0.855166,5.121790,5.121790,0.011100,0.250000,0.000000,0.000000,0.033436,0.106687
2250,24.975440,0,0.000000,0.000000,0.000000,0.009462,0.000000,0.009462,0.001892,None,1.918612,3.689383,2.930461,2.930461,0.002366,0.250000,0.000000,0.000000,0.035674,0.107135
2250,24.975440,1,1.000000,0.000000,0.000000,0.044394,0.000000,0.044394,0.408879,Wall,-0.015590,5.293468,2.930461,2.930461,0.011099,0.250000,0.000000,0.000000,0.035674,0.107135
2250,24.975440,2,0.000000,0.000000,0.000000,0.044437,0.000000,0.044437,0.008887,None,1.678683,3.700715,5.216513,5.216513,0.011109,0.250000,0.000000,0.000000,0.035674,0.107135
2250,24.975440,3,0.000000,0.000000,0.000000,0.044402,0.000000,0.044402,0.008880,None,0.739370,0.739370,5.216513,5.216513,0.011100,0.250000,0.000000,0.000000,0.035674,0.107135
2260,25.086440,0,0.000000,0.000000,0.000000,0.033599,0.000000,0.033599,0.006720,None,1.947341,3.763618,3.025694,3.025694,0.008400,0.237913,0.000000,0.000000,0.041710,0.103507
2260,25.086440,1,0.951653,0.000000,0.000000,0.044396,0.000000,0.044396,0.389540,Wall,0.016922,5.175777,3.025694,3.025694,0.011099,0.237913,0.000000,0.000000,0.041710,0.103507
2260,25.086440,2,0.000000,0.000000,0.000000,0.044440,0.000000,0.044440,0.008888,None,1.789956,3.582827,5.315738,5.315738,0.011110,0.237913,0.000000,0.000000,0.041710,0.103507
2260,25.086440,3,0.000000,0.000000,0.000000,0.044405,0.000000,0.044405,0.008881,None,0.624746,0.624746,5.315738,5.315738,0.011101,0.237913,0.000000,0.000000,0.041710,0.103507
2270,25.197450,0,0.000000,0.000000,0.000000,0.041033,0.000000,0.041033,0.008207,None,1.967494,3.751754,3.122630,3.122630,0.010258,0.197384,0.000000,0.000000,0.037334,0.086421
2270,25.197450,1,0.789537,0.000000,0.000000,0.044396,0.000000,0.044396,0.324694,Wall,0.073662,5.058462,3.122630,3.122630,0.011099,0.197384,0.000000,0.000000,0.037334,0.086421
2270,25.197450,2,0.000000,0.000000,0.000000,0.019502,0.000000,0.019502,0.003900,None,1.883159,3.547526,5.424121,5.424121,0.004876,0.197384,0.000000,0.000000,0.037334,0.086421
2270,25.197450,3,0.000000,0.000000,0.000000,0.044406,0.000000,0.044406,0.008881,None,0.514127,0.514127,5.424121,5.424121,0.011102,0.197384,0.000000,0.000000,0.037334,0.086421
2280,25.308460,0,0.000000,0.000000,0.000000,0.043336,0.000000,0.043336,0.008667,None,1.986805,3.685508,3.214897,3.214897,0.010834,0.148900,0.046490,0.000000,0.034538,0.066468
2280,25.308460,1,0.595600,0.000000,0.000000,0.044394,0.000000,0.044394,0.247119,Wall,0.141540,4.941620,3.214897,3.214897,0.011098,0.148900,0.046490,0.000000,0.034538,0.066468
2280,25.308460,2,0.000000,0.000000,0.000000,0.006013,0.000000,0.006013,0.001203,None,1.950579,3.547526,5.535122,5.535122,0.001503,0.148900,0.046490,0.000000,0.034538,0.066468
2280,25.308460,3,0.000000,0.185959,0.000000,0.044412,0.000000,0.044412,0.008882,None,0.407021,0.407021,5.535122,5.535122,0.011103,0.148900,0.046490,0.000000,0.034538,0.066468
2290,25.419470,0,0.000000,0.000000,0.000000,0.044032,0.000000,0.044032,0.008806,None,2.006474,3.602040,3.306132,3.306132,0.011008,0.129770,0.098891,0.000000,0.041359,0.060180
2290,25.419470,1,0.382563,0.000000,0.000000,0.044391,0.000000,0.044391,0.161903,Wall,0.216103,4.825402,3.306132,3.306132,0.011098,0.129770,0.098891,0.000000,0.041359,0.060180
2290,25.419470,2,0.000000,0.000000,0.000000,0.032600,0.000000,0.032600,0.006520,None,2.000228,3.442662,5.626544,5.626544,0.008150,0.129770,0.098891,0.000000,0.041359,0.060180
2290,25.419470,3,0.136519,0.395563,0.000000,0.044412,0.000000,0.044412,0.063490,Wall,0.302218,0.302218,5.626544,5.626544,0.011103,0.129770,0.098891,0.000000,0.041359,0.060180
2300,25.530480,0,0.000000,0.000000,0.000000,0.044253,0.000000,0.044253,0.008851,None,2.028250,3.513003,3.399711,3.399711,0.011063,0.142221,0.150313,0.000000,0.041132,0.065115
2300,25.530480,1,0.138526,0.000000,0.000000,0.035080,0.000000,0.035080,0.062426,Wall,0.301516,4.733025,3.399711,3.399711,0.008770,0.142221,0.150313,0.000000,0.041132,0.065115
2300,25.530480,2,0.000000,0.000000,0.000000,0.040794,0.000000,0.040794,0.008159,None,2.088706,3.330657,5.727870,5.727870,0.010198,0.142221,0.150313,0.000000,0.041132,0.065115
2300,25.530480,3,0.430359,0.601252,0.000000,0.044403,0.000000,0.044403,0.181024,Wall,0.199374,0.199374,5.727870,5.727870,0.011101,0.142221,0.150313,0.000000,0.041132,0.065115
2310,25.641480,0,0.000000,0.000000,0.000000,0.044327,0.000000,0.044327,0.008865,None,2.068674,3.441073,3.503319,3.503319,0.011082,0.151159,0.180811,0.000000,0.031549,0.066774
2310,25.641480,1,0.000000,0.000000,0.000000,0.010817,0.000000,0.010817,0.002163,None,0.385905,4.733025,3.503319,3.503319,0.002704,0.151159,0.180811,0.000000,0.031549,0.066774
2310,25.641480,2,0.000000,0.000000,0.000000,0.043319,0.000000,0.043319,0.008664,None,2.194689,3.214114,5.793233,5.793233,0.010830,0.151159,0.180811,0.000000,0.031549,0.066774
2310,25.641480,3,0.604637,0.723246,0.000000,0.027734,0.000000,0.027734,0.247402,Wall,0.138377,0.138377,5.793233,5.793233,0.006934,0.151159,0.180811,0.000000,0.031549,0.066774
2320,25.752490,0,0.000000,0.000000,0.000000,0.044350,0.000000,0.044350,0.008870,None,2.104009,3.391912,3.573007,3.573007,0.011087,0.151159,0.180811,0.000000,0.032762,0.067016
2320,25.752490,1,0.000000,0.000000,0.000000,0.034047,0.000000,0.034047,0.006809,None,0.421266,4.620547,3.573007,3.573007,0.008512,0.151159,0.180811,0.000000,0.032762,0.067016
2320,25.752490,2,0.000000,0.000000,0.000000,0.044099,0.000000,0.044099,0.008820,None,2.275387,3.096841,5.797470,5.797470,0.011025,0.151159,0.180811,0.000000,0.032762,0.067016
2320,25.752490,3,0.604637,0.723246,0.000000,0.008552,0.000000,0.008552,0.243565,Wall,0.138377,0.138377,5.797470,5.797470,0.002138,0.151159,0.180811,0.000000,0.032762,0.067016
2330,25.863500,0,0.000000,0.000000,0.000000,0.044356,0.000000,0.044356,0.008871,None,2.130613,3.353008,3.638383,3.638383,0.011089,0.151159,0.180811,0.000000,0.033135,0.067091
2330,25.863500,1,0.000000,0.000000,0.000000,0.041204,0.000000,0.041204,0.008241,None,0.490428,4.506765,3.638383,3.638383,0.010301,0.151159,0.180811,0.000000,0.033135,0.067091
2330,25.863500,2,0.000000,0.000000,0.000000,0.044344,0.000000,0.044344,0.008869,None,2.345350,2.979703,5.806372,5.806372,0.011086,0.151159,0.180811,0.000000,0.033135,0.067091
2330,25.863500,3,0.604637,0.723246,0.000000,0.002636,0.000000,0.002636,0.242382,Wall,0.138377,0.138377,5.806372,5.806372,0.000659,0.151159,0.180811,0.000000,0.033135,0.067091
2340,25.974510,0,0.000000,0.000000,0.000000,0.044360,0.000000,0.044360,0.008872,None,2.156285,3.323134,3.712084,3.712084,0.011090,0.151159,0.180811,0.000000,0.033251,0.067114
2340,25.974510,1,0.000000,0.000000,0.000000,0.043414,0.000000,0.043414,0.008683,None,0.577244,4.392801,3.712084,3.712084,0.010854,0.151159,0.180811,0.000000,0.033251,0.067114
2340,25.974510,2,0.000000,0.000000,0.000000,0.044417,0.000000,0.044417,0.008883,None,2.413407,2.863022,5.819810,5.819810,0.011104,0.151159,0.180811,0.000000,0.033251,0.067114
2340,25.974510,3,0.604637,0.723246,0.000000,0.000814,0.000000,0.000814,0.242017,Wall,0.138377,0.138377,5.819810,5.819810,0.000203,0.151159,0.180811,0.000000,0.033251,0.067114
2350,26.085510,0,0.000000,0.000000,0.000000,0.044352,0.000000,0.044352,0.008870,None,2.183264,3.228480,3.791749,3.791749,0.011088,0.151159,0.180811,0.000000,0.033282,0.067120
2350,26.085510,1,0.000000,0.000000,0.000000,0.044088,0.000000,0.044088,0.008818,None,0.671610,4.279639,3.791749,3.791749,0.011022,0.151159,0.180811,0.000000,0.033282,0.067120
2350,26.085510,2,0.000000,0.000000,0.000000,0.044435,0.000000,0.044435,0.008887,None,2.482425,2.747014,5.837779,5.837779,0.011109,0.151159,0.180811,0.000000,0.033282,0.067120
2350,26.085510,3,0.604637,0.723246,0.000000,0.000251,0.000000,0.000251,0.241905,Wall,0.138377,0.138377,5.837779,5.837779,0.000063,0.151159,0.180811,0.000000,0.033282,0.067120
2360,26.196520,0,0.000000,0.000000,0.000000,0.044351,0.000000,0.044351,0.008870,None,2.212433,3.112137,3.871940,3.871940,0.011088,0.151159,0.180811,0.000000,0.033293,0.067122
2360,26.196520,1,0.000000,0.000000,0.000000,0.044300,0.000000,0.044300,0.008860,None,0.770928,4.167199,3.871940,3.871940,0.011075,0.151159,0.180811,0.000000,0.033293,0.067122
2360,26.196520,2,0.000000,0.000000,0.000000,0.044444,0.000000,0.044444,0.008889,None,2.553166,2.631368,5.860246,5.860246,0.011111,0.151159,0.180811,0.000000,0.033293,0.067122
2360,26.196520,3,0.604637,0.723246,0.000000,0.000078,0.000000,0.000078,0.241870,Wall,0.138377,0.138377,5.860246,5.860246,0.000019,0.151159,0.180811,0.000000,0.033293,0.067122
2370,26.307530,0,0.000000,0.000000,0.000000,0.044353,0.000000,0.044353,0.008871,None,2.244007,2.994715,3.953186,3.953186,0.011088,0.151159,0.180811,0.000000,0.033296,0.067123
2370,26.307530,1,0.000000,0.000000,0.000000,0.044364,0.000000,0.044364,0.008873,None,0.874836,4.055853,3.953186,3.953186,0.011091,0.151159,0.180811,0.000000,0.033296,0.067123
2370,26.307530,2,0.000000,0.000000,0.000000,0.044444,0.000000,0.044444,0.008889,None,2.516247,2.516247,5.887147,5.887147,0.011111,0.151159,0.180811,0.000000,0.033296,0.067123
2370,26.307530,3,0.604637,0.723246,0.000000,0.000023,0.000000,0.000023,0.241859,Wall,0.138377,0.138377,5.887147,5.887147,0.000006,0.151159,0.180811,0.000000,0.033296,0.067123
2380,26.418540,0,0.000000,0.000000,0.000000,0.044357,0.000000,0.044357,0.008871,None,2.278175,2.876701,4.039971,4.039971,0.011089,0.151159,0.180811,0.000000,0.033297,0.067123
2380,26.418540,1,0.000000,0.000000,0.000000,0.044380,0.000000,0.044380,0.008876,None,0.983165,3.945752,4.039971,4.039971,0.011095,0.151159,0.180811,0.000000,0.033297,0.067123
2380,26.418540,2,0.000000,0.000000,0.000000,0.044441,0.000000,0.044441,0.008888,None,2.401815,2.401815,5.918406,5.918406,0.011110,0.151159,0.180811,0.000000,0.033297,0.067123
2380,26.418540,3,0.604637,0.723246,0.000000,0.000008,0.000000,0.000008,0.241856,Wall,0.138377,0.138377,5.918406,5.918406,0.000002,0.151159,0.180811,0.000000,0.033297,0.067123
2390,26.529540,0,0.000000,0.000000,0.000000,0.044360,0.000000,0.044360,0.008872,None,2.314934,2.758605,4.132208,4.132208,0.011090,0.151159,0.180811,0.000000,0.033298,0.067123
2390,26.529540,1,0.000000,0.000000,0.000000,0.044388,0.000000,0.044388,0.008878,None,1.095462,3.836592,4.132208,4.132208,0.011097,0.151159,0.180811,0.000000,0.033298,0.067123
2390,26.529540,2,0.000000,0.000000,0.000000,0.044444,0.000000,0.044444,0.008889,None,2.287879,2.287879,5.953981,5.953981,0.011111,0.151159,0.180811,0.000000,0.033298,0.067123
2390,26.529540,3,0.604637,0.723246,0.000000,0.000002,0.000000,0.000002,0.241855,Wall,0.138377,0.138377,5.953981,5.953981,0.000000,0.151159,0.180811,0.000000,0.033298,0.067123
2400,26.640550,0,0.000000,0.000000,0.000000,0.044350,0.000000,0.044350,0.008870,None,2.354301,2.640688,4.229914,4.229914,0.011088,0.151159,0.180811,0.000000,0.033296,0.067123
2400,26.640550,1,0.000000,0.000000,0.000000,0.044391,0.000000,0.044391,0.008878,None,1.211619,3.728694,4.229914,4.229914,0.011098,0.151159,0.180811,0.000000,0.033296,0.067123
2400,26.640550,2,0.000000,0.000000,0.000000,0.044444,0.000000,0.044444,0.008889,None,2.174698,2.174698,5.993753,5.993753,0.011111,0.151159,0.180811,0.000000,0.033296,0.067123
2400,26.640550,3,0.604637,0.723246,0.000000,0.000000,0.000000,0.000000,0.241855,Wall,0.138377,0.138377,5.993753,5.993753,0.000000,0.151159,0.180811,0.000000,0.033296,0.067123
2410,26.751560,0,0.000000,0.000000,0.000000,0.044353,0.000000,0.044353,0.008871,None,2.396433,2.522648,4.333189,4.333189,0.011088,0.180394,0.201276,0.000000,0.038237,0.079805
2410,26.751560,1,0.000000,0.000000,0.000000,0.044391,0.000000,0.044391,0.008878,None,1.331311,3.622101,4.333189,4.333189,0.011098,0.180394,0.201276,0.000000,0.038237,0.079805
2410,26.751560,2,0.000000,0.000000,0.000000,0.044448,0.000000,0.044448,0.008890,None,2.062162,2.062162,6.067530,6.067530,0.011112,0.180394,0.201276,0.000000,0.038237,0.079805
2410,26.751560,3,0.721576,0.805103,0.000000,0.019755,0.000000,0.019755,0.292582,Wall,0.097448,0.097448,6.067530,6.067530,0.004939,0.180394,0.201276,0.000000,0.038237,0.079805
2420,26.862570,0,0.000000,0.000000,0.000000,0.044354,0.000000,0.044354,0.008871,None,2.404712,2.404712,4.444503,4.444503,0.011089,0.233274,0.238292,0.000000,0.034825,0.100275
2420,26.862570,1,0.000000,0.000000,0.000000,0.013688,0.000000,0.013688,0.002738,None,1.414606,3.622101,4.444503,4.444503,0.003422,0.233274,0.238292,0.000000,0.034825,0.100275
2420,26.862570,2,0.000000,0.000000,0.000000,0.044444,0.000000,0.044444,0.008889,None,1.950556,1.950556,6.165726,6.165726,0.011111,0.233274,0.238292,0.000000,0.034825,0.100275
2420,26.862570,3,0.933096,0.953167,0.000000,0.036813,0.000000,0.036813,0.380601,Wall,0.023417,0.023417,6.165726,6.165726,0.009203,0.233274,0.238292,0.000000,0.034825,0.100275
2430,26.973580,0,0.000000,0.000000,0.000000,0.044356,0.000000,0.044356,0.008871,None,2.286790,2.286790,4.555747,4.555747,0.011089,0.250000,0.250000,0.000000,0.033770,0.106754
2430,26.973580,1,0.000000,0.000000,0.000000,0.004220,0.000000,0.004220,0.000844,None,1.479287,3.622101,4.555747,4.555747,0.001055,0.250000,0.250000,0.000000,0.033770,0.106754
2430,26.973580,2,0.000000,0.000000,0.000000,0.044443,0.000000,0.044443,0.008889,None,1.839927,1.839927,6.279472,6.279472,0.011111,0.250000,0.250000,0.000000,0.033770,0.106754
2430,26.973580,3,1.000000,1.000000,0.000000,0.042063,0.000000,0.042063,0.408413,Wall,-0.056931,-0.056931,6.279472,6.279472,0.010516,0.250000,0.250000,0.000000,0.033770,0.106754
2440,27.084580,0,0.000000,0.000000,0.000000,0.044359,0.000000,0.044359,0.008872,None,2.169240,2.169240,4.658022,4.658022,0.011090,0.250000,0.250000,0.000000,0.030510,0.106102
2440,27.084580,1,0.000000,0.000000,0.000000,0.014496,0.000000,0.014496,0.002899,None,1.525307,3.588552,4.658022,4.658022,0.003624,0.250000,0.250000,0.000000,0.030510,0.106102
2440,27.084580,2,0.000000,0.000000,0.000000,0.019502,0.000000,0.019502,0.003900,None,1.807008,1.807008,6.366823,6.366823,0.004875,0.250000,0.250000,0.000000,0.030510,0.106102
2440,27.084580,3,1.000000,1.000000,0.000000,0.043685,0.000000,0.043685,0.408737,Wall,-0.141129,-0.141129,6.366823,6.366823,0.010921,0.250000,0.250000,0.000000,0.030510,0.106102
2450,27.195590,0,0.000000,0.000000,0.000000,0.044360,0.000000,0.044360,0.008872,None,2.051985,2.051985,4.740193,4.740193,0.011090,0.250000,0.250000,0.000000,0.032431,0.106486
2450,27.195590,1,0.000000,0.000000,0.000000,0.035173,0.000000,0.035173,0.007035,None,1.540739,3.474181,4.740193,4.740193,0.008793,0.250000,0.250000,0.000000,0.032431,0.106486
2450,27.195590,2,0.000000,0.000000,0.000000,0.006012,0.000000,0.006012,0.001202,None,1.807008,1.807008,6.441185,6.441185,0.001503,0.250000,0.250000,0.000000,0.032431,0.106486
2450,27.195590,3,1.000000,1.000000,0.000000,0.044180,0.000000,0.044180,0.408836,Wall,-0.225644,-0.225644,6.441185,6.441185,0.011045,0.250000,0.250000,0.000000,0.032431,0.106486
2460,27.306600,0,0.000000,0.000000,0.000000,0.017309,0.000000,0.017309,0.003462,None,2.028579,2.028579,4.749680,4.749680,0.004327,0.250000,0.250000,0.000000,0.031198,0.106240
2460,27.306600,1,0.000000,0.000000,0.000000,0.041545,0.000000,0.041545,0.008309,None,1.604635,3.363336,4.749680,4.749680,0.010386,0.250000,0.250000,0.000000,0.031198,0.106240
2460,27.306600,2,0.000000,0.000000,0.000000,0.021599,0.000000,0.021599,0.004320,None,1.756276,1.756276,6.549097,6.549097,0.005400,0.250000,0.250000,0.000000,0.031198,0.106240
2460,27.306600,3,1.000000,1.000000,0.000000,0.044340,0.000000,0.044340,0.408868,Wall,-0.308950,-0.308950,6.549097,6.549097,0.011085,0.250000,0.250000,0.000000,0.031198,0.106240
2470,27.417610,0,0.000000,0.000000,0.000000,0.025075,0.000000,0.025075,0.005015,None,1.973105,1.973105,4.802682,4.802682,0.006269,0.250000,0.250000,0.000000,0.037587,0.107517
2470,27.417610,1,0.000000,0.000000,0.000000,0.043508,0.000000,0.043508,0.008702,None,1.680711,3.255359,4.802682,4.802682,0.010877,0.250000,0.250000,0.000000,0.037587,0.107517
2470,27.417610,2,0.000000,0.000000,0.000000,0.037384,0.000000,0.037384,0.007477,None,1.659031,1.659031,6.694407,6.694407,0.009346,0.250000,0.250000,0.000000,0.037587,0.107517
2470,27.417610,3,1.000000,1.000000,0.000000,0.044380,0.000000,0.044380,0.408876,Wall,-0.390157,-0.390157,6.694407,6.694407,0.011095,0.250000,0.250000,0.000000,0.037587,0.107517
2480,27.528610,0,0.000000,0.000000,0.000000,0.038430,0.000000,0.038430,0.007686,None,1.860584,1.860584,4.917615,4.917615,0.009607,0.250000,0.250000,0.000000,0.042299,0.108460
2480,27.528610,1,0.000000,0.000000,0.000000,0.044111,0.000000,0.044111,0.008822,None,1.789130,3.149213,4.917615,4.917615,0.011028,0.250000,0.250000,0.000000,0.042299,0.108460
2480,27.528610,2,0.000000,0.000000,0.000000,0.042252,0.000000,0.042252,0.008450,None,1.560658,1.560658,6.832782,6.832782,0.010563,0.250000,0.250000,0.000000,0.042299,0.108460
2480,27.528610,3,1.000000,1.000000,0.000000,0.044402,0.000000,0.044402,0.408880,Wall,-0.469111,-0.469111,6.832782,6.832782,0.011100,0.250000,0.250000,0.000000,0.042299,0.108460
2490,27.639620,0,0.000000,0.000000,0.000000,0.042552,0.000000,0.042552,0.008510,None,1.744615,1.744615,5.038082,5.038082,0.010638,0.250000,0.250000,0.000000,0.043752,0.108750
2490,27.639620,1,0.000000,0.000000,0.000000,0.044299,0.000000,0.044299,0.008860,None,1.910982,3.044406,5.038082,5.038082,0.011075,0.250000,0.250000,0.000000,0.043752,0.108750
2490,27.639620,2,0.000000,0.000000,0.000000,0.043745,0.000000,0.043745,0.008749,None,1.461445,1.461445,6.966532,6.966532,0.010936,0.250000,0.250000,0.000000,0.043752,0.108750
2490,27.639620,3,1.000000,1.000000,0.000000,0.044410,0.000000,0.044410,0.408882,Wall,-0.454349,-0.545651,6.966532,6.966532,0.011103,0.250000,0.250000,0.000000,0.043752,0.108750
2500,27.750630,0,0.000000,0.000000,0.000000,0.043821,0.000000,0.043821,0.008764,None,1.628198,1.628198,5.163616,5.163616,0.010955,0.250000,0.250000,0.000000,0.044196,0.108839
2500,27.750630,1,0.000000,0.000000,0.000000,0.044348,0.000000,0.044348,0.008870,None,2.037931,2.941111,5.163616,5.163616,0.011087,0.250000,0.250000,0.000000,0.044196,0.108839
2500,27.750630,2,0.000000,0.000000,0.000000,0.044206,0.000000,0.044206,0.008841,None,1.362516,1.362516,7.098197,7.098197,0.011052,0.250000,0.250000,0.000000,0.044196,0.108839
2500,27.750630,3,1.000000,1.000000,0.000000,0.044409,0.000000,0.044409,0.408882,Wall,-0.380610,-0.619391,7.098197,7.098197,0.011102,0.250000,0.250000,0.000000,0.044196,0.108839
2510,27.861640,0,0.000000,0.000000,0.000000,0.044212,0.000000,0.044212,0.008842,None,1.512568,1.512568,5.294029,5.294029,0.011053,0.250000,0.250000,0.000000,0.044335,0.108867
2510,27.861640,1,0.000000,0.000000,0.000000,0.044367,0.000000,0.044367,0.008873,None,2.167615,2.838942,5.294029,5.294029,0.011092,0.250000,0.250000,0.000000,0.044335,0.108867
2510,27.861640,2,0.000000,0.000000,0.000000,0.044352,0.000000,0.044352,0.008870,None,1.264432,1.264432,7.228938,7.228938,0.011088,0.250000,0.250000,0.000000,0.044335,0.108867
2510,27.861640,3,1.000000,1.000000,0.000000,0.044408,0.000000,0.044408,0.408882,Wall,-0.309317,-0.690683,7.228938,7.228938,0.011102,0.250000,0.250000,0.000000,0.044335,0.108867
2520,27.972640,0,0.000000,0.000000,0.000000,0.044330,0.000000,0.044330,0.008866,None,1.397563,1.397563,5.429192,5.429192,0.011082,0.250000,0.250000,0.000000,0.044378,0.108876
2520,27.972640,1,0.000000,0.000000,0.000000,0.044376,0.000000,0.044376,0.008875,None,2.298946,2.738127,5.429192,5.429192,0.011094,0.250000,0.250000,0.000000,0.044378,0.108876
2520,27.972640,2,0.000000,0.000000,0.000000,0.044401,0.000000,0.044401,0.008880,None,1.167578,1.167578,7.358977,7.358977,0.011100,0.250000,0.250000,0.000000,0.044378,0.108876
2520,27.972640,3,1.000000,1.000000,0.000000,0.044404,0.000000,0.044404,0.408881,Wall,-0.240905,-0.759095,7.358977,7.358977,0.011101,0.250000,0.250000,0.000000,0.044378,0.108876
2530,28.083650,0,0.000000,0.000000,0.000000,0.044367,0.000000,0.044367,0.008873,None,1.283220,1.283220,5.569063,5.569063,0.011092,0.250000,0.250000,0.000000,0.044390,0.108878
2530,28.083650,1,0.000000,0.000000,0.000000,0.044382,0.000000,0.044382,0.008876,None,2.431784,2.638726,5.569063,5.569063,0.011096,0.250000,0.250000,0.000000,0.044390,0.108878
2530,28.083650,2,0.000000,0.000000,0.000000,0.044414,0.000000,0.044414,0.008883,None,1.072467,1.072467,7.488264,7.488264,0.011103,0.250000,0.250000,0.000000,0.044390,0.108878
2530,28.083650,3,1.000000,1.000000,0.000000,0.044398,0.000000,0.044398,0.408880,Wall,-0.279104,-0.824494,7.488264,7.488264,0.011100,0.250000,0.250000,0.000000,0.044390,0.108878
2540,28.194660,0,0.000000,0.000000,0.000000,0.044383,0.000000,0.044383,0.008877,None,1.169465,1.169465,5.713515,5.713515,0.011096,0.250000,0.250000,0.000000,0.044396,0.108879
2540,28.194660,1,0.000000,0.000000,0.000000,0.044381,0.000000,0.044381,0.008876,None,2.540969,2.540969,5.713515,5.713515,0.011095,0.250000,0.250000,0.000000,0.044396,0.108879
2540,28.194660,2,0.000000,0.000000,0.000000,0.044418,0.000000,0.044418,0.008884,None,0.978949,0.978949,7.616947,7.616947,0.011104,0.250000,0.250000,0.000000,0.044396,0.108879
2540,28.194660,3,1.000000,1.000000,0.000000,0.044404,0.000000,0.044404,0.408881,Wall,-0.349958,-0.887290,7.616947,7.616947,0.011101,0.250000,0.250000,0.000000,0.044396,0.108879
2550,28.305670,0,0.000000,0.000000,0.000000,0.044388,0.000000,0.044388,0.008878,None,1.056489,1.056489,5.862365,5.862365,0.011097,0.250000,0.250000,0.000000,0.044398,0.108880
2550,28.305670,1,0.000000,0.000000,0.000000,0.044381,0.000000,0.044381,0.008876,None,2.444852,2.444852,5.862365,5.862365,0.011095,0.250000,0.250000,0.000000,0.044398,0.108880
2550,28.305670,2,0.000000,0.000000,0.000000,0.044417,0.000000,0.044417,0.008883,None,0.887342,0.887342,7.744975,7.744975,0.011104,0.250000,0.250000,0.000000,0.044398,0.108880
2550,28.305670,3,1.000000,1.000000,0.000000,0.044407,0.000000,0.044407,0.408881,Wall,-0.301746,-0.947205,7.744975,7.744975,0.011102,0.250000,0.250000,0.000000,0.044398,0.108880
2560,28.416680,0,0.000000,0.000000,0.000000,0.044396,0.000000,0.044396,0.008879,None,0.944192,0.944192,6.015497,6.015497,0.011099,0.250000,0.250000,0.000000,0.044399,0.108880
2560,28.416680,1,0.000000,0.000000,0.000000,0.044381,0.000000,0.044381,0.008876,None,2.350103,2.350103,6.015497,6.015497,0.011095,0.250000,0.250000,0.000000,0.044399,0.108880
2560,28.416680,2,0.000000,0.000000,0.000000,0.044413,0.000000,0.044413,0.008883,None,0.797505,0.797505,7.872149,7.872149,0.011103,0.250000,0.250000,0.000000,0.044399,0.108880
2560,28.416680,3,1.000000,1.000000,0.000000,0.044404,0.000000,0.044404,0.408881,Wall,-0.236269,-1.003899,7.872149,7.872149,0.011101,0.250000,0.250000,0.000000,0.044399,0.108880
