Date,Timestamp,Event_Log,Event_Log_Num,resetWallCountperEpisode,resetTotalCountperEpisode,reset00CountperEpisode,reset01CountperEpisode,resetbetCountperEpisode
20260203115810.175,264.8460,,,30,31,0,1,25.7993
20260203115810.181,264.8571,,,30,31,0,1,25.7993
20260203115810.182,264.8682,,,30,31,0,1,25.7993
20260203115810.184,264.8793,,,30,31,0,1,25.7993
20260203115810.185,264.8904,,,30,31,0,1,25.7993
20260203115810.187,264.9015,,,30,31,0,1,25.7993
20260203115810.189,264.9126,,,30,31,0,1,25.7993
20260203115810.191,264.9237,,,30,31,0,1,25.7993
20260203115810.192,264.9348,,,30,31,0,1,25.7993
20260203115810.194,264.9459,,,30,31,0,1,25.7993
20260203115810.196,264.9570,,,30,31,0,1,25.7993
20260203115810.197,264.9681,,,30,31,0,1,25.7993
20260203115810.199,264.9792,,,30,31,0,1,25.7993
20260203115810.201,264.9903,,,30,31,0,1,25.7993
20260203115810.202,265.0014,,,30,31,0,1,25.7993
20260203115810.203,265.0125,,,30,31,0,1,25.7993
20260203115810.206,265.0236,,,30,31,0,1,25.7993
20260203115810.207,265.0347,,,30,31,0,1,25.7993
20260203115810.209,265.0458,,,30,31,0,1,25.7993
20260203115810.211,265.0569,,,30,31,0,1,25.7993
20260203115810.212,265.0680,,,30,31,0,1,25.7993
20260203115810.214,265.0791,,,30,31,0,1,25.7993
20260203115810.216,265.0902,,,30,31,0,1,25.7993
20260203115810.217,265.1013,,,30,31,0,1,25.7993
20260203115810.219,265.1124,,,30,31,0,1,25.7993
20260203115810.224,265.1235,,,30,31,0,1,25.7993
20260203115810.227,265.1346,,,30,31,0,1,25.7993
20260203115810.228,265.1457,,,30,31,0,1,25.7993
20260203115810.230,265.1568,,,30,31,0,1,25.7993
20260203115810.232,265.1679,,,30,31,0,1,25.7993
20260203115810.234,265.1790,,,30,31,0,1,25.7993
20260203115810.251,265.1901,,,30,31,0,1,25.7993
20260203115810.253,265.2012,,,30,31,0,1,25.7993
20260203115810.254,265.2123,,,30,31,0,1,25.7993
20260203115810.256,265.2234,,,30,31,0,1,25.7993
20260203115810.257,265.2345,,,30,31,0,1,25.7993
20260203115810.259,265.2456,,,30,31,0,1,25.7993
20260203115810.260,265.2567,,,30,31,0,1,25.7993
20260203115810.262,265.2678,,,30,31,0,1,25.7993
20260203115810.263,265.2789,,,30,31,0,1,25.7993
20260203115810.266,265.2900,,,30,31,0,1,25.7993
20260203115810.268,265.3011,,,30,31,0,1,25.7993
20260203115810.269,265.3122,,,30,31,0,1,25.7993
20260203115810.270,265.3233,,,30,31,0,1,25.7993
20260203115810.272,265.3344,,,30,31,0,1,25.7993
20260203115810.274,265.3455,,,30,31,0,1,25.7993
20260203115810.276,265.3566,,,30,31,0,1,25.7993
20260203115810.278,265.3677,,,30,31,0,1,25.7993
20260203115810.279,265.3788,,,30,31,0,1,25.7993
20260203115810.281,265.3899,,,30,31,0,1,25.7993
20260203115810.283,265.4010,,,30,31,0,1,25.7993
20260203115810.284,265.4121,,,30,31,0,1,25.7993
20260203115810.286,265.4232,,,30,31,0,1,25.7993
20260203115810.288,265.4343,,,30,31,0,1,25.7993
20260203115810.289,265.4454,,,30,31,0,1,25.7993
20260203115810.291,265.4565,,,30,31,0,1,25.7993
20260203115810.293,265.4676,,,30,31,0,1,25.7993
20260203115810.294,265.4787,,,30,31,0,1,25.7993
20260203115810.295,265.4898,,,30,31,0,1,25.7993
20260203115810.298,265.5009,,,30,31,0,1,25.7993
20260203115810.299,265.5120,,,30,31,0,1,25.7993
20260203115810.301,265.5231,,,30,31,0,1,25.7993
20260203115810.303,265.5342,,,30,31,0,1,25.7993
20260203115810.304,265.5453,,,30,31,0,1,25.7993
20260203115810.306,265.5564,,,30,31,0,1,25.7993
20260203115810.308,265.5675,,,30,31,0,1,25.7993
20260203115810.310,265.5786,,,30,31,0,1,25.7993
20260203115810.311,265.5897,,,30,31,0,1,25.7993
20260203115810.313,265.6008,,,30,31,0,1,25.7993
20260203115810.314,265.6119,,,30,31,0,1,25.7993
20260203115810.319,265.6230,,,30,31,0,1,25.7993
20260203115810.321,265.6341,,,30,31,0,1,25.7993
20260203115810.322,265.6452,,,30,31,0,1,25.7993
20260203115810.324,265.6563,,,30,31,0,1,25.7993
20260203115810.327,265.6674,,,30,31,0,1,25.7993
20260203115810.330,265.6785,,,30,31,0,1,25.7993
20260203115810.335,265.6896,,,30,31,0,1,25.7993
20260203115810.337,265.7007,,,30,31,0,1,25.7993
20260203115810.338,265.7118,,,30,31,0,1,25.7993
20260203115810.340,265.7229,,,30,31,0,1,25.7993
20260203115810.341,265.7340,,,30,31,0,1,25.7993
20260203115810.351,265.7451,,,30,31,0,1,25.7993
20260203115810.353,265.7562,,,30,31,0,1,25.7993
20260203115810.355,265.7673,,,30,31,0,1,25.7993
20260203115810.356,265.7784,,,30,31,0,1,25.7993
20260203115810.358,265.7895,,,30,31,0,1,25.7993
20260203115810.359,265.8006,,,30,31,0,1,25.7993
20260203115810.362,265.8117,,,30,31,0,1,25.7993
20260203115810.364,265.8228,,,30,31,0,1,25.7993
20260203115810.365,265.8339,,,30,31,0,1,25.7993
20260203115810.367,265.8450,,,30,31,0,1,25.7993
20260203115810.369,265.8561,,,30,31,0,1,25.7993
20260203115810.370,265.8672,,,30,31,0,1,25.7993
20260203115810.372,265.8783,,,30,31,0,1,25.7993
20260203115810.374,265.8894,,,30,31,0,1,25.7993
20260203115810.375,265.9005,,,30,31,0,1,25.7993
20260203115810.377,265.9116,,,30,31,0,1,25.7993
20260203115810.378,265.9227,,,30,31,0,1,25.7993
20260203115810.380,265.9338,,,30,31,0,1,25.7993
20260203115810.382,265.9449,,,30,31,0,1,25.7993
20260203115810.384,265.9560,,,30,31,0,1,25.7993
20260203115810.385,265.9671,,,30,31,0,1,25.7993
20260203115810.387,265.9782,,,30,31,0,1,25.7993
20260203115810.388,265.9893,,,30,31,0,1,25.7993
20260203115810.390,266.0004,,,30,31,0,1,25.7993
20260203115810.391,266.0115,,,30,31,0,1,25.7993
20260203115810.393,266.0226,,,30,31,0,1,25.7993
20260203115810.395,266.0337,,,30,31,0,1,25.7993
20260203115810.397,266.0448,,,30,31,0,1,25.7993
20260203115810.398,266.0559,,,30,31,0,1,25.7993
20260203115810.400,266.0670,,,30,31,0,1,25.7993
20260203115810.402,266.0781,,,30,31,0,1,25.7993
20260203115810.403,266.0892,,,30,31,0,1,25.7993
20260203115810.405,266.1003,,,30,31,0,1,25.7993
20260203115810.406,266.1114,,,30,31,0,1,25.7993
20260203115810.411,266.1225,,,30,31,0,1,25.7993
20260203115810.413,266.1336,,,30,31,0,1,25.7993
20260203115810.415,266.1447,,,30,31,0,1,25.7993
20260203115810.417,266.1558,,,30,31,0,1,25.7993
20260203115810.420,266.1669,,,30,31,0,1,25.7993
20260203115810.424,266.1780,,,30,31,0,1,25.7993
20260203115810.427,266.1891,,,30,31,0,1,25.7993
20260203115810.428,266.2002,,,30,31,0,1,25.7993
20260203115810.430,266.2113,,,30,31,0,1,25.7993
20260203115810.432,266.2224,,,30,31,0,1,25.7993
20260203115810.433,266.2335,,,30,31,0,1,25.7993
20260203115810.435,266.2446,,,30,31,0,1,25.7993
20260203115810.436,266.2557,,,30,31,0,1,25.7993
20260203115810.438,266.2668,,,30,31,0,1,25.7993
20260203115810.440,266.2779,,,30,31,0,1,25.7993
20260203115810.442,266.2890,,,30,31,0,1,25.7993
20260203115810.454,266.3001,,,30,31,0,1,25.7993
20260203115810.456,266.3112,,,30,31,0,1,25.7993
20260203115810.457,266.3223,,,30,31,0,1,25.7993
20260203115810.459,266.3334,,,30,31,0,1,25.7993
20260203115810.461,266.3445,,,30,31,0,1,25.7993
20260203115810.463,266.3556,,,30,31,0,1,25.7993
20260203115810.464,266.3667,,,30,31,0,1,25.7993
20260203115810.466,266.3778,,,30,31,0,1,25.7993
20260203115810.467,266.3889,,,30,31,0,1,25.7993
20260203115810.469,266.4000,,,30,31,0,1,25.7993
20260203115810.471,266.4111,,,30,31,0,1,25.7993
20260203115810.473,266.4222,,,30,31,0,1,25.7993
20260203115810.475,266.4333,,,30,31,0,1,25.7993
20260203115810.476,266.4444,,,30,31,0,1,25.7993
20260203115810.478,266.4555,,,30,31,0,1,25.7993
20260203115810.479,266.4666,,,30,31,0,1,25.7993
20260203115810.482,266.4777,,,30,31,0,1,25.7993
20260203115810.483,266.4888,,,30,31,0,1,25.7993
20260203115810.485,266.4999,,,30,31,0,1,25.7993
20260203115810.486,266.5110,,,30,31,0,1,25.7993
20260203115810.487,266.5221,,,30,31,0,1,25.7993
20260203115810.490,266.5332,,,30,31,0,1,25.7993
20260203115810.492,266.5443,,,30,31,0,1,25.7993
20260203115810.493,266.5554,,,30,31,0,1,25.7993
20260203115810.495,266.5665,,,30,31,0,1,25.7993
20260203115810.496,266.5776,,,30,31,0,1,25.7993
20260203115810.498,266.5887,,,30,31,0,1,25.7993
20260203115810.499,266.5998,,,30,31,0,1,25.7993
20260203115810.505,266.6109,,,30,31,0,1,25.7993
20260203115810.506,266.6220,,,30,31,0,1,25.7993
20260203115810.508,266.6331,,,30,31,0,1,25.7993
20260203115810.510,266.6442,,,30,31,0,1,25.7993
20260203115810.512,266.6553,,,30,31,0,1,25.7993
20260203115810.518,266.6664,,,30,31,0,1,25.7993
20260203115810.520,266.6775,,,30,31,0,1,25.7993
20260203115810.522,266.6886,,,30,31,0,1,25.7993
20260203115810.524,266.6997,,,30,31,0,1,25.7993
20260203115810.526,266.7108,,,30,31,0,1,25.7993
20260203115810.527,266.7219,,,30,31,0,1,25.7993
20260203115810.528,266.7330,,,30,31,0,1,25.7993
20260203115810.530,266.7441,,,30,31,0,1,25.7993
20260203115810.532,266.7552,,,30,31,0,1,25.7993
20260203115810.533,266.7663,,,30,31,0,1,25.7993
20260203115810.535,266.7774,,,30,31,0,1,25.7993
20260203115810.537,266.7885,,,30,31,0,1,25.7993
20260203115810.539,266.7996,,,30,31,0,1,25.7993
20260203115810.541,266.8107,,,30,31,0,1,25.7993
20260203115810.542,266.8218,,,30,31,0,1,25.7993
20260203115810.544,266.8329,,,30,31,0,1,25.7993
20260203115810.546,266.8440,,,30,31,0,1,25.7993
20260203115810.558,266.8551,,,30,31,0,1,25.7993
20260203115810.560,266.8662,,,30,31,0,1,25.7993
20260203115810.562,266.8773,,,30,31,0,1,25.7993
20260203115810.564,266.8884,,,30,31,0,1,25.7993
20260203115810.565,266.8995,,,30,31,0,1,25.7993
20260203115810.567,266.9106,,,30,31,0,1,25.7993
20260203115810.568,266.9217,,,30,31,0,1,25.7993
20260203115810.570,266.9328,,,30,31,0,1,25.7993
20260203115810.572,266.9439,,,30,31,0,1,25.7993
20260203115810.574,266.9550,,,30,31,0,1,25.7993
20260203115810.575,266.9661,,,30,31,0,1,25.7993
20260203115810.577,266.9772,,,30,31,0,1,25.7993
20260203115810.579,266.9883,,,30,31,0,1,25.7993
20260203115810.581,266.9994,,,30,31,0,1,25.7993
20260203115810.583,267.0105,,,30,31,0,1,25.7993
20260203115810.584,267.0216,,,30,31,0,1,25.7993
20260203115810.586,267.0327,,,30,31,0,1,25.7993
20260203115810.587,267.0438,,,30,31,0,1,25.7993
20260203115810.589,267.0549,,,30,31,0,1,25.7993
20260203115810.591,267.0660,,,30,31,0,1,25.7993
20260203115810.592,267.0771,,,30,31,0,1,25.7993
20260203115810.594,267.0882,,,30,31,0,1,25.7993
20260203115810.597,267.0993,,,30,31,0,1,25.7993
20260203115810.601,267.1104,,,30,31,0,1,25.7993
20260203115810.603,267.1215,,,30,31,0,1,25.7993
20260203115810.605,267.1326,,,30,31,0,1,25.7993
20260203115810.607,267.1437,,,30,31,0,1,25.7993
20260203115810.610,267.1548,,,30,31,0,1,25.7993
20260203115810.615,267.1659,,,30,31,0,1,25.7993
20260203115810.617,267.1770,,,30,31,0,1,25.7993
20260203115810.619,267.1881,,,30,31,0,1,25.7993
20260203115810.620,267.1992,,,30,31,0,1,25.7993
20260203115810.623,267.2103,,,30,31,0,1,25.7993
20260203115810.624,267.2214,,,30,31,0,1,25.7993
20260203115810.626,267.2325,,,30,31,0,1,25.7993
20260203115810.627,267.2436,,,30,31,0,1,25.7993
20260203115810.629,267.2547,,,30,31,0,1,25.7993
20260203115810.631,267.2658,,,30,31,0,1,25.7993
20260203115810.632,267.2769,,,30,31,0,1,25.7993
20260203115810.634,267.2880,,,30,31,0,1,25.7993
20260203115810.636,267.2991,,,30,31,0,1,25.7993
20260203115810.638,267.3102,,,30,31,0,1,25.7993
20260203115810.639,267.3213,,,30,31,0,1,25.7993
20260203115810.641,267.3324,,,30,31,0,1,25.7993
20260203115810.643,267.3435,,,30,31,0,1,25.7993
20260203115810.644,267.3546,,,30,31,0,1,25.7993
20260203115810.646,267.3657,,,30,31,0,1,25.7993
20260203115810.647,267.3768,,,30,31,0,1,25.7993
20260203115810.649,267.3879,,,30,31,0,1,25.7993
20260203115810.651,267.3990,,,30,31,0,1,25.7993
20260203115810.662,267.4101,,,30,31,0,1,25.7993
20260203115810.664,267.4212,,,30,31,0,1,25.7993
20260203115810.666,267.4323,,,30,31,0,1,25.7993
20260203115810.668,267.4434,,,30,31,0,1,25.7993
20260203115810.669,267.4545,,,30,31,0,1,25.7993
20260203115810.671,267.4656,,,30,31,0,1,25.7993
20260203115810.672,267.4767,,,30,31,0,1,25.7993
20260203115810.674,267.4878,,,30,31,0,1,25.7993
20260203115810.676,267.4989,,,30,31,0,1,25.7993
20260203115810.677,267.5100,,,30,31,0,1,25.7993
20260203115810.679,267.5211,,,30,31,0,1,25.7993
20260203115810.680,267.5322,,,30,31,0,1,25.7993
20260203115810.683,267.5433,,,30,31,0,1,25.7993
20260203115810.685,267.5544,,,30,31,0,1,25.7993
20260203115810.686,267.5655,,,30,31,0,1,25.7993
20260203115810.687,267.5766,,,30,31,0,1,25.7993
20260203115810.690,267.5877,,,30,31,0,1,25.7993
20260203115810.694,267.5988,,,30,31,0,1,25.7993
20260203115810.696,267.6099,,,30,31,0,1,25.7993
20260203115810.698,267.6210,,,30,31,0,1,25.7993
20260203115810.700,267.6321,,,30,31,0,1,25.7993
20260203115810.702,267.6432,,,30,31,0,1,25.7993
20260203115810.709,267.6543,,,30,31,0,1,25.7993
20260203115810.711,267.6654,,,30,31,0,1,25.7993
20260203115810.712,267.6765,,,30,31,0,1,25.7993
20260203115810.714,267.6876,,,30,31,0,1,25.7993
20260203115810.715,267.6987,,,30,31,0,1,25.7993
20260203115810.717,267.7098,,,30,31,0,1,25.7993
20260203115810.719,267.7209,,,30,31,0,1,25.7993
20260203115810.721,267.7320,,,30,31,0,1,25.7993
20260203115810.722,267.7431,,,30,31,0,1,25.7993
20260203115810.724,267.7542,,,30,31,0,1,25.7993
20260203115810.725,267.7653,,,30,31,0,1,25.7993
20260203115810.728,267.7764,,,30,31,0,1,25.7993
20260203115810.729,267.7875,,,30,31,0,1,25.7993
20260203115810.730,267.7986,,,30,31,0,1,25.7993
20260203115810.732,267.8097,,,30,31,0,1,25.7993
20260203115810.734,267.8208,,,30,31,0,1,25.7993
20260203115810.735,267.8319,,,30,31,0,1,25.7993
20260203115810.738,267.8430,,,30,31,0,1,25.7993
20260203115810.739,267.8541,,,30,31,0,1,25.7993
20260203115810.741,267.8652,,,30,31,0,1,25.7993
20260203115810.743,267.8763,,,30,31,0,1,25.7993
20260203115810.744,267.8874,,,30,31,0,1,25.7993
20260203115810.745,267.8985,,,30,31,0,1,25.7993
20260203115810.747,267.9096,,,30,31,0,1,25.7993
20260203115810.749,267.9207,,,30,31,0,1,25.7993
20260203115810.751,267.9318,,,30,31,0,1,25.7993
20260203115810.753,267.9429,,,30,31,0,1,25.7993
20260203115810.754,267.9540,,,30,31,0,1,25.7993
20260203115810.767,267.9651,,,30,31,0,1,25.7993
20260203115810.768,267.9762,,,30,31,0,1,25.7993
20260203115810.770,267.9873,,,30,31,0,1,25.7993
20260203115810.772,267.9984,,,30,31,0,1,25.7993
20260203115810.773,268.0095,,,30,31,0,1,25.7993
20260203115810.775,268.0206,,,30,31,0,1,25.7993
20260203115810.777,268.0317,,,30,31,0,1,25.7993
20260203115810.778,268.0428,,,30,31,0,1,25.7993
20260203115810.779,268.0539,,,30,31,0,1,25.7993
20260203115810.782,268.0650,,,30,31,0,1,25.7993
20260203115810.783,268.0761,,,30,31,0,1,25.7993
20260203115810.785,268.0872,,,30,31,0,1,25.7993
20260203115810.790,268.0983,,,30,31,0,1,25.7993
20260203115810.792,268.1094,,,30,31,0,1,25.7993
20260203115810.794,268.1205,,,30,31,0,1,25.7993
20260203115810.795,268.1316,,,30,31,0,1,25.7993
20260203115810.798,268.1427,,,30,31,0,1,25.7993
20260203115810.805,268.1538,,,30,31,0,1,25.7993
20260203115810.806,268.1649,,,30,31,0,1,25.7993
20260203115810.807,268.1760,,,30,31,0,1,25.7993
20260203115810.809,268.1871,,,30,31,0,1,25.7993
20260203115810.811,268.1982,,,30,31,0,1,25.7993
20260203115810.812,268.2093,,,30,31,0,1,25.7993
20260203115810.815,268.2204,,,30,31,0,1,25.7993
20260203115810.816,268.2315,,,30,31,0,1,25.7993
20260203115810.817,268.2426,,,30,31,0,1,25.7993
20260203115810.819,268.2537,,,30,31,0,1,25.7993
20260203115810.821,268.2648,,,30,31,0,1,25.7993
20260203115810.823,268.2759,,,30,31,0,1,25.7993
20260203115810.825,268.2870,,,30,31,0,1,25.7993
20260203115810.826,268.2981,,,30,31,0,1,25.7993
20260203115810.827,268.3092,,,30,31,0,1,25.7993
20260203115810.829,268.3203,,,30,31,0,1,25.7993
20260203115810.831,268.3314,,,30,31,0,1,25.7993
20260203115810.833,268.3425,,,30,31,0,1,25.7993
20260203115810.834,268.3536,,,30,31,0,1,25.7993
20260203115810.836,268.3647,,,30,31,0,1,25.7993
20260203115810.838,268.3758,,,30,31,0,1,25.7993
20260203115810.839,268.3869,,,30,31,0,1,25.7993
20260203115810.841,268.3980,,,30,31,0,1,25.7993
20260203115810.843,268.4091,,,30,31,0,1,25.7993
20260203115810.844,268.4202,,,30,31,0,1,25.7993
20260203115810.846,268.4313,,,30,31,0,1,25.7993
20260203115810.848,268.4424,,,30,31,0,1,25.7993
20260203115810.849,268.4535,,,30,31,0,1,25.7993
20260203115810.850,268.4646,,,30,31,0,1,25.7993
20260203115810.852,268.4757,,,30,31,0,1,25.7993
20260203115810.855,268.4868,,,30,31,0,1,25.7993
20260203115810.856,268.4979,,,30,31,0,1,25.7993
20260203115810.857,268.5090,,,30,31,0,1,25.7993
20260203115810.867,268.5201,,,30,31,0,1,25.7993
20260203115810.868,268.5312,,,30,31,0,1,25.7993
20260203115810.870,268.5423,,,30,31,0,1,25.7993
20260203115810.872,268.5534,,,30,31,0,1,25.7993
20260203115810.874,268.5645,,,30,31,0,1,25.7993
20260203115810.876,268.5756,,,30,31,0,1,25.7993
20260203115810.878,268.5867,,,30,31,0,1,25.7993
20260203115810.882,268.5978,,,30,31,0,1,25.7993
20260203115810.884,268.6089,,,30,31,0,1,25.7993
20260203115810.885,268.6200,,,30,31,0,1,25.7993
20260203115810.888,268.6311,,,30,31,0,1,25.7993
20260203115810.891,268.6422,,,30,31,0,1,25.7993
20260203115810.897,268.6533,,,30,31,0,1,25.7993
20260203115810.900,268.6644,,,30,31,0,1,25.7993
20260203115810.901,268.6755,,,30,31,0,1,25.7993
20260203115810.903,268.6866,,,30,31,0,1,25.7993
20260203115810.905,268.6977,,,30,31,0,1,25.7993
20260203115810.906,268.7088,,,30,31,0,1,25.7993
20260203115810.907,268.7199,,,30,31,0,1,25.7993
20260203115810.910,268.7310,,,30,31,0,1,25.7993
20260203115810.911,268.7421,,,30,31,0,1,25.7993
20260203115810.913,268.7532,,,30,31,0,1,25.7993
20260203115810.915,268.7643,,,30,31,0,1,25.7993
20260203115810.916,268.7754,,,30,31,0,1,25.7993
20260203115810.917,268.7865,,,30,31,0,1,25.7993
20260203115810.918,268.7976,,,30,31,0,1,25.7993
20260203115810.921,268.8087,,,30,31,0,1,25.7993
20260203115810.922,268.8198,,,30,31,0,1,25.7993
20260203115810.923,268.8309,,,30,31,0,1,25.7993
20260203115810.926,268.8420,,,30,31,0,1,25.7993
20260203115810.928,268.8531,,,30,31,0,1,25.7993
20260203115810.929,268.8642,,,30,31,0,1,25.7993
20260203115810.931,268.8753,,,30,31,0,1,25.7993
20260203115810.932,268.8864,,,30,31,0,1,25.7993
20260203115810.934,268.8975,,,30,31,0,1,25.7993
20260203115810.936,268.9086,,,30,31,0,1,25.7993
20260203115810.938,268.9197,,,30,31,0,1,25.7993
20260203115810.939,268.9308,,,30,31,0,1,25.7993
20260203115810.940,268.9419,,,30,31,0,1,25.7993
20260203115810.942,268.9530,,,30,31,0,1,25.7993
20260203115810.943,268.9641,,,30,31,0,1,25.7993
20260203115810.945,268.9752,,,30,31,0,1,25.7993
20260203115810.946,268.9863,,,30,31,0,1,25.7993
20260203115810.949,268.9974,,,30,31,0,1,25.7993
20260203115810.950,269.0085,,,30,31,0,1,25.7993
20260203115810.952,269.0196,,,30,31,0,1,25.7993
20260203115810.953,269.0307,,,30,31,0,1,25.7993
20260203115810.955,269.0418,,,30,31,0,1,25.7993
20260203115810.957,269.0529,,,30,31,0,1,25.7993
20260203115810.958,269.0640,,,30,31,0,1,25.7993
20260203115810.968,269.0751,,,30,31,0,1,25.7993
20260203115810.970,269.0862,,,30,31,0,1,25.7993
20260203115810.975,269.0973,,,30,31,0,1,25.7993
20260203115810.976,269.1084,,,30,31,0,1,25.7993
20260203115810.978,269.1195,,,30,31,0,1,25.7993
20260203115810.980,269.1306,,,30,31,0,1,25.7993
20260203115810.983,269.1417,,,30,31,0,1,25.7993
20260203115810.990,269.1528,,,30,31,0,1,25.7993
20260203115810.991,269.1639,,,30,31,0,1,25.7993
20260203115810.993,269.1750,,,30,31,0,1,25.7993
20260203115810.995,269.1861,,,30,31,0,1,25.7993
20260203115810.996,269.1972,,,30,31,0,1,25.7993
20260203115810.998,269.2083,,,30,31,0,1,25.7993
20260203115810.999,269.2194,,,30,31,0,1,25.7993
20260203115811.001,269.2305,,,30,31,0,1,25.7993
20260203115811.003,269.2416,,,30,31,0,1,25.7993
20260203115811.005,269.2527,,,30,31,0,1,25.7993
20260203115811.006,269.2638,,,30,31,0,1,25.7993
20260203115811.008,269.2749,,,30,31,0,1,25.7993
20260203115811.010,269.2860,,,30,31,0,1,25.7993
20260203115811.011,269.2971,,,30,31,0,1,25.7993
20260203115811.013,269.3082,,,30,31,0,1,25.7993
20260203115811.015,269.3193,,,30,31,0,1,25.7993
20260203115811.017,269.3304,,,30,31,0,1,25.7993
20260203115811.018,269.3415,,,30,31,0,1,25.7993
20260203115811.019,269.3526,,,30,31,0,1,25.7993
20260203115811.021,269.3637,,,30,31,0,1,25.7993
20260203115811.023,269.3748,,,30,31,0,1,25.7993
20260203115811.025,269.3859,,,30,31,0,1,25.7993
20260203115811.027,269.3970,,,30,31,0,1,25.7993
20260203115811.028,269.4081,,,30,31,0,1,25.7993
20260203115811.029,269.4192,,,30,31,0,1,25.7993
20260203115811.031,269.4303,,,30,31,0,1,25.7993
20260203115811.033,269.4414,,,30,31,0,1,25.7993
20260203115811.035,269.4525,,,30,31,0,1,25.7993
20260203115811.036,269.4636,,,30,31,0,1,25.7993
20260203115811.038,269.4747,,,30,31,0,1,25.7993
20260203115811.039,269.4858,,,30,31,0,1,25.7993
20260203115811.041,269.4969,,,30,31,0,1,25.7993
20260203115811.043,269.5080,,,30,31,0,1,25.7993
20260203115811.044,269.5191,,,30,31,0,1,25.7993
20260203115811.046,269.5302,,,30,31,0,1,25.7993
20260203115811.048,269.5413,,,30,31,0,1,25.7993
20260203115811.050,269.5524,,,30,31,0,1,25.7993
20260203115811.051,269.5635,,,30,31,0,1,25.7993
20260203115811.053,269.5746,,,30,31,0,1,25.7993
20260203115811.054,269.5857,,,30,31,0,1,25.7993
20260203115811.060,269.5968,,,30,31,0,1,25.7993
20260203115811.061,269.6079,,,30,31,0,1,25.7993
20260203115811.064,269.6190,,,30,31,0,1,25.7993
20260203115811.082,269.6301,,,30,31,0,1,25.7993
20260203115811.087,269.6412,,,30,31,0,1,25.7993
20260203115811.091,269.6523,,,30,31,0,1,25.7993
20260203115811.095,269.6634,,,30,31,0,1,25.7993
20260203115811.100,269.6745,,,30,31,0,1,25.7993
20260203115811.104,269.6856,,,30,31,0,1,25.7993
20260203115811.107,269.6967,,,30,31,0,1,25.7993
20260203115811.113,269.7078,,,30,31,0,1,25.7993
20260203115811.114,269.7189,,,30,31,0,1,25.7993
20260203115811.116,269.7300,,,30,31,0,1,25.7993
20260203115811.121,269.7411,,,30,31,0,1,25.7993
20260203115811.123,269.7522,,,30,31,0,1,25.7993
20260203115811.125,269.7633,,,30,31,0,1,25.7993
20260203115811.127,269.7744,,,30,31,0,1,25.7993
20260203115811.129,269.7855,,,30,31,0,1,25.7993
20260203115811.131,269.7966,,,30,31,0,1,25.7993
20260203115811.132,269.8077,,,30,31,0,1,25.7993
20260203115811.134,269.8188,,,30,31,0,1,25.7993
20260203115811.135,269.8299,,,30,31,0,1,25.7993
20260203115811.137,269.8410,,,30,31,0,1,25.7993
20260203115811.138,269.8521,,,30,31,0,1,25.7993
20260203115811.141,269.8632,,,30,31,0,1,25.7993
20260203115811.143,269.8743,,,30,31,0,1,25.7993
20260203115811.144,269.8854,,,30,31,0,1,25.7993
20260203115811.145,269.8965,,,30,31,0,1,25.7993
20260203115811.148,269.9076,,,30,31,0,1,25.7993
20260203115811.149,269.9187,,,30,31,0,1,25.7993
20260203115811.151,269.9298,,,30,31,0,1,25.7993
20260203115811.152,269.9409,,,30,31,0,1,25.7993
20260203115811.154,269.9520,,,30,31,0,1,25.7993
20260203115811.155,269.9631,,,30,31,0,1,25.7993
20260203115811.157,269.9742,,,30,31,0,1,25.7993
20260203115811.159,269.9853,,,30,31,0,1,25.7993
20260203115811.161,269.9964,,,30,31,0,1,25.7993
20260203115811.163,270.0075,,,30,31,0,1,25.7993
20260203115811.164,270.0186,,,30,31,0,1,25.7993
20260203115811.165,270.0297,,,30,31,0,1,25.7993
20260203115811.168,270.0408,,,30,31,0,1,25.7993
20260203115811.169,270.0519,,,30,31,0,1,25.7993
20260203115811.171,270.0630,,,30,31,0,1,25.7993
20260203115811.173,270.0741,,,30,31,0,1,25.7993
20260203115811.174,270.0852,,,30,31,0,1,25.7993
20260203115811.175,270.0963,,,30,31,0,1,25.7993
20260203115811.177,270.1074,,,30,31,0,1,25.7993
20260203115811.179,270.1185,,,30,31,0,1,25.7993
20260203115811.180,270.1296,,,30,31,0,1,25.7993
20260203115811.182,270.1407,,,30,31,0,1,25.7993
20260203115811.184,270.1518,,,30,31,0,1,25.7993
20260203115811.186,270.1629,,,30,31,0,1,25.7993
20260203115811.190,270.1740,,,30,31,0,1,25.7993
20260203115811.208,270.1851,,,30,31,0,1,25.7993
20260203115811.210,270.1962,,,30,31,0,1,25.7993
20260203115811.212,270.2073,,,30,31,0,1,25.7993
20260203115811.213,270.2184,,,30,31,0,1,25.7993
20260203115811.215,270.2295,,,30,31,0,1,25.7993
20260203115811.217,270.2406,,,30,31,0,1,25.7993
20260203115811.218,270.2517,,,30,31,0,1,25.7993
20260203115811.219,270.2628,,,30,31,0,1,25.7993
20260203115811.222,270.2739,,,30,31,0,1,25.7993
20260203115811.224,270.2850,,,30,31,0,1,25.7993
20260203115811.226,270.2961,,,30,31,0,1,25.7993
20260203115811.227,270.3072,,,30,31,0,1,25.7993
20260203115811.228,270.3183,,,30,31,0,1,25.7993
20260203115811.230,270.3294,,,30,31,0,1,25.7993
20260203115811.232,270.3405,,,30,31,0,1,25.7993
20260203115811.234,270.3516,,,30,31,0,1,25.7993
20260203115811.236,270.3627,,,30,31,0,1,25.7993
20260203115811.237,270.3738,,,30,31,0,1,25.7993
20260203115811.239,270.3849,,,30,31,0,1,25.7993
20260203115811.241,270.3960,,,30,31,0,1,25.7993
20260203115811.243,270.4071,,,30,31,0,1,25.7993
20260203115811.245,270.4182,,,30,31,0,1,25.7993
20260203115811.246,270.4293,,,30,31,0,1,25.7993
20260203115811.247,270.4404,,,30,31,0,1,25.7993
20260203115811.249,270.4515,,,30,31,0,1,25.7993
20260203115811.251,270.4626,,,30,31,0,1,25.7993
20260203115811.252,270.4737,,,30,31,0,1,25.7993
20260203115811.254,270.4848,,,30,31,0,1,25.7993
20260203115811.255,270.4959,,,30,31,0,1,25.7993
20260203115811.258,270.5070,,,30,31,0,1,25.7993
20260203115811.259,270.5181,,,30,31,0,1,25.7993
20260203115811.261,270.5292,,,30,31,0,1,25.7993
20260203115811.263,270.5403,,,30,31,0,1,25.7993
20260203115811.265,270.5514,,,30,31,0,1,25.7993
20260203115811.266,270.5625,,,30,31,0,1,25.7993
20260203115811.267,270.5736,,,30,31,0,1,25.7993
20260203115811.270,270.5847,,,30,31,0,1,25.7993
20260203115811.271,270.5958,,,30,31,0,1,25.7993
20260203115811.273,270.6069,,,30,31,0,1,25.7993
20260203115811.277,270.6180,,,30,31,0,1,25.7993
20260203115811.279,270.6291,,,30,31,0,1,25.7993
20260203115811.281,270.6402,,,30,31,0,1,25.7993
20260203115811.285,270.6513,,,30,31,0,1,25.7993
20260203115811.292,270.6624,,,30,31,0,1,25.7993
20260203115811.294,270.6735,,,30,31,0,1,25.7993
20260203115811.296,270.6846,,,30,31,0,1,25.7993
20260203115811.297,270.6957,,,30,31,0,1,25.7993
20260203115811.300,270.7068,,,30,31,0,1,25.7993
20260203115811.301,270.7179,,,30,31,0,1,25.7993
20260203115811.303,270.7290,,,30,31,0,1,25.7993
20260203115811.315,270.7401,,,30,31,0,1,25.7993
20260203115811.316,270.7512,,,30,31,0,1,25.7993
20260203115811.318,270.7623,,,30,31,0,1,25.7993
20260203115811.319,270.7734,,,30,31,0,1,25.7993
20260203115811.321,270.7845,,,30,31,0,1,25.7993
20260203115811.323,270.7956,,,30,31,0,1,25.7993
20260203115811.324,270.8067,,,30,31,0,1,25.7993
20260203115811.326,270.8178,,,30,31,0,1,25.7993
20260203115811.329,270.8289,,,30,31,0,1,25.7993
20260203115811.330,270.8400,,,30,31,0,1,25.7993
20260203115811.332,270.8511,,,30,31,0,1,25.7993
20260203115811.334,270.8622,,,30,31,0,1,25.7993
20260203115811.336,270.8733,,,30,31,0,1,25.7993
20260203115811.337,270.8844,,,30,31,0,1,25.7993
20260203115811.338,270.8955,,,30,31,0,1,25.7993
20260203115811.340,270.9066,,,30,31,0,1,25.7993
20260203115811.342,270.9177,,,30,31,0,1,25.7993
20260203115811.344,270.9288,,,30,31,0,1,25.7993
20260203115811.345,270.9399,,,30,31,0,1,25.7993
20260203115811.347,270.9510,,,30,31,0,1,25.7993
20260203115811.349,270.9621,,,30,31,0,1,25.7993
20260203115811.351,270.9732,,,30,31,0,1,25.7993
20260203115811.352,270.9843,,,30,31,0,1,25.7993
20260203115811.354,270.9954,,,30,31,0,1,25.7993
20260203115811.356,271.0065,,,30,31,0,1,25.7993
20260203115811.357,271.0176,,,30,31,0,1,25.7993
20260203115811.359,271.0287,,,30,31,0,1,25.7993
20260203115811.360,271.0398,,,30,31,0,1,25.7993
20260203115811.362,271.0509,,,30,31,0,1,25.7993
20260203115811.364,271.0620,,,30,31,0,1,25.7993
20260203115811.365,271.0731,,,30,31,0,1,25.7993
20260203115811.368,271.0842,,,30,31,0,1,25.7993
20260203115811.369,271.0953,,,30,31,0,1,25.7993
20260203115811.374,271.1064,,,30,31,0,1,25.7993
20260203115811.376,271.1175,,,30,31,0,1,25.7993
20260203115811.378,271.1286,,,30,31,0,1,25.7993
20260203115811.381,271.1397,,,30,31,0,1,25.7993
20260203115811.387,271.1508,,,30,31,0,1,25.7993
20260203115811.389,271.1619,,,30,31,0,1,25.7993
20260203115811.390,271.1730,,,30,31,0,1,25.7993
20260203115811.392,271.1841,,,30,31,0,1,25.7993
20260203115811.394,271.1952,,,30,31,0,1,25.7993
20260203115811.395,271.2063,,,30,31,0,1,25.7993
20260203115811.397,271.2174,,,30,31,0,1,25.7993
20260203115811.399,271.2285,,,30,31,0,1,25.7993
20260203115811.400,271.2396,,,30,31,0,1,25.7993
20260203115811.402,271.2507,,,30,31,0,1,25.7993
20260203115811.404,271.2618,,,30,31,0,1,25.7993
20260203115811.405,271.2729,,,30,31,0,1,25.7993
20260203115811.408,271.2840,,,30,31,0,1,25.7993
20260203115811.419,271.2951,,,30,31,0,1,25.7993
20260203115811.421,271.3062,,,30,31,0,1,25.7993
20260203115811.422,271.3173,,,30,31,0,1,25.7993
20260203115811.424,271.3284,,,30,31,0,1,25.7993
20260203115811.427,271.3395,,,30,31,0,1,25.7993
20260203115811.428,271.3506,,,30,31,0,1,25.7993
20260203115811.430,271.3617,,,30,31,0,1,25.7993
20260203115811.432,271.3728,,,30,31,0,1,25.7993
20260203115811.433,271.3839,,,30,31,0,1,25.7993
20260203115811.435,271.3950,,,30,31,0,1,25.7993
20260203115811.437,271.4061,,,30,31,0,1,25.7993
20260203115811.438,271.4172,,,30,31,0,1,25.7993
20260203115811.440,271.4283,,,30,31,0,1,25.7993
20260203115811.441,271.4394,,,30,31,0,1,25.7993
20260203115811.443,271.4505,,,30,31,0,1,25.7993
20260203115811.445,271.4616,,,30,31,0,1,25.7993
20260203115811.447,271.4727,,,30,31,0,1,25.7993
20260203115811.448,271.4838,,,30,31,0,1,25.7993
20260203115811.450,271.4949,,,30,31,0,1,25.7993
20260203115811.452,271.5060,,,30,31,0,1,25.7993
20260203115811.453,271.5171,,,30,31,0,1,25.7993
20260203115811.455,271.5282,,,30,31,0,1,25.7993
20260203115811.457,271.5393,,,30,31,0,1,25.7993
20260203115811.459,271.5504,,,30,31,0,1,25.7993
20260203115811.460,271.5615,,,30,31,0,1,25.7993
20260203115811.462,271.5726,,,30,31,0,1,25.7993
20260203115811.467,271.5837,,,30,31,0,1,25.7993
20260203115811.468,271.5948,,,30,31,0,1,25.7993
20260203115811.470,271.6059,,,30,31,0,1,25.7993
20260203115811.472,271.6170,,,30,31,0,1,25.7993
20260203115811.475,271.6281,,,30,31,0,1,25.7993
20260203115811.481,271.6392,,,30,31,0,1,25.7993
20260203115811.482,271.6503,,,30,31,0,1,25.7993
20260203115811.484,271.6614,,,30,31,0,1,25.7993
20260203115811.485,271.6725,,,30,31,0,1,25.7993
20260203115811.488,271.6836,,,30,31,0,1,25.7993
20260203115811.489,271.6947,,,30,31,0,1,25.7993
20260203115811.491,271.7058,,,30,31,0,1,25.7993
20260203115811.493,271.7169,,,30,31,0,1,25.7993
20260203115811.494,271.7280,,,30,31,0,1,25.7993
20260203115811.496,271.7391,,,30,31,0,1,25.7993
20260203115811.498,271.7502,,,30,31,0,1,25.7993
20260203115811.500,271.7613,,,30,31,0,1,25.7993
20260203115811.501,271.7724,,,30,31,0,1,25.7993
20260203115811.503,271.7835,,,30,31,0,1,25.7993
20260203115811.505,271.7946,,,30,31,0,1,25.7993
20260203115811.507,271.8057,,,30,31,0,1,25.7993
20260203115811.508,271.8168,,,30,31,0,1,25.7993
20260203115811.510,271.8279,,,30,31,0,1,25.7993
20260203115811.512,271.8390,,,30,31,0,1,25.7993
20260203115811.523,271.8501,,,30,31,0,1,25.7993
20260203115811.525,271.8612,,,30,31,0,1,25.7993
20260203115811.527,271.8723,,,30,31,0,1,25.7993
20260203115811.529,271.8834,,,30,31,0,1,25.7993
20260203115811.531,271.8945,,,30,31,0,1,25.7993
20260203115811.533,271.9056,,,30,31,0,1,25.7993
20260203115811.534,271.9167,,,30,31,0,1,25.7993
20260203115811.536,271.9278,,,30,31,0,1,25.7993
20260203115811.538,271.9389,,,30,31,0,1,25.7993
20260203115811.539,271.9500,,,30,31,0,1,25.7993
20260203115811.541,271.9611,,,30,31,0,1,25.7993
20260203115811.543,271.9722,,,30,31,0,1,25.7993
20260203115811.544,271.9833,,,30,31,0,1,25.7993
20260203115811.546,271.9944,,,30,31,0,1,25.7993
20260203115811.547,272.0055,,,30,31,0,1,25.7993
20260203115811.549,272.0166,,,30,31,0,1,25.7993
20260203115811.551,272.0277,,,30,31,0,1,25.7993
20260203115811.552,272.0388,,,30,31,0,1,25.7993
20260203115811.554,272.0499,,,30,31,0,1,25.7993
20260203115811.555,272.0610,,,30,31,0,1,25.7993
20260203115811.558,272.0721,,,30,31,0,1,25.7993
20260203115811.562,272.0832,,,30,31,0,1,25.7993
20260203115811.564,272.0943,,,30,31,0,1,25.7993
20260203115811.566,272.1054,,,30,31,0,1,25.7993
20260203115811.568,272.1165,,,30,31,0,1,25.7993
20260203115811.575,272.1276,,,30,31,0,1,25.7993
20260203115811.577,272.1387,,,30,31,0,1,25.7993
20260203115811.578,272.1498,,,30,31,0,1,25.7993
20260203115811.580,272.1609,,,30,31,0,1,25.7993
20260203115811.581,272.1720,,,30,31,0,1,25.7993
20260203115811.583,272.1831,,,30,31,0,1,25.7993
20260203115811.585,272.1942,,,30,31,0,1,25.7993
20260203115811.587,272.2053,,,30,31,0,1,25.7993
20260203115811.589,272.2164,,,30,31,0,1,25.7993
20260203115811.590,272.2275,,,30,31,0,1,25.7993
20260203115811.592,272.2386,,,30,31,0,1,25.7993
20260203115811.594,272.2497,,,30,31,0,1,25.7993
20260203115811.595,272.2608,,,30,31,0,1,25.7993
20260203115811.598,272.2719,,,30,31,0,1,25.7993
20260203115811.599,272.2830,,,30,31,0,1,25.7993
20260203115811.601,272.2941,,,30,31,0,1,25.7993
20260203115811.602,272.3052,,,30,31,0,1,25.7993
20260203115811.604,272.3163,,,30,31,0,1,25.7993
20260203115811.606,272.3274,,,30,31,0,1,25.7993
20260203115811.608,272.3385,,,30,31,0,1,25.7993
20260203115811.609,272.3496,,,30,31,0,1,25.7993
20260203115811.611,272.3607,,,30,31,0,1,25.7993
20260203115811.613,272.3718,,,30,31,0,1,25.7993
20260203115811.614,272.3829,,,30,31,0,1,25.7993
20260203115811.615,272.3940,,,30,31,0,1,25.7993
20260203115811.627,272.4051,,,30,31,0,1,25.7993
20260203115811.629,272.4162,,,30,31,0,1,25.7993
20260203115811.631,272.4273,,,30,31,0,1,25.7993
20260203115811.632,272.4384,,,30,31,0,1,25.7993
20260203115811.634,272.4495,,,30,31,0,1,25.7993
20260203115811.635,272.4606,,,30,31,0,1,25.7993
20260203115811.637,272.4717,,,30,31,0,1,25.7993
20260203115811.639,272.4828,,,30,31,0,1,25.7993
20260203115811.640,272.4939,,,30,31,0,1,25.7993
20260203115811.642,272.5050,,,30,31,0,1,25.7993
20260203115811.644,272.5161,,,30,31,0,1,25.7993
20260203115811.645,272.5272,,,30,31,0,1,25.7993
20260203115811.647,272.5383,,,30,31,0,1,25.7993
20260203115811.649,272.5494,,,30,31,0,1,25.7993
20260203115811.651,272.5605,,,30,31,0,1,25.7993
20260203115811.655,272.5716,,,30,31,0,1,25.7993
20260203115811.657,272.5827,,,30,31,0,1,25.7993
20260203115811.659,272.5938,,,30,31,0,1,25.7993
20260203115811.660,272.6049,,,30,31,0,1,25.7993
20260203115811.663,272.6160,,,30,31,0,1,25.7993
20260203115811.670,272.6271,,,30,31,0,1,25.7993
20260203115811.672,272.6382,,,30,31,0,1,25.7993
20260203115811.673,272.6493,,,30,31,0,1,25.7993
20260203115811.675,272.6604,,,30,31,0,1,25.7993
20260203115811.677,272.6715,,,30,31,0,1,25.7993
20260203115811.679,272.6826,,,30,31,0,1,25.7993
20260203115811.681,272.6937,,,30,31,0,1,25.7993
20260203115811.682,272.7048,,,30,31,0,1,25.7993
20260203115811.684,272.7159,,,30,31,0,1,25.7993
20260203115811.686,272.7270,,,30,31,0,1,25.7993
20260203115811.687,272.7381,,,30,31,0,1,25.7993
20260203115811.689,272.7492,,,30,31,0,1,25.7993
20260203115811.690,272.7603,,,30,31,0,1,25.7993
20260203115811.692,272.7714,,,30,31,0,1,25.7993
20260203115811.694,272.7825,,,30,31,0,1,25.7993
20260203115811.695,272.7936,,,30,31,0,1,25.7993
20260203115811.698,272.8047,,,30,31,0,1,25.7993
20260203115811.699,272.8158,,,30,31,0,1,25.7993
20260203115811.701,272.8269,,,30,31,0,1,25.7993
20260203115811.703,272.8380,,,30,31,0,1,25.7993
20260203115811.705,272.8491,,,30,31,0,1,25.7993
20260203115811.706,272.8602,,,30,31,0,1,25.7993
20260203115811.707,272.8713,,,30,31,0,1,25.7993
20260203115811.709,272.8824,,,30,31,0,1,25.7993
20260203115811.711,272.8935,,,30,31,0,1,25.7993
20260203115811.713,272.9046,,,30,31,0,1,25.7993
20260203115811.714,272.9157,,,30,31,0,1,25.7993
20260203115811.715,272.9268,,,30,31,0,1,25.7993
20260203115811.718,272.9379,,,30,31,0,1,25.7993
20260203115811.719,272.9490,,,30,31,0,1,25.7993
20260203115811.731,272.9601,,,30,31,0,1,25.7993
20260203115811.733,272.9712,,,30,31,0,1,25.7993
20260203115811.734,272.9823,,,30,31,0,1,25.7993
20260203115811.736,272.9934,,,30,31,0,1,25.7993
20260203115811.738,273.0045,,,30,31,0,1,25.7993
20260203115811.740,273.0156,,,30,31,0,1,25.7993
20260203115811.742,273.0267,,,30,31,0,1,25.7993
20260203115811.744,273.0378,,,30,31,0,1,25.7993
20260203115811.745,273.0489,,,30,31,0,1,25.7993
20260203115811.747,273.0600,,,30,31,0,1,25.7993
20260203115811.751,273.0711,,,30,31,0,1,25.7993
20260203115811.753,273.0822,,,30,31,0,1,25.7993
20260203115811.755,273.0933,,,30,31,0,1,25.7993
20260203115811.757,273.1044,,,30,31,0,1,25.7993
20260203115811.760,273.1155,,,30,31,0,1,25.7993
20260203115811.767,273.1266,,,30,31,0,1,25.7993
20260203115811.769,273.1377,,,30,31,0,1,25.7993
20260203115811.771,273.1488,,,30,31,0,1,25.7993
20260203115811.772,273.1599,,,30,31,0,1,25.7993
20260203115811.773,273.1710,,,30,31,0,1,25.7993
20260203115811.776,273.1821,,,30,31,0,1,25.7993
20260203115811.777,273.1932,,,30,31,0,1,25.7993
20260203115811.779,273.2043,,,30,31,0,1,25.7993
20260203115811.780,273.2154,,,30,31,0,1,25.7993
20260203115811.782,273.2265,,,30,31,0,1,25.7993
20260203115811.785,273.2376,,,30,31,0,1,25.7993
20260203115811.787,273.2487,,,30,31,0,1,25.7993
20260203115811.788,273.2598,,,30,31,0,1,25.7993
20260203115811.790,273.2709,,,30,31,0,1,25.7993
20260203115811.791,273.2820,,,30,31,0,1,25.7993
20260203115811.793,273.2931,,,30,31,0,1,25.7993
20260203115811.795,273.3042,,,30,31,0,1,25.7993
20260203115811.796,273.3153,,,30,31,0,1,25.7993
20260203115811.798,273.3264,,,30,31,0,1,25.7993
20260203115811.799,273.3375,,,30,31,0,1,25.7993
20260203115811.801,273.3486,,,30,31,0,1,25.7993
20260203115811.803,273.3597,,,30,31,0,1,25.7993
20260203115811.805,273.3708,,,30,31,0,1,25.7993
20260203115811.806,273.3819,,,30,31,0,1,25.7993
20260203115811.807,273.3930,,,30,31,0,1,25.7993
20260203115811.809,273.4041,,,30,31,0,1,25.7993
20260203115811.811,273.4152,,,30,31,0,1,25.7993
20260203115811.812,273.4263,,,30,31,0,1,25.7993
20260203115811.815,273.4374,,,30,31,0,1,25.7993
20260203115811.817,273.4485,,,30,31,0,1,25.7993
20260203115811.817,273.4596,,,30,31,0,1,25.7993
20260203115811.820,273.4707,,,30,31,0,1,25.7993
20260203115811.821,273.4818,,,30,31,0,1,25.7993
20260203115811.823,273.4929,,,30,31,0,1,25.7993
20260203115811.825,273.5040,,,30,31,0,1,25.7993
20260203115811.835,273.5151,,,30,31,0,1,25.7993
20260203115811.837,273.5262,,,30,31,0,1,25.7993
20260203115811.839,273.5373,,,30,31,0,1,25.7993
20260203115811.840,273.5484,,,30,31,0,1,25.7993
20260203115811.843,273.5595,,,30,31,0,1,25.7993
20260203115811.844,273.5706,,,30,31,0,1,25.7993
20260203115811.849,273.5817,,,30,31,0,1,25.7993
20260203115811.857,273.5928,,,30,31,0,1,25.7993
20260203115811.858,273.6039,,,30,31,0,1,25.7993
20260203115811.860,273.6150,,,30,31,0,1,25.7993
20260203115811.862,273.6261,,,30,31,0,1,25.7993
20260203115811.863,273.6372,,,30,31,0,1,25.7993
20260203115811.865,273.6483,,,30,31,0,1,25.7993
20260203115811.867,273.6594,,,30,31,0,1,25.7993
20260203115811.869,273.6705,,,30,31,0,1,25.7993
20260203115811.870,273.6816,,,30,31,0,1,25.7993
20260203115811.872,273.6927,,,30,31,0,1,25.7993
20260203115811.874,273.7038,,,30,31,0,1,25.7993
20260203115811.875,273.7149,,,30,31,0,1,25.7993
20260203115811.877,273.7260,,,30,31,0,1,25.7993
20260203115811.878,273.7371,,,30,31,0,1,25.7993
20260203115811.880,273.7482,,,30,31,0,1,25.7993
20260203115811.882,273.7593,,,30,31,0,1,25.7993
20260203115811.883,273.7704,,,30,31,0,1,25.7993
20260203115811.885,273.7815,,,30,31,0,1,25.7993
20260203115811.887,273.7926,,,30,31,0,1,25.7993
20260203115811.889,273.8037,,,30,31,0,1,25.7993
20260203115811.891,273.8148,,,30,31,0,1,25.7993
20260203115811.892,273.8259,,,30,31,0,1,25.7993
20260203115811.894,273.8370,,,30,31,0,1,25.7993
20260203115811.896,273.8481,,,30,31,0,1,25.7993
20260203115811.897,273.8592,,,30,31,0,1,25.7993
20260203115811.899,273.8703,,,30,31,0,1,25.7993
20260203115811.901,273.8814,,,30,31,0,1,25.7993
20260203115811.902,273.8925,,,30,31,0,1,25.7993
20260203115811.904,273.9036,,,30,31,0,1,25.7993
20260203115811.906,273.9147,,,30,31,0,1,25.7993
20260203115811.908,273.9258,,,30,31,0,1,25.7993
20260203115811.909,273.9369,,,30,31,0,1,25.7993
20260203115811.911,273.9480,,,30,31,0,1,25.7993
20260203115811.913,273.9591,,,30,31,0,1,25.7993
20260203115811.914,273.9702,,,30,31,0,1,25.7993
20260203115811.916,273.9813,,,30,31,0,1,25.7993
20260203115811.917,273.9924,,,30,31,0,1,25.7993
20260203115811.919,274.0035,,,30,31,0,1,25.7993
20260203115811.921,274.0146,,,30,31,0,1,25.7993
20260203115811.923,274.0257,,,30,31,0,1,25.7993
20260203115811.927,274.0368,,,30,31,0,1,25.7993
20260203115811.929,274.0479,,,30,31,0,1,25.7993
20260203115811.930,274.0590,,,30,31,0,1,25.7993
20260203115811.950,274.0701,,,30,31,0,1,25.7993
20260203115811.952,274.0812,,,30,31,0,1,25.7993
20260203115811.954,274.0923,,,30,31,0,1,25.7993
20260203115811.956,274.1034,,,30,31,0,1,25.7993
20260203115811.958,274.1145,,,30,31,0,1,25.7993
20260203115811.959,274.1256,,,30,31,0,1,25.7993
20260203115811.961,274.1367,,,30,31,0,1,25.7993
20260203115811.963,274.1478,,,30,31,0,1,25.7993
20260203115811.964,274.1589,,,30,31,0,1,25.7993
20260203115811.966,274.1700,,,30,31,0,1,25.7993
20260203115811.967,274.1811,,,30,31,0,1,25.7993
20260203115811.969,274.1922,,,30,31,0,1,25.7993
20260203115811.970,274.2033,,,30,31,0,1,25.7993
20260203115811.972,274.2144,,,30,31,0,1,25.7993
20260203115811.974,274.2255,,,30,31,0,1,25.7993
20260203115811.975,274.2366,,,30,31,0,1,25.7993
20260203115811.977,274.2477,,,30,31,0,1,25.7993
20260203115811.979,274.2588,,,30,31,0,1,25.7993
20260203115811.981,274.2699,,,30,31,0,1,25.7993
20260203115811.982,274.2810,,,30,31,0,1,25.7993
20260203115811.984,274.2921,,,30,31,0,1,25.7993
20260203115811.986,274.3032,,,30,31,0,1,25.7993
20260203115811.988,274.3143,,,30,31,0,1,25.7993
20260203115811.989,274.3254,,,30,31,0,1,25.7993
20260203115811.991,274.3365,,,30,31,0,1,25.7993
20260203115811.992,274.3476,,,30,31,0,1,25.7993
20260203115811.994,274.3587,,,30,31,0,1,25.7993
20260203115811.995,274.3698,,,30,31,0,1,25.7993
20260203115811.998,274.3809,,,30,31,0,1,25.7993
20260203115811.999,274.3920,,,30,31,0,1,25.7993
20260203115812.001,274.4031,,,30,31,0,1,25.7993
20260203115812.003,274.4142,,,30,31,0,1,25.7993
20260203115812.004,274.4253,,,30,31,0,1,25.7993
20260203115812.006,274.4364,,,30,31,0,1,25.7993
20260203115812.007,274.4475,,,30,31,0,1,25.7993
20260203115812.009,274.4586,,,30,31,0,1,25.7993
20260203115812.011,274.4697,,,30,31,0,1,25.7993
20260203115812.013,274.4808,,,30,31,0,1,25.7993
20260203115812.015,274.4919,,,30,31,0,1,25.7993
20260203115812.017,274.5030,,,30,31,0,1,25.7993
20260203115812.021,274.5141,,,30,31,0,1,25.7993
20260203115812.023,274.5252,,,30,31,0,1,25.7993
20260203115812.025,274.5363,,,30,31,0,1,25.7993
20260203115812.026,274.5474,,,30,31,0,1,25.7993
20260203115812.027,274.5585,,,30,31,0,1,25.7993
20260203115812.030,274.5696,,,30,31,0,1,25.7993
20260203115812.033,274.5807,,,30,31,0,1,25.7993
20260203115812.039,274.5918,,,30,31,0,1,25.7993
20260203115812.040,274.6029,,,30,31,0,1,25.7993
20260203115812.042,274.6140,,,30,31,0,1,25.7993
20260203115812.053,274.6251,,,30,31,0,1,25.7993
20260203115812.055,274.6362,,,30,31,0,1,25.7993
20260203115812.056,274.6473,,,30,31,0,1,25.7993
20260203115812.059,274.6584,,,30,31,0,1,25.7993
20260203115812.061,274.6695,,,30,31,0,1,25.7993
20260203115812.062,274.6806,,,30,31,0,1,25.7993
20260203115812.064,274.6917,,,30,31,0,1,25.7993
20260203115812.065,274.7028,,,30,31,0,1,25.7993
20260203115812.067,274.7139,,,30,31,0,1,25.7993
20260203115812.069,274.7250,,,30,31,0,1,25.7993
20260203115812.071,274.7361,,,30,31,0,1,25.7993
20260203115812.072,274.7472,,,30,31,0,1,25.7993
20260203115812.074,274.7583,,,30,31,0,1,25.7993
20260203115812.076,274.7694,,,30,31,0,1,25.7993
20260203115812.078,274.7805,,,30,31,0,1,25.7993
20260203115812.079,274.7916,,,30,31,0,1,25.7993
20260203115812.081,274.8027,,,30,31,0,1,25.7993
20260203115812.083,274.8138,,,30,31,0,1,25.7993
20260203115812.084,274.8249,,,30,31,0,1,25.7993
20260203115812.085,274.8360,,,30,31,0,1,25.7993
20260203115812.088,274.8471,,,30,31,0,1,25.7993
20260203115812.090,274.8582,,,30,31,0,1,25.7993
20260203115812.093,274.8693,,,30,31,0,1,25.7993
20260203115812.095,274.8804,,,30,31,0,1,25.7993
20260203115812.096,274.8915,,,30,31,0,1,25.7993
20260203115812.098,274.9026,,,30,31,0,1,25.7993
20260203115812.099,274.9137,,,30,31,0,1,25.7993
20260203115812.101,274.9248,,,30,31,0,1,25.7993
20260203115812.103,274.9359,,,30,31,0,1,25.7993
20260203115812.104,274.9470,,,30,31,0,1,25.7993
20260203115812.107,274.9581,,,30,31,0,1,25.7993
20260203115812.108,274.9692,,,30,31,0,1,25.7993
20260203115812.110,274.9803,,,30,31,0,1,25.7993
20260203115812.112,274.9914,,,30,31,0,1,25.7993
20260203115812.114,275.0025,,,30,31,0,1,25.7993
20260203115812.115,275.0136,,,30,31,0,1,25.7993
20260203115812.117,275.0247,,,30,31,0,1,25.7993
20260203115812.122,275.0358,,,30,31,0,1,25.7993
20260203115812.124,275.0469,,,30,31,0,1,25.7993
20260203115812.125,275.0580,,,30,31,0,1,25.7993
20260203115812.127,275.0691,,,30,31,0,1,25.7993
20260203115812.129,275.0802,,,30,31,0,1,25.7993
20260203115812.132,275.0913,,,30,31,0,1,25.7993
20260203115812.138,275.1024,,,30,31,0,1,25.7993
20260203115812.140,275.1135,,,30,31,0,1,25.7993
20260203115812.141,275.1246,,,30,31,0,1,25.7993
20260203115812.143,275.1357,,,30,31,0,1,25.7993
20260203115812.145,275.1468,,,30,31,0,1,25.7993
20260203115812.146,275.1579,,,30,31,0,1,25.7993
20260203115812.148,275.1690,,,30,31,0,1,25.7993
20260203115812.160,275.1801,,,30,31,0,1,25.7993
20260203115812.161,275.1912,,,30,31,0,1,25.7993
20260203115812.163,275.2023,,,30,31,0,1,25.7993
20260203115812.165,275.2134,,,30,31,0,1,25.7993
20260203115812.167,275.2245,,,30,31,0,1,25.7993
20260203115812.168,275.2356,,,30,31,0,1,25.7993
20260203115812.170,275.2467,,,30,31,0,1,25.7993
20260203115812.172,275.2578,,,30,31,0,1,25.7993
20260203115812.174,275.2689,,,30,31,0,1,25.7993
20260203115812.175,275.2800,,,30,31,0,1,25.7993
20260203115812.177,275.2911,,,30,31,0,1,25.7993
20260203115812.178,275.3022,,,30,31,0,1,25.7993
20260203115812.180,275.3133,,,30,31,0,1,25.7993
20260203115812.182,275.3244,,,30,31,0,1,25.7993
20260203115812.183,275.3355,,,30,31,0,1,25.7993
20260203115812.185,275.3466,,,30,31,0,1,25.7993
20260203115812.187,275.3577,,,30,31,0,1,25.7993
20260203115812.189,275.3688,,,30,31,0,1,25.7993
20260203115812.191,275.3799,,,30,31,0,1,25.7993
20260203115812.192,275.3910,,,30,31,0,1,25.7993
20260203115812.194,275.4021,,,30,31,0,1,25.7993
20260203115812.195,275.4132,,,30,31,0,1,25.7993
20260203115812.197,275.4243,,,30,31,0,1,25.7993
20260203115812.199,275.4354,,,30,31,0,1,25.7993
20260203115812.200,275.4465,,,30,31,0,1,25.7993
20260203115812.202,275.4576,,,30,31,0,1,25.7993
20260203115812.204,275.4687,,,30,31,0,1,25.7993
20260203115812.206,275.4798,,,30,31,0,1,25.7993
20260203115812.208,275.4909,,,30,31,0,1,25.7993
20260203115812.209,275.5020,,,30,31,0,1,25.7993
20260203115812.211,275.5131,,,30,31,0,1,25.7993
20260203115812.213,275.5242,,,30,31,0,1,25.7993
20260203115812.215,275.5353,,,30,31,0,1,25.7993
20260203115812.219,275.5464,,,30,31,0,1,25.7993
20260203115812.222,275.5575,,,30,31,0,1,25.7993
20260203115812.223,275.5686,,,30,31,0,1,25.7993
20260203115812.225,275.5797,,,30,31,0,1,25.7993
20260203115812.227,275.5908,,,30,31,0,1,25.7993
20260203115812.230,275.6019,,,30,31,0,1,25.7993
20260203115812.236,275.6130,,,30,31,0,1,25.7993
20260203115812.237,275.6241,,,30,31,0,1,25.7993
20260203115812.239,275.6352,,,30,31,0,1,25.7993
20260203115812.241,275.6463,,,30,31,0,1,25.7993
20260203115812.242,275.6574,,,30,31,0,1,25.7993
20260203115812.244,275.6685,,,30,31,0,1,25.7993
20260203115812.246,275.6796,,,30,31,0,1,25.7993
20260203115812.248,275.6907,,,30,31,0,1,25.7993
20260203115812.250,275.7018,,,30,31,0,1,25.7993
20260203115812.251,275.7129,,,30,31,0,1,25.7993
20260203115812.253,275.7240,,,30,31,0,1,25.7993
20260203115812.264,275.7351,,,30,31,0,1,25.7993
20260203115812.267,275.7462,,,30,31,0,1,25.7993
20260203115812.268,275.7573,,,30,31,0,1,25.7993
20260203115812.270,275.7684,,,30,31,0,1,25.7993
20260203115812.272,275.7795,,,30,31,0,1,25.7993
20260203115812.273,275.7906,,,30,31,0,1,25.7993
20260203115812.275,275.8017,,,30,31,0,1,25.7993
20260203115812.277,275.8128,,,30,31,0,1,25.7993
20260203115812.278,275.8239,,,30,31,0,1,25.7993
20260203115812.280,275.8350,,,30,31,0,1,25.7993
20260203115812.281,275.8461,,,30,31,0,1,25.7993
20260203115812.283,275.8572,,,30,31,0,1,25.7993
20260203115812.285,275.8683,,,30,31,0,1,25.7993
20260203115812.287,275.8794,,,30,31,0,1,25.7993
20260203115812.289,275.8905,,,30,31,0,1,25.7993
20260203115812.291,275.9016,,,30,31,0,1,25.7993
20260203115812.293,275.9127,,,30,31,0,1,25.7993
20260203115812.294,275.9238,,,30,31,0,1,25.7993
20260203115812.296,275.9349,,,30,31,0,1,25.7993
20260203115812.297,275.9460,,,30,31,0,1,25.7993
20260203115812.299,275.9571,,,30,31,0,1,25.7993
20260203115812.301,275.9682,,,30,31,0,1,25.7993
20260203115812.303,275.9793,,,30,31,0,1,25.7993
20260203115812.304,275.9904,,,30,31,0,1,25.7993
20260203115812.307,276.0015,,,30,31,0,1,25.7993
20260203115812.308,276.0126,,,30,31,0,1,25.7993
20260203115812.310,276.0237,,,30,31,0,1,25.7993
20260203115812.312,276.0348,,,30,31,0,1,25.7993
20260203115812.313,276.0459,,,30,31,0,1,25.7993
20260203115812.315,276.0570,,,30,31,0,1,25.7993
20260203115812.320,276.0681,,,30,31,0,1,25.7993
20260203115812.321,276.0792,,,30,31,0,1,25.7993
20260203115812.323,276.0903,,,30,31,0,1,25.7993
20260203115812.325,276.1014,,,30,31,0,1,25.7993
20260203115812.328,276.1125,,,30,31,0,1,25.7993
20260203115812.334,276.1236,,,30,31,0,1,25.7993
20260203115812.335,276.1347,,,30,31,0,1,25.7993
20260203115812.338,276.1458,,,30,31,0,1,25.7993
20260203115812.340,276.1569,,,30,31,0,1,25.7993
20260203115812.341,276.1680,,,30,31,0,1,25.7993
20260203115812.343,276.1791,,,30,31,0,1,25.7993
20260203115812.344,276.1902,,,30,31,0,1,25.7993
20260203115812.345,276.2013,,,30,31,0,1,25.7993
20260203115812.348,276.2124,,,30,31,0,1,25.7993
20260203115812.350,276.2235,,,30,31,0,1,25.7993
20260203115812.351,276.2346,,,30,31,0,1,25.7993
20260203115812.353,276.2457,,,30,31,0,1,25.7993
20260203115812.355,276.2568,,,30,31,0,1,25.7993
20260203115812.357,276.2679,,,30,31,0,1,25.7993
20260203115812.358,276.2790,,,30,31,0,1,25.7993
20260203115812.369,276.2901,,,30,31,0,1,25.7993
20260203115812.371,276.3012,,,30,31,0,1,25.7993
20260203115812.372,276.3123,,,30,31,0,1,25.7993
20260203115812.374,276.3234,,,30,31,0,1,25.7993
20260203115812.376,276.3345,,,30,31,0,1,25.7993
20260203115812.377,276.3456,,,30,31,0,1,25.7993
20260203115812.379,276.3567,,,30,31,0,1,25.7993
20260203115812.381,276.3678,,,30,31,0,1,25.7993
20260203115812.383,276.3789,,,30,31,0,1,25.7993
20260203115812.385,276.3900,,,30,31,0,1,25.7993
20260203115812.386,276.4011,,,30,31,0,1,25.7993
20260203115812.387,276.4122,,,30,31,0,1,25.7993
20260203115812.390,276.4233,,,30,31,0,1,25.7993
20260203115812.391,276.4344,,,30,31,0,1,25.7993
20260203115812.393,276.4455,,,30,31,0,1,25.7993
20260203115812.395,276.4566,,,30,31,0,1,25.7993
20260203115812.396,276.4677,,,30,31,0,1,25.7993
20260203115812.398,276.4788,,,30,31,0,1,25.7993
20260203115812.400,276.4899,,,30,31,0,1,25.7993
20260203115812.401,276.5010,,,30,31,0,1,25.7993
20260203115812.403,276.5121,,,30,31,0,1,25.7993
20260203115812.405,276.5232,,,30,31,0,1,25.7993
20260203115812.406,276.5343,,,30,31,0,1,25.7993
20260203115812.407,276.5454,,,30,31,0,1,25.7993
20260203115812.410,276.5565,,,30,31,0,1,25.7993
20260203115812.411,276.5676,,,30,31,0,1,25.7993
20260203115812.416,276.5787,,,30,31,0,1,25.7993
20260203115812.417,276.5898,,,30,31,0,1,25.7993
20260203115812.419,276.6009,,,30,31,0,1,25.7993
20260203115812.421,276.6120,,,30,31,0,1,25.7993
20260203115812.423,276.6231,,,30,31,0,1,25.7993
20260203115812.430,276.6342,,,30,31,0,1,25.7993
20260203115812.432,276.6453,,,30,31,0,1,25.7993
20260203115812.434,276.6564,,,30,31,0,1,25.7993
20260203115812.435,276.6675,,,30,31,0,1,25.7993
20260203115812.437,276.6786,,,30,31,0,1,25.7993
20260203115812.438,276.6897,,,30,31,0,1,25.7993
20260203115812.440,276.7008,,,30,31,0,1,25.7993
20260203115812.441,276.7119,,,30,31,0,1,25.7993
20260203115812.444,276.7230,,,30,31,0,1,25.7993
20260203115812.445,276.7341,,,30,31,0,1,25.7993
20260203115812.447,276.7452,,,30,31,0,1,25.7993
20260203115812.448,276.7563,,,30,31,0,1,25.7993
20260203115812.450,276.7674,,,30,31,0,1,25.7993
20260203115812.452,276.7785,,,30,31,0,1,25.7993
20260203115812.453,276.7896,,,30,31,0,1,25.7993
20260203115812.455,276.8007,,,30,31,0,1,25.7993
20260203115812.457,276.8118,,,30,31,0,1,25.7993
20260203115812.459,276.8229,,,30,31,0,1,25.7993
20260203115812.461,276.8340,,,30,31,0,1,25.7993
20260203115812.472,276.8451,,,30,31,0,1,25.7993
20260203115812.474,276.8562,,,30,31,0,1,25.7993
20260203115812.476,276.8673,,,30,31,0,1,25.7993
20260203115812.477,276.8784,,,30,31,0,1,25.7993
20260203115812.479,276.8895,,,30,31,0,1,25.7993
20260203115812.480,276.9006,,,30,31,0,1,25.7993
20260203115812.482,276.9117,,,30,31,0,1,25.7993
20260203115812.484,276.9228,,,30,31,0,1,25.7993
20260203115812.485,276.9339,,,30,31,0,1,25.7993
20260203115812.488,276.9450,,,30,31,0,1,25.7993
20260203115812.490,276.9561,,,30,31,0,1,25.7993
20260203115812.491,276.9672,,,30,31,0,1,25.7993
20260203115812.493,276.9783,,,30,31,0,1,25.7993
20260203115812.495,276.9894,,,30,31,0,1,25.7993
20260203115812.496,277.0005,,,30,31,0,1,25.7993
20260203115812.498,277.0116,,,30,31,0,1,25.7993
20260203115812.500,277.0227,,,30,31,0,1,25.7993
20260203115812.501,277.0338,,,30,31,0,1,25.7993
20260203115812.503,277.0449,,,30,31,0,1,25.7993
20260203115812.505,277.0560,,,30,31,0,1,25.7993
20260203115812.506,277.0671,,,30,31,0,1,25.7993
20260203115812.508,277.0782,,,30,31,0,1,25.7993
20260203115812.509,277.0893,,,30,31,0,1,25.7993
20260203115812.514,277.1004,,,30,31,0,1,25.7993
20260203115812.515,277.1115,,,30,31,0,1,25.7993
20260203115812.518,277.1226,,,30,31,0,1,25.7993
20260203115812.519,277.1337,,,30,31,0,1,25.7993
20260203115812.522,277.1448,,,30,31,0,1,25.7993
20260203115812.530,277.1559,,,30,31,0,1,25.7993
20260203115812.531,277.1670,,,30,31,0,1,25.7993
20260203115812.533,277.1781,,,30,31,0,1,25.7993
20260203115812.535,277.1892,,,30,31,0,1,25.7993
20260203115812.536,277.2003,,,30,31,0,1,25.7993
20260203115812.538,277.2114,,,30,31,0,1,25.7993
20260203115812.539,277.2225,,,30,31,0,1,25.7993
20260203115812.541,277.2336,,,30,31,0,1,25.7993
20260203115812.543,277.2447,,,30,31,0,1,25.7993
20260203115812.544,277.2558,,,30,31,0,1,25.7993
20260203115812.545,277.2669,,,30,31,0,1,25.7993
20260203115812.548,277.2780,,,30,31,0,1,25.7993
20260203115812.550,277.2891,,,30,31,0,1,25.7993
20260203115812.552,277.3002,,,30,31,0,1,25.7993
20260203115812.553,277.3113,,,30,31,0,1,25.7993
20260203115812.554,277.3224,,,30,31,0,1,25.7993
20260203115812.557,277.3335,,,30,31,0,1,25.7993
20260203115812.558,277.3446,,,30,31,0,1,25.7993
20260203115812.560,277.3557,,,30,31,0,1,25.7993
20260203115812.562,277.3668,,,30,31,0,1,25.7993
20260203115812.563,277.3779,,,30,31,0,1,25.7993
20260203115812.565,277.3890,,,30,31,0,1,25.7993
20260203115812.576,277.4001,,,30,31,0,1,25.7993
20260203115812.579,277.4112,,,30,31,0,1,25.7993
20260203115812.580,277.4223,,,30,31,0,1,25.7993
20260203115812.591,277.4334,,,30,31,0,1,25.7993
20260203115812.593,277.4445,,,30,31,0,1,25.7993
20260203115812.595,277.4556,,,30,31,0,1,25.7993
20260203115812.597,277.4667,,,30,31,0,1,25.7993
20260203115812.599,277.4778,,,30,31,0,1,25.7993
20260203115812.600,277.4889,,,30,31,0,1,25.7993
20260203115812.602,277.5000,,,30,31,0,1,25.7993
20260203115812.603,277.5111,,,30,31,0,1,25.7993
20260203115812.605,277.5222,,,30,31,0,1,25.7993
20260203115812.606,277.5333,,,30,31,0,1,25.7993
20260203115812.609,277.5444,,,30,31,0,1,25.7993
20260203115812.611,277.5555,,,30,31,0,1,25.7993
20260203115812.612,277.5666,,,30,31,0,1,25.7993
20260203115812.614,277.5777,,,30,31,0,1,25.7993
20260203115812.616,277.5888,,,30,31,0,1,25.7993
20260203115812.617,277.5999,,,30,31,0,1,25.7993
20260203115812.619,277.6110,,,30,31,0,1,25.7993
20260203115812.630,277.6221,,,30,31,0,1,25.7993
20260203115812.632,277.6332,,,30,31,0,1,25.7993
20260203115812.633,277.6443,,,30,31,0,1,25.7993
20260203115812.635,277.6554,,,30,31,0,1,25.7993
20260203115812.637,277.6665,,,30,31,0,1,25.7993
20260203115812.638,277.6776,,,30,31,0,1,25.7993
20260203115812.639,277.6887,,,30,31,0,1,25.7993
20260203115812.642,277.6998,,,30,31,0,1,25.7993
20260203115812.643,277.7109,,,30,31,0,1,25.7993
20260203115812.645,277.7220,,,30,31,0,1,25.7993
20260203115812.647,277.7331,,,30,31,0,1,25.7993
20260203115812.648,277.7442,,,30,31,0,1,25.7993
20260203115812.650,277.7553,,,30,31,0,1,25.7993
20260203115812.652,277.7664,,,30,31,0,1,25.7993
20260203115812.653,277.7775,,,30,31,0,1,25.7993
20260203115812.654,277.7886,,,30,31,0,1,25.7993
20260203115812.656,277.7997,,,30,31,0,1,25.7993
20260203115812.659,277.8108,,,30,31,0,1,25.7993
20260203115812.660,277.8219,,,30,31,0,1,25.7993
20260203115812.662,277.8330,,,30,31,0,1,25.7993
20260203115812.664,277.8441,,,30,31,0,1,25.7993
20260203115812.665,277.8552,,,30,31,0,1,25.7993
20260203115812.667,277.8663,,,30,31,0,1,25.7993
20260203115812.668,277.8774,,,30,31,0,1,25.7993
20260203115812.670,277.8885,,,30,31,0,1,25.7993
20260203115812.671,277.8996,,,30,31,0,1,25.7993
20260203115812.674,277.9107,,,30,31,0,1,25.7993
20260203115812.675,277.9218,,,30,31,0,1,25.7993
20260203115812.677,277.9329,,,30,31,0,1,25.7993
20260203115812.679,277.9440,,,30,31,0,1,25.7993
20260203115812.689,277.9551,,,30,31,0,1,25.7993
20260203115812.691,277.9662,,,30,31,0,1,25.7993
20260203115812.692,277.9773,,,30,31,0,1,25.7993
20260203115812.694,277.9884,,,30,31,0,1,25.7993
20260203115812.695,277.9995,,,30,31,0,1,25.7993
20260203115812.698,278.0106,,,30,31,0,1,25.7993
20260203115812.700,278.0217,,,30,31,0,1,25.7993
20260203115812.702,278.0328,,,30,31,0,1,25.7993
20260203115812.703,278.0439,,,30,31,0,1,25.7993
20260203115812.705,278.0550,,,30,31,0,1,25.7993
20260203115812.707,278.0661,,,30,31,0,1,25.7993
20260203115812.708,278.0772,,,30,31,0,1,25.7993
20260203115812.712,278.0883,,,30,31,0,1,25.7993
20260203115812.714,278.0994,,,30,31,0,1,25.7993
20260203115812.715,278.1105,,,30,31,0,1,25.7993
20260203115812.718,278.1216,,,30,31,0,1,25.7993
20260203115812.720,278.1327,,,30,31,0,1,25.7993
20260203115812.723,278.1438,,,30,31,0,1,25.7993
20260203115812.729,278.1549,,,30,31,0,1,25.7993
20260203115812.731,278.1660,,,30,31,0,1,25.7993
20260203115812.733,278.1771,,,30,31,0,1,25.7993
20260203115812.734,278.1882,,,30,31,0,1,25.7993
20260203115812.735,278.1993,,,30,31,0,1,25.7993
20260203115812.738,278.2104,,,30,31,0,1,25.7993
20260203115812.740,278.2215,,,30,31,0,1,25.7993
20260203115812.741,278.2326,,,30,31,0,1,25.7993
20260203115812.743,278.2437,,,30,31,0,1,25.7993
20260203115812.745,278.2548,,,30,31,0,1,25.7993
20260203115812.746,278.2659,,,30,31,0,1,25.7993
20260203115812.748,278.2770,,,30,31,0,1,25.7993
20260203115812.750,278.2881,,,30,31,0,1,25.7993
20260203115812.751,278.2992,,,30,31,0,1,25.7993
20260203115812.753,278.3103,,,30,31,0,1,25.7993
20260203115812.755,278.3214,,,30,31,0,1,25.7993
20260203115812.756,278.3325,,,30,31,0,1,25.7993
20260203115812.758,278.3436,,,30,31,0,1,25.7993
20260203115812.759,278.3547,,,30,31,0,1,25.7993
20260203115812.761,278.3658,,,30,31,0,1,25.7993
20260203115812.763,278.3769,,,30,31,0,1,25.7993
20260203115812.765,278.3880,,,30,31,0,1,25.7993
20260203115812.766,278.3991,,,30,31,0,1,25.7993
20260203115812.768,278.4102,,,30,31,0,1,25.7993
20260203115812.769,278.4213,,,30,31,0,1,25.7993
20260203115812.771,278.4324,,,30,31,0,1,25.7993
20260203115812.773,278.4435,,,30,31,0,1,25.7993
20260203115812.774,278.4546,,,30,31,0,1,25.7993
20260203115812.776,278.4657,,,30,31,0,1,25.7993
20260203115812.778,278.4768,,,30,31,0,1,25.7993
20260203115812.780,278.4879,,,30,31,0,1,25.7993
20260203115812.781,278.4990,,,30,31,0,1,25.7993
20260203115812.795,278.5101,,,30,31,0,1,25.7993
20260203115812.796,278.5212,,,30,31,0,1,25.7993
20260203115812.798,278.5323,,,30,31,0,1,25.7993
20260203115812.800,278.5434,,,30,31,0,1,25.7993
20260203115812.802,278.5545,,,30,31,0,1,25.7993
20260203115812.804,278.5656,,,30,31,0,1,25.7993
20260203115812.806,278.5767,,,30,31,0,1,25.7993
20260203115812.807,278.5878,,,30,31,0,1,25.7993
20260203115812.809,278.5989,,,30,31,0,1,25.7993
20260203115812.810,278.6100,,,30,31,0,1,25.7993
20260203115812.816,278.6211,,,30,31,0,1,25.7993
20260203115812.818,278.6322,,,30,31,0,1,25.7993
20260203115812.820,278.6433,,,30,31,0,1,25.7993
20260203115812.821,278.6544,,,30,31,0,1,25.7993
20260203115812.825,278.6655,,,30,31,0,1,25.7993
20260203115812.831,278.6766,,,30,31,0,1,25.7993
20260203115812.832,278.6877,,,30,31,0,1,25.7993
20260203115812.834,278.6988,,,30,31,0,1,25.7993
20260203115812.836,278.7099,,,30,31,0,1,25.7993
20260203115812.837,278.7210,,,30,31,0,1,25.7993
20260203115812.839,278.7321,,,30,31,0,1,25.7993
20260203115812.840,278.7432,,,30,31,0,1,25.7993
20260203115812.842,278.7543,,,30,31,0,1,25.7993
20260203115812.844,278.7654,,,30,31,0,1,25.7993
20260203115812.846,278.7765,,,30,31,0,1,25.7993
20260203115812.847,278.7876,,,30,31,0,1,25.7993
20260203115812.849,278.7987,,,30,31,0,1,25.7993
20260203115812.850,278.8098,,,30,31,0,1,25.7993
20260203115812.852,278.8209,,,30,31,0,1,25.7993
20260203115812.853,278.8320,,,30,31,0,1,25.7993
20260203115812.855,278.8431,,,30,31,0,1,25.7993
20260203115812.857,278.8542,,,30,31,0,1,25.7993
20260203115812.859,278.8653,,,30,31,0,1,25.7993
20260203115812.861,278.8764,,,30,31,0,1,25.7993
20260203115812.862,278.8875,,,30,31,0,1,25.7993
20260203115812.864,278.8986,,,30,31,0,1,25.7993
20260203115812.865,278.9097,,,30,31,0,1,25.7993
20260203115812.868,278.9208,,,30,31,0,1,25.7993
20260203115812.869,278.9319,,,30,31,0,1,25.7993
20260203115812.871,278.9430,,,30,31,0,1,25.7993
20260203115812.873,278.9541,,,30,31,0,1,25.7993
20260203115812.874,278.9652,,,30,31,0,1,25.7993
20260203115812.876,278.9763,,,30,31,0,1,25.7993
20260203115812.877,278.9874,,,30,31,0,1,25.7993
20260203115812.879,278.9985,,,30,31,0,1,25.7993
20260203115812.881,279.0096,,,30,31,0,1,25.7993
20260203115812.882,279.0207,,,30,31,0,1,25.7993
20260203115812.884,279.0318,,,30,31,0,1,25.7993
20260203115812.885,279.0429,,,30,31,0,1,25.7993
20260203115812.888,279.0540,,,30,31,0,1,25.7993
20260203115812.898,279.0651,,,30,31,0,1,25.7993
20260203115812.900,279.0762,,,30,31,0,1,25.7993
20260203115812.901,279.0873,,,30,31,0,1,25.7993
20260203115812.904,279.0984,,,30,31,0,1,25.7993
20260203115812.905,279.1095,,,30,31,0,1,25.7993
20260203115812.907,279.1206,,,30,31,0,1,25.7993
20260203115812.908,279.1317,,,30,31,0,1,25.7993
20260203115812.913,279.1428,,,30,31,0,1,25.7993
20260203115812.914,279.1539,,,30,31,0,1,25.7993
20260203115812.916,279.1650,,,30,31,0,1,25.7993
20260203115812.918,279.1761,,,30,31,0,1,25.7993
20260203115812.920,279.1872,,,30,31,0,1,25.7993
20260203115812.924,279.1983,,,30,31,0,1,25.7993
20260203115812.930,279.2094,,,30,31,0,1,25.7993
20260203115812.931,279.2205,,,30,31,0,1,25.7993
20260203115812.933,279.2316,,,30,31,0,1,25.7993
20260203115812.935,279.2427,,,30,31,0,1,25.7993
20260203115812.936,279.2538,,,30,31,0,1,25.7993
20260203115812.938,279.2649,,,30,31,0,1,25.7993
20260203115812.939,279.2760,,,30,31,0,1,25.7993
20260203115812.941,279.2871,,,30,31,0,1,25.7993
20260203115812.943,279.2982,,,30,31,0,1,25.7993
20260203115812.944,279.3093,,,30,31,0,1,25.7993
20260203115812.945,279.3204,,,30,31,0,1,25.7993
20260203115812.948,279.3315,,,30,31,0,1,25.7993
20260203115812.950,279.3426,,,30,31,0,1,25.7993
20260203115812.951,279.3537,,,30,31,0,1,25.7993
20260203115812.952,279.3648,,,30,31,0,1,25.7993
20260203115812.954,279.3759,,,30,31,0,1,25.7993
20260203115812.956,279.3870,,,30,31,0,1,25.7993
20260203115812.958,279.3981,,,30,31,0,1,25.7993
20260203115812.960,279.4092,,,30,31,0,1,25.7993
20260203115812.961,279.4203,,,30,31,0,1,25.7993
20260203115812.963,279.4314,,,30,31,0,1,25.7993
20260203115812.965,279.4425,,,30,31,0,1,25.7993
20260203115812.967,279.4536,,,30,31,0,1,25.7993
20260203115812.968,279.4647,,,30,31,0,1,25.7993
20260203115812.969,279.4758,,,30,31,0,1,25.7993
20260203115812.971,279.4869,,,30,31,0,1,25.7993
20260203115812.973,279.4980,,,30,31,0,1,25.7993
20260203115812.974,279.5091,,,30,31,0,1,25.7993
20260203115812.977,279.5202,,,30,31,0,1,25.7993
20260203115812.978,279.5313,,,30,31,0,1,25.7993
20260203115812.980,279.5424,,,30,31,0,1,25.7993
20260203115812.981,279.5535,,,30,31,0,1,25.7993
20260203115812.983,279.5646,,,30,31,0,1,25.7993
20260203115812.984,279.5757,,,30,31,0,1,25.7993
20260203115812.986,279.5868,,,30,31,0,1,25.7993
20260203115812.988,279.5979,,,30,31,0,1,25.7993
20260203115812.989,279.6090,,,30,31,0,1,25.7993
20260203115813.002,279.6201,,,30,31,0,1,25.7993
20260203115813.003,279.6312,,,30,31,0,1,25.7993
20260203115813.005,279.6423,,,30,31,0,1,25.7993
20260203115813.007,279.6534,,,30,31,0,1,25.7993
20260203115813.008,279.6645,,,30,31,0,1,25.7993
20260203115813.013,279.6756,,,30,31,0,1,25.7993
20260203115813.015,279.6867,,,30,31,0,1,25.7993
20260203115813.018,279.6978,,,30,31,0,1,25.7993
20260203115813.021,279.7089,,,30,31,0,1,25.7993
20260203115813.025,279.7200,,,30,31,0,1,25.7993
20260203115813.030,279.7311,,,30,31,0,1,25.7993
20260203115813.033,279.7422,,,30,31,0,1,25.7993
20260203115813.038,279.7533,,,30,31,0,1,25.7993
20260203115813.042,279.7644,,,30,31,0,1,25.7993
20260203115813.046,279.7755,,,30,31,0,1,25.7993
20260203115813.049,279.7866,,,30,31,0,1,25.7993
20260203115813.053,279.7977,,,30,31,0,1,25.7993
20260203115813.058,279.8088,,,30,31,0,1,25.7993
20260203115813.060,279.8199,,,30,31,0,1,25.7993
20260203115813.066,279.8310,,,30,31,0,1,25.7993
20260203115813.067,279.8421,,,30,31,0,1,25.7993
20260203115813.069,279.8532,,,30,31,0,1,25.7993
20260203115813.071,279.8643,,,30,31,0,1,25.7993
20260203115813.072,279.8754,,,30,31,0,1,25.7993
20260203115813.074,279.8865,,,30,31,0,1,25.7993
20260203115813.076,279.8976,,,30,31,0,1,25.7993
20260203115813.077,279.9087,,,30,31,0,1,25.7993
20260203115813.078,279.9198,,,30,31,0,1,25.7993
20260203115813.080,279.9309,,,30,31,0,1,25.7993
20260203115813.082,279.9420,,,30,31,0,1,25.7993
20260203115813.083,279.9531,,,30,31,0,1,25.7993
20260203115813.085,279.9642,,,30,31,0,1,25.7993
20260203115813.087,279.9753,,,30,31,0,1,25.7993
20260203115813.089,279.9864,,,30,31,0,1,25.7993
20260203115813.091,279.9975,,,30,31,0,1,25.7993
20260203115813.092,280.0086,,,30,31,0,1,25.7993
20260203115813.094,280.0197,,,30,31,0,1,25.7993
20260203115813.096,280.0308,,,30,31,0,1,25.7993
20260203115813.098,280.0419,,,30,31,0,1,25.7993
20260203115813.099,280.0530,,,30,31,0,1,25.7993
20260203115813.101,280.0641,,,30,31,0,1,25.7993
20260203115813.103,280.0752,,,30,31,0,1,25.7993
20260203115813.104,280.0863,,,30,31,0,1,25.7993
20260203115813.106,280.0974,,,30,31,0,1,25.7993
20260203115813.107,280.1085,,,30,31,0,1,25.7993
20260203115813.109,280.1196,,,30,31,0,1,25.7993
20260203115813.111,280.1307,,,30,31,0,1,25.7993
20260203115813.112,280.1418,,,30,31,0,1,25.7993
20260203115813.114,280.1529,,,30,31,0,1,25.7993
20260203115813.115,280.1640,,,30,31,0,1,25.7993
20260203115813.125,280.1751,,,30,31,0,1,25.7993
20260203115813.128,280.1862,,,30,31,0,1,25.7993
20260203115813.129,280.1973,,,30,31,0,1,25.7993
20260203115813.131,280.2084,,,30,31,0,1,25.7993
20260203115813.132,280.2195,,,30,31,0,1,25.7993
20260203115813.134,280.2306,,,30,31,0,1,25.7993
20260203115813.136,280.2417,,,30,31,0,1,25.7993
20260203115813.138,280.2528,,,30,31,0,1,25.7993
20260203115813.139,280.2639,,,30,31,0,1,25.7993
20260203115813.142,280.2750,,,30,31,0,1,25.7993
20260203115813.143,280.2861,,,30,31,0,1,25.7993
20260203115813.148,280.2972,,,30,31,0,1,25.7993
20260203115813.150,280.3083,,,30,31,0,1,25.7993
20260203115813.151,280.3194,,,30,31,0,1,25.7993
20260203115813.153,280.3305,,,30,31,0,1,25.7993
20260203115813.156,280.3416,,,30,31,0,1,25.7993
20260203115813.162,280.3527,,,30,31,0,1,25.7993
20260203115813.164,280.3638,,,30,31,0,1,25.7993
20260203115813.166,280.3749,,,30,31,0,1,25.7993
20260203115813.167,280.3860,,,30,31,0,1,25.7993
20260203115813.169,280.3971,,,30,31,0,1,25.7993
20260203115813.170,280.4082,,,30,31,0,1,25.7993
20260203115813.172,280.4193,,,30,31,0,1,25.7993
20260203115813.174,280.4304,,,30,31,0,1,25.7993
20260203115813.175,280.4415,,,30,31,0,1,25.7993
20260203115813.177,280.4526,,,30,31,0,1,25.7993
20260203115813.179,280.4637,,,30,31,0,1,25.7993
20260203115813.181,280.4748,,,30,31,0,1,25.7993
20260203115813.182,280.4859,,,30,31,0,1,25.7993
20260203115813.184,280.4970,,,30,31,0,1,25.7993
20260203115813.186,280.5081,,,30,31,0,1,25.7993
20260203115813.187,280.5192,,,30,31,0,1,25.7993
20260203115813.188,280.5303,,,30,31,0,1,25.7993
20260203115813.190,280.5414,,,30,31,0,1,25.7993
20260203115813.192,280.5525,,,30,31,0,1,25.7993
20260203115813.194,280.5636,,,30,31,0,1,25.7993
20260203115813.196,280.5747,,,30,31,0,1,25.7993
20260203115813.198,280.5858,,,30,31,0,1,25.7993
20260203115813.199,280.5969,,,30,31,0,1,25.7993
20260203115813.201,280.6080,,,30,31,0,1,25.7993
20260203115813.203,280.6191,,,30,31,0,1,25.7993
20260203115813.204,280.6302,,,30,31,0,1,25.7993
20260203115813.206,280.6413,,,30,31,0,1,25.7993
20260203115813.207,280.6524,,,30,31,0,1,25.7993
20260203115813.209,280.6635,,,30,31,0,1,25.7993
20260203115813.211,280.6746,,,30,31,0,1,25.7993
20260203115813.212,280.6857,,,30,31,0,1,25.7993
20260203115813.214,280.6968,,,30,31,0,1,25.7993
20260203115813.216,280.7079,,,30,31,0,1,25.7993
20260203115813.217,280.7190,,,30,31,0,1,25.7993
20260203115813.228,280.7301,,,30,31,0,1,25.7993
20260203115813.230,280.7412,,,30,31,0,1,25.7993
20260203115813.232,280.7523,,,30,31,0,1,25.7993
20260203115813.234,280.7634,,,30,31,0,1,25.7993
20260203115813.236,280.7745,,,30,31,0,1,25.7993
20260203115813.238,280.7856,,,30,31,0,1,25.7993
20260203115813.239,280.7967,,,30,31,0,1,25.7993
20260203115813.241,280.8078,,,30,31,0,1,25.7993
20260203115813.245,280.8189,,,30,31,0,1,25.7993
20260203115813.248,280.8300,,,30,31,0,1,25.7993
20260203115813.249,280.8411,,,30,31,0,1,25.7993
20260203115813.252,280.8522,,,30,31,0,1,25.7993
20260203115813.255,280.8633,,,30,31,0,1,25.7993
20260203115813.261,280.8744,,,30,31,0,1,25.7993
20260203115813.263,280.8855,,,30,31,0,1,25.7993
20260203115813.265,280.8966,,,30,31,0,1,25.7993
20260203115813.267,280.9077,,,30,31,0,1,25.7993
20260203115813.268,280.9188,,,30,31,0,1,25.7993
20260203115813.270,280.9299,,,30,31,0,1,25.7993
20260203115813.272,280.9410,,,30,31,0,1,25.7993
20260203115813.273,280.9521,,,30,31,0,1,25.7993
20260203115813.275,280.9632,,,30,31,0,1,25.7993
20260203115813.277,280.9743,,,30,31,0,1,25.7993
20260203115813.278,280.9854,,,30,31,0,1,25.7993
20260203115813.280,280.9965,,,30,31,0,1,25.7993
20260203115813.281,281.0076,,,30,31,0,1,25.7993
20260203115813.283,281.0187,,,30,31,0,1,25.7993
20260203115813.285,281.0298,,,30,31,0,1,25.7993
20260203115813.287,281.0409,,,30,31,0,1,25.7993
20260203115813.288,281.0520,,,30,31,0,1,25.7993
20260203115813.290,281.0631,,,30,31,0,1,25.7993
20260203115813.292,281.0742,,,30,31,0,1,25.7993
20260203115813.294,281.0853,,,30,31,0,1,25.7993
20260203115813.296,281.0964,,,30,31,0,1,25.7993
20260203115813.297,281.1075,,,30,31,0,1,25.7993
20260203115813.299,281.1186,,,30,31,0,1,25.7993
20260203115813.301,281.1297,,,30,31,0,1,25.7993
20260203115813.303,281.1408,,,30,31,0,1,25.7993
20260203115813.304,281.1519,,,30,31,0,1,25.7993
20260203115813.305,281.1630,,,30,31,0,1,25.7993
20260203115813.308,281.1741,,,30,31,0,1,25.7993
20260203115813.310,281.1852,,,30,31,0,1,25.7993
20260203115813.311,281.1963,,,30,31,0,1,25.7993
20260203115813.313,281.2074,,,30,31,0,1,25.7993
20260203115813.315,281.2185,,,30,31,0,1,25.7993
20260203115813.316,281.2296,,,30,31,0,1,25.7993
20260203115813.318,281.2407,,,30,31,0,1,25.7993
20260203115813.320,281.2518,,,30,31,0,1,25.7993
20260203115813.321,281.2629,,,30,31,0,1,25.7993
20260203115813.323,281.2740,,,30,31,0,1,25.7993
20260203115813.332,281.2851,,,30,31,0,1,25.7993
20260203115813.334,281.2962,,,30,31,0,1,25.7993
20260203115813.336,281.3073,,,30,31,0,1,25.7993
20260203115813.337,281.3184,,,30,31,0,1,25.7993
20260203115813.339,281.3295,,,30,31,0,1,25.7993
20260203115813.344,281.3406,,,30,31,0,1,25.7993
20260203115813.346,281.3517,,,30,31,0,1,25.7993
20260203115813.347,281.3628,,,30,31,0,1,25.7993
20260203115813.351,281.3739,,,30,31,0,1,25.7993
20260203115813.357,281.3850,,,30,31,0,1,25.7993
20260203115813.359,281.3961,,,30,31,0,1,25.7993
20260203115813.361,281.4072,,,30,31,0,1,25.7993
20260203115813.362,281.4183,,,30,31,0,1,25.7993
20260203115813.364,281.4294,,,30,31,0,1,25.7993
20260203115813.365,281.4405,,,30,31,0,1,25.7993
20260203115813.368,281.4516,,,30,31,0,1,25.7993
20260203115813.369,281.4627,,,30,31,0,1,25.7993
20260203115813.371,281.4738,,,30,31,0,1,25.7993
20260203115813.373,281.4849,,,30,31,0,1,25.7993
20260203115813.374,281.4960,,,30,31,0,1,25.7993
20260203115813.376,281.5071,,,30,31,0,1,25.7993
20260203115813.377,281.5182,,,30,31,0,1,25.7993
20260203115813.379,281.5293,,,30,31,0,1,25.7993
20260203115813.380,281.5404,,,30,31,0,1,25.7993
20260203115813.382,281.5515,,,30,31,0,1,25.7993
20260203115813.384,281.5626,,,30,31,0,1,25.7993
20260203115813.385,281.5737,,,30,31,0,1,25.7993
20260203115813.388,281.5848,,,30,31,0,1,25.7993
20260203115813.389,281.5959,,,30,31,0,1,25.7993
20260203115813.391,281.6070,,,30,31,0,1,25.7993
20260203115813.393,281.6181,,,30,31,0,1,25.7993
20260203115813.394,281.6292,,,30,31,0,1,25.7993
20260203115813.396,281.6403,,,30,31,0,1,25.7993
20260203115813.397,281.6514,,,30,31,0,1,25.7993
20260203115813.399,281.6625,,,30,31,0,1,25.7993
20260203115813.401,281.6736,,,30,31,0,1,25.7993
20260203115813.402,281.6847,,,30,31,0,1,25.7993
20260203115813.404,281.6958,,,30,31,0,1,25.7993
20260203115813.405,281.7069,,,30,31,0,1,25.7993
20260203115813.408,281.7180,,,30,31,0,1,25.7993
20260203115813.409,281.7291,,,30,31,0,1,25.7993
20260203115813.411,281.7402,,,30,31,0,1,25.7993
20260203115813.413,281.7513,,,30,31,0,1,25.7993
20260203115813.414,281.7624,,,30,31,0,1,25.7993
20260203115813.416,281.7735,,,30,31,0,1,25.7993
20260203115813.417,281.7846,,,30,31,0,1,25.7993
20260203115813.419,281.7957,,,30,31,0,1,25.7993
20260203115813.421,281.8068,,,30,31,0,1,25.7993
20260203115813.423,281.8179,,,30,31,0,1,25.7993
20260203115813.424,281.8290,,,30,31,0,1,25.7993
20260203115813.434,281.8401,,,30,31,0,1,25.7993
20260203115813.439,281.8512,,,30,31,0,1,25.7993
20260203115813.441,281.8623,,,30,31,0,1,25.7993
20260203115813.443,281.8734,,,30,31,0,1,25.7993
20260203115813.445,281.8845,,,30,31,0,1,25.7993
20260203115813.448,281.8956,,,30,31,0,1,25.7993
20260203115813.454,281.9067,,,30,31,0,1,25.7993
20260203115813.455,281.9178,,,30,31,0,1,25.7993
20260203115813.457,281.9289,,,30,31,0,1,25.7993
20260203115813.459,281.9400,,,30,31,0,1,25.7993
20260203115813.461,281.9511,,,30,31,0,1,25.7993
20260203115813.463,281.9622,,,30,31,0,1,25.7993
20260203115813.464,281.9733,,,30,31,0,1,25.7993
20260203115813.466,281.9844,,,30,31,0,1,25.7993
20260203115813.467,281.9955,,,30,31,0,1,25.7993
20260203115813.469,282.0066,,,30,31,0,1,25.7993
20260203115813.471,282.0177,,,30,31,0,1,25.7993
20260203115813.472,282.0288,,,30,31,0,1,25.7993
20260203115813.474,282.0399,,,30,31,0,1,25.7993
20260203115813.476,282.0510,,,30,31,0,1,25.7993
20260203115813.477,282.0621,,,30,31,0,1,25.7993
20260203115813.480,282.0732,,,30,31,0,1,25.7993
20260203115813.481,282.0843,,,30,31,0,1,25.7993
20260203115813.483,282.0954,,,30,31,0,1,25.7993
20260203115813.484,282.1065,,,30,31,0,1,25.7993
20260203115813.485,282.1176,,,30,31,0,1,25.7993
20260203115813.487,282.1287,,,30,31,0,1,25.7993
20260203115813.489,282.1398,,,30,31,0,1,25.7993
20260203115813.490,282.1509,,,30,31,0,1,25.7993
20260203115813.492,282.1620,,,30,31,0,1,25.7993
20260203115813.494,282.1731,,,30,31,0,1,25.7993
20260203115813.496,282.1842,,,30,31,0,1,25.7993
20260203115813.498,282.1953,,,30,31,0,1,25.7993
20260203115813.499,282.2064,,,30,31,0,1,25.7993
20260203115813.501,282.2175,,,30,31,0,1,25.7993
20260203115813.502,282.2286,,,30,31,0,1,25.7993
20260203115813.504,282.2397,,,30,31,0,1,25.7993
20260203115813.506,282.2508,,,30,31,0,1,25.7993
20260203115813.508,282.2619,,,30,31,0,1,25.7993
20260203115813.510,282.2730,,,30,31,0,1,25.7993
20260203115813.511,282.2841,,,30,31,0,1,25.7993
20260203115813.513,282.2952,,,30,31,0,1,25.7993
20260203115813.514,282.3063,,,30,31,0,1,25.7993
20260203115813.516,282.3174,,,30,31,0,1,25.7993
20260203115813.517,282.3285,,,30,31,0,1,25.7993
20260203115813.519,282.3396,,,30,31,0,1,25.7993
20260203115813.521,282.3507,,,30,31,0,1,25.7993
20260203115813.523,282.3618,,,30,31,0,1,25.7993
20260203115813.527,282.3729,,,30,31,0,1,25.7993
20260203115813.529,282.3840,,,30,31,0,1,25.7993
20260203115813.550,282.3951,,,30,31,0,1,25.7993
20260203115813.552,282.4062,,,30,31,0,1,25.7993
20260203115813.554,282.4173,,,30,31,0,1,25.7993
20260203115813.555,282.4284,,,30,31,0,1,25.7993
20260203115813.557,282.4395,,,30,31,0,1,25.7993
20260203115813.559,282.4506,,,30,31,0,1,25.7993
20260203115813.561,282.4617,,,30,31,0,1,25.7993
20260203115813.562,282.4728,,,30,31,0,1,25.7993
20260203115813.563,282.4839,,,30,31,0,1,25.7993
20260203115813.566,282.4950,,,30,31,0,1,25.7993
20260203115813.567,282.5061,,,30,31,0,1,25.7993
20260203115813.569,282.5172,,,30,31,0,1,25.7993
20260203115813.570,282.5283,,,30,31,0,1,25.7993
20260203115813.572,282.5394,,,30,31,0,1,25.7993
20260203115813.574,282.5505,,,30,31,0,1,25.7993
20260203115813.576,282.5616,,,30,31,0,1,25.7993
20260203115813.578,282.5727,,,30,31,0,1,25.7993
20260203115813.579,282.5838,,,30,31,0,1,25.7993
20260203115813.580,282.5949,,,30,31,0,1,25.7993
20260203115813.582,282.6060,,,30,31,0,1,25.7993
20260203115813.584,282.6171,,,30,31,0,1,25.7993
20260203115813.586,282.6282,,,30,31,0,1,25.7993
20260203115813.588,282.6393,,,30,31,0,1,25.7993
20260203115813.589,282.6504,,,30,31,0,1,25.7993
20260203115813.591,282.6615,,,30,31,0,1,25.7993
20260203115813.593,282.6726,,,30,31,0,1,25.7993
20260203115813.594,282.6837,,,30,31,0,1,25.7993
20260203115813.596,282.6948,,,30,31,0,1,25.7993
20260203115813.598,282.7059,,,30,31,0,1,25.7993
20260203115813.599,282.7170,,,30,31,0,1,25.7993
20260203115813.601,282.7281,,,30,31,0,1,25.7993
20260203115813.603,282.7392,,,30,31,0,1,25.7993
20260203115813.604,282.7503,,,30,31,0,1,25.7993
20260203115813.605,282.7614,,,30,31,0,1,25.7993
20260203115813.608,282.7725,,,30,31,0,1,25.7993
20260203115813.609,282.7836,,,30,31,0,1,25.7993
20260203115813.611,282.7947,,,30,31,0,1,25.7993
20260203115813.612,282.8058,,,30,31,0,1,25.7993
20260203115813.614,282.8169,,,30,31,0,1,25.7993
20260203115813.615,282.8280,,,30,31,0,1,25.7993
20260203115813.618,282.8391,,,30,31,0,1,25.7993
20260203115813.619,282.8502,,,30,31,0,1,25.7993
20260203115813.623,282.8613,,,30,31,0,1,25.7993
20260203115813.625,282.8724,,,30,31,0,1,25.7993
20260203115813.626,282.8835,,,30,31,0,1,25.7993
20260203115813.629,282.8946,,,30,31,0,1,25.7993
20260203115813.631,282.9057,,,30,31,0,1,25.7993
20260203115813.635,282.9168,,,30,31,0,1,25.7993
20260203115813.641,282.9279,,,30,31,0,1,25.7993
20260203115813.643,282.9390,,,30,31,0,1,25.7993
20260203115813.659,282.9501,,,30,31,0,1,25.7993
20260203115813.661,282.9612,,,30,31,0,1,25.7993
20260203115813.663,282.9723,,,30,31,0,1,25.7993
20260203115813.664,282.9834,,,30,31,0,1,25.7993
20260203115813.666,282.9945,,,30,31,0,1,25.7993
20260203115813.668,283.0056,,,30,31,0,1,25.7993
20260203115813.669,283.0167,,,30,31,0,1,25.7993
20260203115813.671,283.0278,,,30,31,0,1,25.7993
20260203115813.673,283.0389,,,30,31,0,1,25.7993
20260203115813.674,283.0500,,,30,31,0,1,25.7993
20260203115813.676,283.0611,,,30,31,0,1,25.7993
20260203115813.678,283.0722,,,30,31,0,1,25.7993
20260203115813.679,283.0833,,,30,31,0,1,25.7993
20260203115813.681,283.0944,,,30,31,0,1,25.7993
20260203115813.683,283.1055,,,30,31,0,1,25.7993
20260203115813.684,283.1166,,,30,31,0,1,25.7993
20260203115813.686,283.1277,,,30,31,0,1,25.7993
20260203115813.687,283.1388,,,30,31,0,1,25.7993
20260203115813.689,283.1499,,,30,31,0,1,25.7993
20260203115813.691,283.1610,,,30,31,0,1,25.7993
20260203115813.693,283.1721,,,30,31,0,1,25.7993
20260203115813.694,283.1832,,,30,31,0,1,25.7993
20260203115813.696,283.1943,,,30,31,0,1,25.7993
20260203115813.698,283.2054,,,30,31,0,1,25.7993
20260203115813.699,283.2165,,,30,31,0,1,25.7993
20260203115813.701,283.2276,,,30,31,0,1,25.7993
20260203115813.703,283.2387,,,30,31,0,1,25.7993
20260203115813.704,283.2498,,,30,31,0,1,25.7993
20260203115813.706,283.2609,,,30,31,0,1,25.7993
20260203115813.709,283.2720,,,30,31,0,1,25.7993
20260203115813.711,283.2831,,,30,31,0,1,25.7993
20260203115813.712,283.2942,,,30,31,0,1,25.7993
20260203115813.714,283.3053,,,30,31,0,1,25.7993
20260203115813.716,283.3164,,,30,31,0,1,25.7993
20260203115813.717,283.3275,,,30,31,0,1,25.7993
20260203115813.718,283.3386,,,30,31,0,1,25.7993
20260203115813.720,283.3497,,,30,31,0,1,25.7993
20260203115813.722,283.3608,,,30,31,0,1,25.7993
20260203115813.723,283.3719,,,30,31,0,1,25.7993
20260203115813.725,283.3830,,,30,31,0,1,25.7993
20260203115813.730,283.3941,,,30,31,0,1,25.7993
20260203115813.731,283.4052,,,30,31,0,1,25.7993
20260203115813.733,283.4163,,,30,31,0,1,25.7993
20260203115813.735,283.4274,,,30,31,0,1,25.7993
20260203115813.738,283.4385,,,30,31,0,1,25.7993
20260203115813.741,283.4496,,,30,31,0,1,25.7993
20260203115813.747,283.4607,,,30,31,0,1,25.7993
20260203115813.748,283.4718,,,30,31,0,1,25.7993
20260203115813.750,283.4829,,,30,31,0,1,25.7993
20260203115813.752,283.4940,,,30,31,0,1,25.7993
20260203115813.761,283.5051,,,30,31,0,1,25.7993
20260203115813.763,283.5162,,,30,31,0,1,25.7993
20260203115813.765,283.5273,,,30,31,0,1,25.7993
20260203115813.767,283.5384,,,30,31,0,1,25.7993
20260203115813.769,283.5495,,,30,31,0,1,25.7993
20260203115813.770,283.5606,,,30,31,0,1,25.7993
20260203115813.772,283.5717,,,30,31,0,1,25.7993
20260203115813.774,283.5828,,,30,31,0,1,25.7993
20260203115813.776,283.5939,,,30,31,0,1,25.7993
20260203115813.777,283.6050,,,30,31,0,1,25.7993
20260203115813.778,283.6161,,,30,31,0,1,25.7993
20260203115813.780,283.6272,,,30,31,0,1,25.7993
20260203115813.782,283.6383,,,30,31,0,1,25.7993
20260203115813.784,283.6494,,,30,31,0,1,25.7993
20260203115813.785,283.6605,,,30,31,0,1,25.7993
20260203115813.787,283.6716,,,30,31,0,1,25.7993
20260203115813.789,283.6827,,,30,31,0,1,25.7993
20260203115813.791,283.6938,,,30,31,0,1,25.7993
20260203115813.793,283.7049,,,30,31,0,1,25.7993
20260203115813.794,283.7160,,,30,31,0,1,25.7993
20260203115813.796,283.7271,,,30,31,0,1,25.7993
20260203115813.797,283.7382,,,30,31,0,1,25.7993
20260203115813.799,283.7493,,,30,31,0,1,25.7993
20260203115813.801,283.7604,,,30,31,0,1,25.7993
20260203115813.803,283.7715,,,30,31,0,1,25.7993
20260203115813.804,283.7826,,,30,31,0,1,25.7993
20260203115813.805,283.7937,,,30,31,0,1,25.7993
20260203115813.808,283.8048,,,30,31,0,1,25.7993
20260203115813.810,283.8159,,,30,31,0,1,25.7993
20260203115813.811,283.8270,,,30,31,0,1,25.7993
20260203115813.813,283.8381,,,30,31,0,1,25.7993
20260203115813.815,283.8492,,,30,31,0,1,25.7993
20260203115813.817,283.8603,,,30,31,0,1,25.7993
20260203115813.818,283.8714,,,30,31,0,1,25.7993
20260203115813.819,283.8825,,,30,31,0,1,25.7993
20260203115813.821,283.8936,,,30,31,0,1,25.7993
20260203115813.823,283.9047,,,30,31,0,1,25.7993
20260203115813.824,283.9158,,,30,31,0,1,25.7993
20260203115813.827,283.9269,,,30,31,0,1,25.7993
20260203115813.831,283.9380,,,30,31,0,1,25.7993
20260203115813.833,283.9491,,,30,31,0,1,25.7993
20260203115813.835,283.9602,,,30,31,0,1,25.7993
20260203115813.836,283.9713,,,30,31,0,1,25.7993
20260203115813.839,283.9824,,,30,31,0,1,25.7993
20260203115813.842,283.9935,,,30,31,0,1,25.7993
20260203115813.848,284.0046,,,30,31,0,1,25.7993
20260203115813.850,284.0157,,,30,31,0,1,25.7993
20260203115813.851,284.0268,,,30,31,0,1,25.7993
20260203115813.853,284.0379,,,30,31,0,1,25.7993
20260203115813.855,284.0490,,,30,31,0,1,25.7993
20260203115813.865,284.0601,,,30,31,0,1,25.7993
20260203115813.867,284.0712,,,30,31,0,1,25.7993
20260203115813.869,284.0823,,,30,31,0,1,25.7993
20260203115813.871,284.0934,,,30,31,0,1,25.7993
20260203115813.872,284.1045,,,30,31,0,1,25.7993
20260203115813.874,284.1156,,,30,31,0,1,25.7993
20260203115813.876,284.1267,,,30,31,0,1,25.7993
20260203115813.877,284.1378,,,30,31,0,1,25.7993
20260203115813.879,284.1489,,,30,31,0,1,25.7993
20260203115813.881,284.1600,,,30,31,0,1,25.7993
20260203115813.883,284.1711,,,30,31,0,1,25.7993
20260203115813.884,284.1822,,,30,31,0,1,25.7993
20260203115813.885,284.1933,,,30,31,0,1,25.7993
20260203115813.888,284.2044,,,30,31,0,1,25.7993
20260203115813.890,284.2155,,,30,31,0,1,25.7993
20260203115813.891,284.2266,,,30,31,0,1,25.7993
20260203115813.893,284.2377,,,30,31,0,1,25.7993
20260203115813.895,284.2488,,,30,31,0,1,25.7993
20260203115813.896,284.2599,,,30,31,0,1,25.7993
20260203115813.898,284.2710,,,30,31,0,1,25.7993
20260203115813.900,284.2821,,,30,31,0,1,25.7993
20260203115813.901,284.2932,,,30,31,0,1,25.7993
20260203115813.903,284.3043,,,30,31,0,1,25.7993
20260203115813.904,284.3154,,,30,31,0,1,25.7993
20260203115813.905,284.3265,,,30,31,0,1,25.7993
20260203115813.908,284.3376,,,30,31,0,1,25.7993
20260203115813.910,284.3487,,,30,31,0,1,25.7993
20260203115813.911,284.3598,,,30,31,0,1,25.7993
20260203115813.913,284.3709,,,30,31,0,1,25.7993
20260203115813.914,284.3820,,,30,31,0,1,25.7993
20260203115813.916,284.3931,,,30,31,0,1,25.7993
20260203115813.917,284.4042,,,30,31,0,1,25.7993
20260203115813.919,284.4153,,,30,31,0,1,25.7993
20260203115813.921,284.4264,,,30,31,0,1,25.7993
20260203115813.922,284.4375,,,30,31,0,1,25.7993
20260203115813.924,284.4486,,,30,31,0,1,25.7993
20260203115813.926,284.4597,,,30,31,0,1,25.7993
20260203115813.931,284.4708,,,30,31,0,1,25.7993
20260203115813.932,284.4819,,,30,31,0,1,25.7993
20260203115813.934,284.4930,,,30,31,0,1,25.7993
20260203115813.935,284.5041,,,30,31,0,1,25.7993
20260203115813.938,284.5152,,,30,31,0,1,25.7993
20260203115813.941,284.5263,,,30,31,0,1,25.7993
20260203115813.947,284.5374,,,30,31,0,1,25.7993
20260203115813.949,284.5485,,,30,31,0,1,25.7993
20260203115813.951,284.5596,,,30,31,0,1,25.7993
20260203115813.952,284.5707,,,30,31,0,1,25.7993
20260203115813.954,284.5818,,,30,31,0,1,25.7993
20260203115813.956,284.5929,,,30,31,0,1,25.7993
20260203115813.958,284.6040,,,30,31,0,1,25.7993
20260203115813.967,284.6151,,,30,31,0,1,25.7993
20260203115813.969,284.6262,,,30,31,0,1,25.7993
20260203115813.971,284.6373,,,30,31,0,1,25.7993
20260203115813.972,284.6484,,,30,31,0,1,25.7993
20260203115813.974,284.6595,,,30,31,0,1,25.7993
20260203115813.975,284.6706,,,30,31,0,1,25.7993
20260203115813.977,284.6817,,,30,31,0,1,25.7993
20260203115813.979,284.6928,,,30,31,0,1,25.7993
20260203115813.981,284.7039,,,30,31,0,1,25.7993
20260203115813.983,284.7150,,,30,31,0,1,25.7993
20260203115813.984,284.7261,,,30,31,0,1,25.7993
20260203115813.985,284.7372,,,30,31,0,1,25.7993
20260203115813.987,284.7483,,,30,31,0,1,25.7993
20260203115813.989,284.7594,,,30,31,0,1,25.7993
20260203115813.991,284.7705,,,30,31,0,1,25.7993
20260203115813.992,284.7816,,,30,31,0,1,25.7993
20260203115813.994,284.7927,,,30,31,0,1,25.7993
20260203115813.996,284.8038,,,30,31,0,1,25.7993
20260203115813.998,284.8149,,,30,31,0,1,25.7993
20260203115814.000,284.8260,,,30,31,0,1,25.7993
20260203115814.001,284.8371,,,30,31,0,1,25.7993
20260203115814.003,284.8482,,,30,31,0,1,25.7993
20260203115814.005,284.8593,,,30,31,0,1,25.7993
20260203115814.006,284.8704,,,30,31,0,1,25.7993
20260203115814.008,284.8815,,,30,31,0,1,25.7993
20260203115814.009,284.8926,,,30,31,0,1,25.7993
20260203115814.011,284.9037,,,30,31,0,1,25.7993
20260203115814.013,284.9148,,,30,31,0,1,25.7993
20260203115814.014,284.9259,,,30,31,0,1,25.7993
20260203115814.016,284.9370,,,30,31,0,1,25.7993
20260203115814.018,284.9481,,,30,31,0,1,25.7993
20260203115814.020,284.9592,,,30,31,0,1,25.7993
20260203115814.022,284.9703,,,30,31,0,1,25.7993
20260203115814.023,284.9814,,,30,31,0,1,25.7993
20260203115814.025,284.9925,,,30,31,0,1,25.7993
20260203115814.027,285.0036,,,30,31,0,1,25.7993
20260203115814.029,285.0147,,,30,31,0,1,25.7993
20260203115814.033,285.0258,,,30,31,0,1,25.7993
20260203115814.035,285.0369,,,30,31,0,1,25.7993
20260203115814.037,285.0480,,,30,31,0,1,25.7993
20260203115814.038,285.0591,,,30,31,0,1,25.7993
20260203115814.041,285.0702,,,30,31,0,1,25.7993
20260203115814.049,285.0813,,,30,31,0,1,25.7993
20260203115814.050,285.0924,,,30,31,0,1,25.7993
20260203115814.052,285.1035,,,30,31,0,1,25.7993
20260203115814.054,285.1146,,,30,31,0,1,25.7993
20260203115814.055,285.1257,,,30,31,0,1,25.7993
20260203115814.057,285.1368,,,30,31,0,1,25.7993
20260203115814.059,285.1479,,,30,31,0,1,25.7993
20260203115814.060,285.1590,,,30,31,0,1,25.7993
20260203115814.072,285.1701,,,30,31,0,1,25.7993
20260203115814.074,285.1812,,,30,31,0,1,25.7993
20260203115814.075,285.1923,,,30,31,0,1,25.7993
20260203115814.078,285.2034,,,30,31,0,1,25.7993
20260203115814.080,285.2145,,,30,31,0,1,25.7993
20260203115814.081,285.2256,,,30,31,0,1,25.7993
20260203115814.083,285.2367,,,30,31,0,1,25.7993
20260203115814.084,285.2478,,,30,31,0,1,25.7993
20260203115814.085,285.2589,,,30,31,0,1,25.7993
20260203115814.088,285.2700,,,30,31,0,1,25.7993
20260203115814.090,285.2811,,,30,31,0,1,25.7993
20260203115814.092,285.2922,,,30,31,0,1,25.7993
20260203115814.093,285.3033,,,30,31,0,1,25.7993
20260203115814.094,285.3144,,,30,31,0,1,25.7993
20260203115814.096,285.3255,,,30,31,0,1,25.7993
20260203115814.099,285.3366,,,30,31,0,1,25.7993
20260203115814.100,285.3477,,,30,31,0,1,25.7993
20260203115814.102,285.3588,,,30,31,0,1,25.7993
20260203115814.104,285.3699,,,30,31,0,1,25.7993
20260203115814.105,285.3810,,,30,31,0,1,25.7993
20260203115814.107,285.3921,,,30,31,0,1,25.7993
20260203115814.109,285.4032,,,30,31,0,1,25.7993
20260203115814.110,285.4143,,,30,31,0,1,25.7993
20260203115814.112,285.4254,,,30,31,0,1,25.7993
20260203115814.114,285.4365,,,30,31,0,1,25.7993
20260203115814.116,285.4476,,,30,31,0,1,25.7993
20260203115814.117,285.4587,,,30,31,0,1,25.7993
20260203115814.118,285.4698,,,30,31,0,1,25.7993
20260203115814.121,285.4809,,,30,31,0,1,25.7993
20260203115814.122,285.4920,,,30,31,0,1,25.7993
20260203115814.123,285.5031,,,30,31,0,1,25.7993
20260203115814.125,285.5142,,,30,31,0,1,25.7993
20260203115814.127,285.5253,,,30,31,0,1,25.7993
20260203115814.128,285.5364,,,30,31,0,1,25.7993
20260203115814.130,285.5475,,,30,31,0,1,25.7993
20260203115814.132,285.5586,,,30,31,0,1,25.7993
20260203115814.137,285.5697,,,30,31,0,1,25.7993
20260203115814.139,285.5808,,,30,31,0,1,25.7993
20260203115814.141,285.5919,,,30,31,0,1,25.7993
20260203115814.142,285.6030,,,30,31,0,1,25.7993
20260203115814.145,285.6141,,,30,31,0,1,25.7993
20260203115814.148,285.6252,,,30,31,0,1,25.7993
20260203115814.155,285.6363,,,30,31,0,1,25.7993
20260203115814.156,285.6474,,,30,31,0,1,25.7993
20260203115814.158,285.6585,,,30,31,0,1,25.7993
20260203115814.159,285.6696,,,30,31,0,1,25.7993
20260203115814.161,285.6807,,,30,31,0,1,25.7993
20260203115814.162,285.6918,,,30,31,0,1,25.7993
20260203115814.164,285.7029,,,30,31,0,1,25.7993
20260203115814.166,285.7140,,,30,31,0,1,25.7993
20260203115814.177,285.7251,,,30,31,0,1,25.7993
20260203115814.179,285.7362,,,30,31,0,1,25.7993
20260203115814.181,285.7473,,,30,31,0,1,25.7993
20260203115814.183,285.7584,,,30,31,0,1,25.7993
20260203115814.184,285.7695,,,30,31,0,1,25.7993
20260203115814.186,285.7806,,,30,31,0,1,25.7993
20260203115814.187,285.7917,,,30,31,0,1,25.7993
20260203115814.189,285.8028,,,30,31,0,1,25.7993
20260203115814.191,285.8139,,,30,31,0,1,25.7993
20260203115814.193,285.8250,,,30,31,0,1,25.7993
20260203115814.194,285.8361,,,30,31,0,1,25.7993
20260203115814.196,285.8472,,,30,31,0,1,25.7993
20260203115814.199,285.8583,,,30,31,0,1,25.7993
20260203115814.200,285.8694,,,30,31,0,1,25.7993
20260203115814.202,285.8805,,,30,31,0,1,25.7993
20260203115814.204,285.8916,,,30,31,0,1,25.7993
20260203115814.205,285.9027,,,30,31,0,1,25.7993
20260203115814.207,285.9138,,,30,31,0,1,25.7993
20260203115814.209,285.9249,,,30,31,0,1,25.7993
20260203115814.210,285.9360,,,30,31,0,1,25.7993
20260203115814.212,285.9471,,,30,31,0,1,25.7993
20260203115814.214,285.9582,,,30,31,0,1,25.7993
20260203115814.216,285.9693,,,30,31,0,1,25.7993
20260203115814.217,285.9804,,,30,31,0,1,25.7993
20260203115814.218,285.9915,,,30,31,0,1,25.7993
20260203115814.221,286.0026,,,30,31,0,1,25.7993
20260203115814.222,286.0137,,,30,31,0,1,25.7993
20260203115814.224,286.0248,,,30,31,0,1,25.7993
20260203115814.225,286.0359,,,30,31,0,1,25.7993
20260203115814.228,286.0470,,,30,31,0,1,25.7993
20260203115814.229,286.0581,,,30,31,0,1,25.7993
20260203115814.231,286.0692,,,30,31,0,1,25.7993
20260203115814.233,286.0803,,,30,31,0,1,25.7993
20260203115814.235,286.0914,,,30,31,0,1,25.7993
20260203115814.237,286.1025,,,30,31,0,1,25.7993
20260203115814.241,286.1136,,,30,31,0,1,25.7993
20260203115814.243,286.1247,,,30,31,0,1,25.7993
20260203115814.244,286.1358,,,30,31,0,1,25.7993
20260203115814.246,286.1469,,,30,31,0,1,25.7993
20260203115814.248,286.1580,,,30,31,0,1,25.7993
20260203115814.251,286.1691,,,30,31,0,1,25.7993
20260203115814.258,286.1802,,,30,31,0,1,25.7993
20260203115814.259,286.1913,,,30,31,0,1,25.7993
20260203115814.262,286.2024,,,30,31,0,1,25.7993
20260203115814.263,286.2135,,,30,31,0,1,25.7993
20260203115814.265,286.2246,,,30,31,0,1,25.7993
20260203115814.266,286.2357,,,30,31,0,1,25.7993
20260203115814.268,286.2468,,,30,31,0,1,25.7993
20260203115814.270,286.2579,,,30,31,0,1,25.7993
20260203115814.271,286.2690,,,30,31,0,1,25.7993
20260203115814.284,286.2801,,,30,31,0,1,25.7993
20260203115814.286,286.2912,,,30,31,0,1,25.7993
20260203115814.288,286.3023,,,30,31,0,1,25.7993
20260203115814.289,286.3134,,,30,31,0,1,25.7993
20260203115814.291,286.3245,,,30,31,0,1,25.7993
20260203115814.293,286.3356,,,30,31,0,1,25.7993
20260203115814.294,286.3467,,,30,31,0,1,25.7993
20260203115814.296,286.3578,,,30,31,0,1,25.7993
20260203115814.298,286.3689,,,30,31,0,1,25.7993
20260203115814.299,286.3800,,,30,31,0,1,25.7993
20260203115814.300,286.3911,,,30,31,0,1,25.7993
20260203115814.302,286.4022,,,30,31,0,1,25.7993
20260203115814.304,286.4133,,,30,31,0,1,25.7993
20260203115814.306,286.4244,,,30,31,0,1,25.7993
20260203115814.308,286.4355,,,30,31,0,1,25.7993
20260203115814.310,286.4466,,,30,31,0,1,25.7993
20260203115814.311,286.4577,,,30,31,0,1,25.7993
20260203115814.313,286.4688,,,30,31,0,1,25.7993
20260203115814.314,286.4799,,,30,31,0,1,25.7993
20260203115814.317,286.4910,,,30,31,0,1,25.7993
20260203115814.318,286.5021,,,30,31,0,1,25.7993
20260203115814.320,286.5132,,,30,31,0,1,25.7993
20260203115814.321,286.5243,,,30,31,0,1,25.7993
20260203115814.323,286.5354,,,30,31,0,1,25.7993
20260203115814.325,286.5465,,,30,31,0,1,25.7993
20260203115814.326,286.5576,,,30,31,0,1,25.7993
20260203115814.327,286.5687,,,30,31,0,1,25.7993
20260203115814.329,286.5798,,,30,31,0,1,25.7993
20260203115814.331,286.5909,,,30,31,0,1,25.7993
20260203115814.332,286.6020,,,30,31,0,1,25.7993
20260203115814.335,286.6131,,,30,31,0,1,25.7993
20260203115814.337,286.6242,,,30,31,0,1,25.7993
20260203115814.338,286.6353,,,30,31,0,1,25.7993
20260203115814.340,286.6464,,,30,31,0,1,25.7993
20260203115814.341,286.6575,,,30,31,0,1,25.7993
20260203115814.346,286.6686,,,30,31,0,1,25.7993
20260203115814.348,286.6797,,,30,31,0,1,25.7993
20260203115814.349,286.6908,,,30,31,0,1,25.7993
20260203115814.351,286.7019,,,30,31,0,1,25.7993
20260203115814.354,286.7130,,,30,31,0,1,25.7993
20260203115814.357,286.7241,,,30,31,0,1,25.7993
20260203115814.363,286.7352,,,30,31,0,1,25.7993
20260203115814.364,286.7463,,,30,31,0,1,25.7993
20260203115814.365,286.7574,,,30,31,0,1,25.7993
20260203115814.368,286.7685,,,30,31,0,1,25.7993
20260203115814.370,286.7796,,,30,31,0,1,25.7993
20260203115814.371,286.7907,,,30,31,0,1,25.7993
20260203115814.373,286.8018,,,30,31,0,1,25.7993
20260203115814.374,286.8129,,,30,31,0,1,25.7993
20260203115814.375,286.8240,,,30,31,0,1,25.7993
20260203115814.386,286.8351,,,30,31,0,1,25.7993
20260203115814.388,286.8462,,,30,31,0,1,25.7993
20260203115814.389,286.8573,,,30,31,0,1,25.7993
20260203115814.391,286.8684,,,30,31,0,1,25.7993
20260203115814.393,286.8795,,,30,31,0,1,25.7993
20260203115814.394,286.8906,,,30,31,0,1,25.7993
20260203115814.396,286.9017,,,30,31,0,1,25.7993
20260203115814.397,286.9128,,,30,31,0,1,25.7993
20260203115814.399,286.9239,,,30,31,0,1,25.7993
20260203115814.401,286.9350,,,30,31,0,1,25.7993
20260203115814.403,286.9461,,,30,31,0,1,25.7993
20260203115814.404,286.9572,,,30,31,0,1,25.7993
20260203115814.405,286.9683,,,30,31,0,1,25.7993
20260203115814.408,286.9794,,,30,31,0,1,25.7993
20260203115814.409,286.9905,,,30,31,0,1,25.7993
20260203115814.411,287.0016,,,30,31,0,1,25.7993
20260203115814.412,287.0127,,,30,31,0,1,25.7993
20260203115814.414,287.0238,,,30,31,0,1,25.7993
20260203115814.416,287.0349,,,30,31,0,1,25.7993
20260203115814.418,287.0460,,,30,31,0,1,25.7993
20260203115814.419,287.0571,,,30,31,0,1,25.7993
20260203115814.421,287.0682,,,30,31,0,1,25.7993
20260203115814.423,287.0793,,,30,31,0,1,25.7993
20260203115814.424,287.0904,,,30,31,0,1,25.7993
20260203115814.426,287.1015,,,30,31,0,1,25.7993
20260203115814.428,287.1126,,,30,31,0,1,25.7993
20260203115814.429,287.1237,,,30,31,0,1,25.7993
20260203115814.431,287.1348,,,30,31,0,1,25.7993
20260203115814.433,287.1459,,,30,31,0,1,25.7993
20260203115814.435,287.1570,,,30,31,0,1,25.7993
20260203115814.436,287.1681,,,30,31,0,1,25.7993
20260203115814.437,287.1792,,,30,31,0,1,25.7993
20260203115814.439,287.1903,,,30,31,0,1,25.7993
20260203115814.441,287.2014,,,30,31,0,1,25.7993
20260203115814.443,287.2125,,,30,31,0,1,25.7993
20260203115814.448,287.2236,,,30,31,0,1,25.7993
20260203115814.449,287.2347,,,30,31,0,1,25.7993
20260203115814.451,287.2458,,,30,31,0,1,25.7993
20260203115814.453,287.2569,,,30,31,0,1,25.7993
20260203115814.456,287.2680,,,30,31,0,1,25.7993
20260203115814.458,287.2791,,,30,31,0,1,25.7993
20260203115814.463,287.2902,,,30,31,0,1,25.7993
20260203115814.465,287.3013,,,30,31,0,1,25.7993
20260203115814.466,287.3124,,,30,31,0,1,25.7993
20260203115814.469,287.3235,,,30,31,0,1,25.7993
20260203115814.470,287.3346,,,30,31,0,1,25.7993
20260203115814.472,287.3457,,,30,31,0,1,25.7993
20260203115814.474,287.3568,,,30,31,0,1,25.7993
20260203115814.475,287.3679,,,30,31,0,1,25.7993
20260203115814.477,287.3790,,,30,31,0,1,25.7993
20260203115814.489,287.3901,,,30,31,0,1,25.7993
20260203115814.490,287.4012,,,30,31,0,1,25.7993
20260203115814.491,287.4123,,,30,31,0,1,25.7993
20260203115814.494,287.4234,,,30,31,0,1,25.7993
20260203115814.495,287.4345,,,30,31,0,1,25.7993
20260203115814.497,287.4456,,,30,31,0,1,25.7993
20260203115814.500,287.4567,,,30,31,0,1,25.7993
20260203115814.501,287.4678,,,30,31,0,1,25.7993
20260203115814.503,287.4789,,,30,31,0,1,25.7993
20260203115814.505,287.4900,,,30,31,0,1,25.7993
20260203115814.506,287.5011,,,30,31,0,1,25.7993
20260203115814.508,287.5122,,,30,31,0,1,25.7993
20260203115814.510,287.5233,,,30,31,0,1,25.7993
20260203115814.511,287.5344,,,30,31,0,1,25.7993
20260203115814.513,287.5455,,,30,31,0,1,25.7993
20260203115814.515,287.5566,,,30,31,0,1,25.7993
20260203115814.516,287.5677,,,30,31,0,1,25.7993
20260203115814.517,287.5788,,,30,31,0,1,25.7993
20260203115814.520,287.5899,,,30,31,0,1,25.7993
20260203115814.521,287.6010,,,30,31,0,1,25.7993
20260203115814.523,287.6121,,,30,31,0,1,25.7993
20260203115814.524,287.6232,,,30,31,0,1,25.7993
20260203115814.526,287.6343,,,30,31,0,1,25.7993
20260203115814.528,287.6454,,,30,31,0,1,25.7993
20260203115814.529,287.6565,,,30,31,0,1,25.7993
20260203115814.531,287.6676,,,30,31,0,1,25.7993
20260203115814.533,287.6787,,,30,31,0,1,25.7993
20260203115814.534,287.6898,,,30,31,0,1,25.7993
20260203115814.536,287.7009,,,30,31,0,1,25.7993
20260203115814.538,287.7120,,,30,31,0,1,25.7993
20260203115814.539,287.7231,,,30,31,0,1,25.7993
20260203115814.541,287.7342,,,30,31,0,1,25.7993
20260203115814.543,287.7453,,,30,31,0,1,25.7993
20260203115814.544,287.7564,,,30,31,0,1,25.7993
20260203115814.550,287.7675,,,30,31,0,1,25.7993
20260203115814.551,287.7786,,,30,31,0,1,25.7993
20260203115814.553,287.7897,,,30,31,0,1,25.7993
20260203115814.554,287.8008,,,30,31,0,1,25.7993
20260203115814.556,287.8119,,,30,31,0,1,25.7993
20260203115814.559,287.8230,,,30,31,0,1,25.7993
20260203115814.565,287.8341,,,30,31,0,1,25.7993
20260203115814.567,287.8452,,,30,31,0,1,25.7993
20260203115814.569,287.8563,,,30,31,0,1,25.7993
20260203115814.571,287.8674,,,30,31,0,1,25.7993
20260203115814.572,287.8785,,,30,31,0,1,25.7993
20260203115814.574,287.8896,,,30,31,0,1,25.7993
20260203115814.575,287.9007,,,30,31,0,1,25.7993
20260203115814.577,287.9118,,,30,31,0,1,25.7993
20260203115814.579,287.9229,,,30,31,0,1,25.7993
20260203115814.580,287.9340,,,30,31,0,1,25.7993
20260203115814.590,287.9451,,,30,31,0,1,25.7993
20260203115814.592,287.9562,,,30,31,0,1,25.7993
20260203115814.594,287.9673,,,30,31,0,1,25.7993
20260203115814.596,287.9784,,,30,31,0,1,25.7993
20260203115814.597,287.9895,,,30,31,0,1,25.7993
20260203115814.599,288.0006,,,30,31,0,1,25.7993
20260203115814.601,288.0117,,,30,31,0,1,25.7993
20260203115814.603,288.0228,,,30,31,0,1,25.7993
20260203115814.605,288.0339,,,30,31,0,1,25.7993
20260203115814.607,288.0450,,,30,31,0,1,25.7993
20260203115814.608,288.0561,,,30,31,0,1,25.7993
20260203115814.610,288.0672,,,30,31,0,1,25.7993
20260203115814.612,288.0783,,,30,31,0,1,25.7993
20260203115814.613,288.0894,,,30,31,0,1,25.7993
20260203115814.615,288.1005,,,30,31,0,1,25.7993
20260203115814.616,288.1116,,,30,31,0,1,25.7993
20260203115814.618,288.1227,,,30,31,0,1,25.7993
20260203115814.619,288.1338,,,30,31,0,1,25.7993
20260203115814.621,288.1449,,,30,31,0,1,25.7993
20260203115814.623,288.1560,,,30,31,0,1,25.7993
20260203115814.625,288.1671,,,30,31,0,1,25.7993
20260203115814.627,288.1782,,,30,31,0,1,25.7993
20260203115814.628,288.1893,,,30,31,0,1,25.7993
20260203115814.630,288.2004,,,30,31,0,1,25.7993
20260203115814.631,288.2115,,,30,31,0,1,25.7993
20260203115814.633,288.2226,,,30,31,0,1,25.7993
20260203115814.634,288.2337,,,30,31,0,1,25.7993
20260203115814.635,288.2448,,,30,31,0,1,25.7993
20260203115814.637,288.2559,,,30,31,0,1,25.7993
20260203115814.639,288.2670,,,30,31,0,1,25.7993
20260203115814.641,288.2781,,,30,31,0,1,25.7993
20260203115814.643,288.2892,,,30,31,0,1,25.7993
20260203115814.644,288.3003,,,30,31,0,1,25.7993
20260203115814.645,288.3114,,,30,31,0,1,25.7993
20260203115814.651,288.3225,,,30,31,0,1,25.7993
20260203115814.653,288.3336,,,30,31,0,1,25.7993
20260203115814.654,288.3447,,,30,31,0,1,25.7993
20260203115814.655,288.3558,,,30,31,0,1,25.7993
20260203115814.658,288.3669,,,30,31,0,1,25.7993
20260203115814.661,288.3780,,,30,31,0,1,25.7993
20260203115814.668,288.3891,,,30,31,0,1,25.7993
20260203115814.670,288.4002,,,30,31,0,1,25.7993
20260203115814.671,288.4113,,,30,31,0,1,25.7993
20260203115814.672,288.4224,,,30,31,0,1,25.7993
20260203115814.674,288.4335,,,30,31,0,1,25.7993
20260203115814.676,288.4446,,,30,31,0,1,25.7993
20260203115814.678,288.4557,,,30,31,0,1,25.7993
20260203115814.679,288.4668,,,30,31,0,1,25.7993
20260203115814.681,288.4779,,,30,31,0,1,25.7993
20260203115814.683,288.4890,,,30,31,0,1,25.7993
20260203115814.696,288.5001,,,30,31,0,1,25.7993
20260203115814.698,288.5112,,,30,31,0,1,25.7993
20260203115814.700,288.5223,,,30,31,0,1,25.7993
20260203115814.702,288.5334,,,30,31,0,1,25.7993
20260203115814.703,288.5445,,,30,31,0,1,25.7993
20260203115814.705,288.5556,,,30,31,0,1,25.7993
20260203115814.706,288.5667,,,30,31,0,1,25.7993
20260203115814.708,288.5778,,,30,31,0,1,25.7993
20260203115814.710,288.5889,,,30,31,0,1,25.7993
20260203115814.711,288.6000,,,30,31,0,1,25.7993
20260203115814.713,288.6111,,,30,31,0,1,25.7993
20260203115814.715,288.6222,,,30,31,0,1,25.7993
20260203115814.717,288.6333,,,30,31,0,1,25.7993
20260203115814.719,288.6444,,,30,31,0,1,25.7993
20260203115814.721,288.6555,,,30,31,0,1,25.7993
20260203115814.723,288.6666,,,30,31,0,1,25.7993
20260203115814.724,288.6777,,,30,31,0,1,25.7993
20260203115814.726,288.6888,,,30,31,0,1,25.7993
20260203115814.727,288.6999,,,30,31,0,1,25.7993
20260203115814.729,288.7110,,,30,31,0,1,25.7993
20260203115814.731,288.7221,,,30,31,0,1,25.7993
20260203115814.732,288.7332,,,30,31,0,1,25.7993
20260203115814.734,288.7443,,,30,31,0,1,25.7993
20260203115814.735,288.7554,,,30,31,0,1,25.7993
20260203115814.738,288.7665,,,30,31,0,1,25.7993
20260203115814.740,288.7776,,,30,31,0,1,25.7993
20260203115814.741,288.7887,,,30,31,0,1,25.7993
20260203115814.743,288.7998,,,30,31,0,1,25.7993
20260203115814.745,288.8109,,,30,31,0,1,25.7993
20260203115814.746,288.8220,,,30,31,0,1,25.7993
20260203115814.748,288.8331,,,30,31,0,1,25.7993
20260203115814.749,288.8442,,,30,31,0,1,25.7993
20260203115814.751,288.8553,,,30,31,0,1,25.7993
20260203115814.753,288.8664,,,30,31,0,1,25.7993
20260203115814.754,288.8775,,,30,31,0,1,25.7993
20260203115814.760,288.8886,,,30,31,0,1,25.7993
20260203115814.761,288.8997,,,30,31,0,1,25.7993
20260203115814.763,288.9108,,,30,31,0,1,25.7993
20260203115814.764,288.9219,,,30,31,0,1,25.7993
20260203115814.767,288.9330,,,30,31,0,1,25.7993
20260203115814.770,288.9441,,,30,31,0,1,25.7993
20260203115814.775,288.9552,,,30,31,0,1,25.7993
20260203115814.778,288.9663,,,30,31,0,1,25.7993
20260203115814.779,288.9774,,,30,31,0,1,25.7993
20260203115814.781,288.9885,,,30,31,0,1,25.7993
20260203115814.783,288.9996,,,30,31,0,1,25.7993
20260203115814.784,289.0107,,,30,31,0,1,25.7993
20260203115814.786,289.0218,,,30,31,0,1,25.7993
20260203115814.787,289.0329,,,30,31,0,1,25.7993
20260203115814.790,289.0440,,,30,31,0,1,25.7993
20260203115814.801,289.0551,,,30,31,0,1,25.7993
20260203115814.803,289.0662,,,30,31,0,1,25.7993
20260203115814.805,289.0773,,,30,31,0,1,25.7993
20260203115814.807,289.0884,,,30,31,0,1,25.7993
20260203115814.809,289.0995,,,30,31,0,1,25.7993
20260203115814.810,289.1106,,,30,31,0,1,25.7993
20260203115814.812,289.1217,,,30,31,0,1,25.7993
20260203115814.814,289.1328,,,30,31,0,1,25.7993
20260203115814.815,289.1439,,,30,31,0,1,25.7993
20260203115814.817,289.1550,,,30,31,0,1,25.7993
20260203115814.819,289.1661,,,30,31,0,1,25.7993
20260203115814.821,289.1772,,,30,31,0,1,25.7993
20260203115814.822,289.1883,,,30,31,0,1,25.7993
20260203115814.824,289.1994,,,30,31,0,1,25.7993
20260203115814.826,289.2105,,,30,31,0,1,25.7993
20260203115814.827,289.2216,,,30,31,0,1,25.7993
20260203115814.829,289.2327,,,30,31,0,1,25.7993
20260203115814.831,289.2438,,,30,31,0,1,25.7993
20260203115814.832,289.2549,,,30,31,0,1,25.7993
20260203115814.834,289.2660,,,30,31,0,1,25.7993
20260203115814.835,289.2771,,,30,31,0,1,25.7993
20260203115814.837,289.2882,,,30,31,0,1,25.7993
20260203115814.839,289.2993,,,30,31,0,1,25.7993
20260203115814.840,289.3104,,,30,31,0,1,25.7993
20260203115814.842,289.3215,,,30,31,0,1,25.7993
20260203115814.843,289.3326,,,30,31,0,1,25.7993
20260203115814.845,289.3437,,,30,31,0,1,25.7993
20260203115814.848,289.3548,,,30,31,0,1,25.7993
20260203115814.849,289.3659,,,30,31,0,1,25.7993
20260203115814.851,289.3770,,,30,31,0,1,25.7993
20260203115814.853,289.3881,,,30,31,0,1,25.7993
20260203115814.854,289.3992,,,30,31,0,1,25.7993
20260203115814.856,289.4103,,,30,31,0,1,25.7993
20260203115814.857,289.4214,,,30,31,0,1,25.7993
20260203115814.859,289.4325,,,30,31,0,1,25.7993
20260203115814.864,289.4436,,,30,31,0,1,25.7993
20260203115814.865,289.4547,,,30,31,0,1,25.7993
20260203115814.867,289.4658,,,30,31,0,1,25.7993
20260203115814.869,289.4769,,,30,31,0,1,25.7993
20260203115814.871,289.4880,,,30,31,0,1,25.7993
20260203115814.874,289.4991,,,30,31,0,1,25.7993
20260203115814.880,289.5102,,,30,31,0,1,25.7993
20260203115814.882,289.5213,,,30,31,0,1,25.7993
20260203115814.884,289.5324,,,30,31,0,1,25.7993
20260203115814.885,289.5435,,,30,31,0,1,25.7993
20260203115814.888,289.5546,,,30,31,0,1,25.7993
20260203115814.889,289.5657,,,30,31,0,1,25.7993
20260203115814.891,289.5768,,,30,31,0,1,25.7993
20260203115814.893,289.5879,,,30,31,0,1,25.7993
20260203115814.894,289.5990,,,30,31,0,1,25.7993
20260203115814.907,289.6101,,,30,31,0,1,25.7993
20260203115814.909,289.6212,,,30,31,0,1,25.7993
20260203115814.911,289.6323,,,30,31,0,1,25.7993
20260203115814.912,289.6434,,,30,31,0,1,25.7993
20260203115814.914,289.6545,,,30,31,0,1,25.7993
20260203115814.915,289.6656,,,30,31,0,1,25.7993
20260203115814.918,289.6767,,,30,31,0,1,25.7993
20260203115814.920,289.6878,,,30,31,0,1,25.7993
20260203115814.921,289.6989,,,30,31,0,1,25.7993
20260203115814.922,289.7100,,,30,31,0,1,25.7993
20260203115814.924,289.7211,,,30,31,0,1,25.7993
20260203115814.925,289.7322,,,30,31,0,1,25.7993
20260203115814.928,289.7433,,,30,31,0,1,25.7993
20260203115814.930,289.7544,,,30,31,0,1,25.7993
20260203115814.931,289.7655,,,30,31,0,1,25.7993
20260203115814.933,289.7766,,,30,31,0,1,25.7993
20260203115814.935,289.7877,,,30,31,0,1,25.7993
20260203115814.936,289.7988,,,30,31,0,1,25.7993
20260203115814.938,289.8099,,,30,31,0,1,25.7993
20260203115814.940,289.8210,,,30,31,0,1,25.7993
20260203115814.942,289.8321,,,30,31,0,1,25.7993
20260203115814.944,289.8432,,,30,31,0,1,25.7993
20260203115814.945,289.8543,,,30,31,0,1,25.7993
20260203115814.947,289.8654,,,30,31,0,1,25.7993
20260203115814.949,289.8765,,,30,31,0,1,25.7993
20260203115814.950,289.8876,,,30,31,0,1,25.7993
20260203115814.952,289.8987,,,30,31,0,1,25.7993
20260203115814.953,289.9098,,,30,31,0,1,25.7993
20260203115814.955,289.9209,,,30,31,0,1,25.7993
20260203115814.957,289.9320,,,30,31,0,1,25.7993
20260203115814.959,289.9431,,,30,31,0,1,25.7993
20260203115814.960,289.9542,,,30,31,0,1,25.7993
20260203115814.962,289.9653,,,30,31,0,1,25.7993
20260203115814.964,289.9764,,,30,31,0,1,25.7993
20260203115814.965,289.9875,,,30,31,0,1,25.7993
20260203115814.967,289.9986,,,30,31,0,1,25.7993
20260203115814.972,290.0097,,,30,31,0,1,25.7993
20260203115814.974,290.0208,,,30,31,0,1,25.7993
20260203115814.975,290.0319,,,30,31,0,1,25.7993
20260203115814.976,290.0430,,,30,31,0,1,25.7993
20260203115814.979,290.0541,,,30,31,0,1,25.7993
20260203115814.982,290.0652,,,30,31,0,1,25.7993
20260203115814.988,290.0763,,,30,31,0,1,25.7993
20260203115814.990,290.0874,,,30,31,0,1,25.7993
20260203115814.991,290.0985,,,30,31,0,1,25.7993
20260203115814.993,290.1096,,,30,31,0,1,25.7993
20260203115814.995,290.1207,,,30,31,0,1,25.7993
20260203115814.996,290.1318,,,30,31,0,1,25.7993
20260203115814.999,290.1429,,,30,31,0,1,25.7993
20260203115815.000,290.1540,,,30,31,0,1,25.7993
20260203115815.012,290.1651,,,30,31,0,1,25.7993
20260203115815.013,290.1762,,,30,31,0,1,25.7993
20260203115815.015,290.1873,,,30,31,0,1,25.7993
20260203115815.016,290.1984,,,30,31,0,1,25.7993
20260203115815.019,290.2095,,,30,31,0,1,25.7993
20260203115815.020,290.2206,,,30,31,0,1,25.7993
20260203115815.022,290.2317,,,30,31,0,1,25.7993
20260203115815.023,290.2428,,,30,31,0,1,25.7993
20260203115815.025,290.2539,,,30,31,0,1,25.7993
20260203115815.027,290.2650,,,30,31,0,1,25.7993
20260203115815.029,290.2761,,,30,31,0,1,25.7993
20260203115815.030,290.2872,,,30,31,0,1,25.7993
20260203115815.032,290.2983,,,30,31,0,1,25.7993
20260203115815.034,290.3094,,,30,31,0,1,25.7993
20260203115815.035,290.3205,,,30,31,0,1,25.7993
20260203115815.037,290.3316,,,30,31,0,1,25.7993
20260203115815.039,290.3427,,,30,31,0,1,25.7993
20260203115815.040,290.3538,,,30,31,0,1,25.7993
20260203115815.042,290.3649,,,30,31,0,1,25.7993
20260203115815.044,290.3760,,,30,31,0,1,25.7993
20260203115815.045,290.3871,,,30,31,0,1,25.7993
20260203115815.047,290.3982,,,30,31,0,1,25.7993
20260203115815.049,290.4093,,,30,31,0,1,25.7993
20260203115815.051,290.4204,,,30,31,0,1,25.7993
20260203115815.052,290.4315,,,30,31,0,1,25.7993
20260203115815.054,290.4426,,,30,31,0,1,25.7993
20260203115815.056,290.4537,,,30,31,0,1,25.7993
20260203115815.057,290.4648,,,30,31,0,1,25.7993
20260203115815.059,290.4759,,,30,31,0,1,25.7993
20260203115815.061,290.4870,,,30,31,0,1,25.7993
20260203115815.062,290.4981,,,30,31,0,1,25.7993
20260203115815.064,290.5092,,,30,31,0,1,25.7993
20260203115815.065,290.5203,,,30,31,0,1,25.7993
20260203115815.067,290.5314,,,30,31,0,1,25.7993
20260203115815.069,290.5425,,,30,31,0,1,25.7993
20260203115815.070,290.5536,,,30,31,0,1,25.7993
20260203115815.072,290.5647,,,30,31,0,1,25.7993
20260203115815.077,290.5758,,,30,31,0,1,25.7993
20260203115815.078,290.5869,,,30,31,0,1,25.7993
20260203115815.081,290.5980,,,30,31,0,1,25.7993
20260203115815.084,290.6091,,,30,31,0,1,25.7993
20260203115815.089,290.6202,,,30,31,0,1,25.7993
20260203115815.093,290.6313,,,30,31,0,1,25.7993
20260203115815.097,290.6424,,,30,31,0,1,25.7993
20260203115815.101,290.6535,,,30,31,0,1,25.7993
20260203115815.105,290.6646,,,30,31,0,1,25.7993
20260203115815.110,290.6757,,,30,31,0,1,25.7993
20260203115815.114,290.6868,,,30,31,0,1,25.7993
20260203115815.118,290.6979,,,30,31,0,1,25.7993
20260203115815.124,290.7090,,,30,31,0,1,25.7993
20260203115815.142,290.7201,,,30,31,0,1,25.7993
20260203115815.144,290.7312,,,30,31,0,1,25.7993
20260203115815.145,290.7423,,,30,31,0,1,25.7993
20260203115815.147,290.7534,,,30,31,0,1,25.7993
20260203115815.148,290.7645,,,30,31,0,1,25.7993
20260203115815.150,290.7756,,,30,31,0,1,25.7993
20260203115815.152,290.7867,,,30,31,0,1,25.7993
20260203115815.153,290.7978,,,30,31,0,1,25.7993
20260203115815.155,290.8089,,,30,31,0,1,25.7993
20260203115815.157,290.8200,,,30,31,0,1,25.7993
20260203115815.158,290.8311,,,30,31,0,1,25.7993
20260203115815.160,290.8422,,,30,31,0,1,25.7993
20260203115815.161,290.8533,,,30,31,0,1,25.7993
20260203115815.163,290.8644,,,30,31,0,1,25.7993
20260203115815.164,290.8755,,,30,31,0,1,25.7993
20260203115815.167,290.8866,,,30,31,0,1,25.7993
20260203115815.168,290.8977,,,30,31,0,1,25.7993
20260203115815.170,290.9088,,,30,31,0,1,25.7993
20260203115815.172,290.9199,,,30,31,0,1,25.7993
20260203115815.173,290.9310,,,30,31,0,1,25.7993
20260203115815.175,290.9421,,,30,31,0,1,25.7993
20260203115815.176,290.9532,,,30,31,0,1,25.7993
20260203115815.179,290.9643,,,30,31,0,1,25.7993
20260203115815.180,290.9754,,,30,31,0,1,25.7993
20260203115815.182,290.9865,,,30,31,0,1,25.7993
20260203115815.183,290.9976,,,30,31,0,1,25.7993
20260203115815.185,291.0087,,,30,31,0,1,25.7993
20260203115815.186,291.0198,,,30,31,0,1,25.7993
20260203115815.188,291.0309,,,30,31,0,1,25.7993
20260203115815.190,291.0420,,,30,31,0,1,25.7993
20260203115815.192,291.0531,,,30,31,0,1,25.7993
20260203115815.193,291.0642,,,30,31,0,1,25.7993
20260203115815.195,291.0753,,,30,31,0,1,25.7993
20260203115815.197,291.0864,,,30,31,0,1,25.7993
20260203115815.199,291.0975,,,30,31,0,1,25.7993
20260203115815.200,291.1086,,,30,31,0,1,25.7993
20260203115815.202,291.1197,,,30,31,0,1,25.7993
20260203115815.204,291.1308,,,30,31,0,1,25.7993
20260203115815.205,291.1419,,,30,31,0,1,25.7993
20260203115815.207,291.1530,,,30,31,0,1,25.7993
20260203115815.209,291.1641,,,30,31,0,1,25.7993
20260203115815.210,291.1752,,,30,31,0,1,25.7993
20260203115815.212,291.1863,,,30,31,0,1,25.7993
20260203115815.214,291.1974,,,30,31,0,1,25.7993
20260203115815.218,291.2085,,,30,31,0,1,25.7993
20260203115815.220,291.2196,,,30,31,0,1,25.7993
20260203115815.221,291.2307,,,30,31,0,1,25.7993
20260203115815.223,291.2418,,,30,31,0,1,25.7993
20260203115815.227,291.2529,,,30,31,0,1,25.7993
20260203115815.232,291.2640,,,30,31,0,1,25.7993
20260203115815.242,291.2751,,,30,31,0,1,25.7993
20260203115815.245,291.2862,,,30,31,0,1,25.7993
20260203115815.246,291.2973,,,30,31,0,1,25.7993
20260203115815.248,291.3084,,,30,31,0,1,25.7993
20260203115815.250,291.3195,,,30,31,0,1,25.7993
20260203115815.251,291.3306,,,30,31,0,1,25.7993
20260203115815.253,291.3417,,,30,31,0,1,25.7993
20260203115815.255,291.3528,,,30,31,0,1,25.7993
20260203115815.256,291.3639,,,30,31,0,1,25.7993
20260203115815.258,291.3750,,,30,31,0,1,25.7993
20260203115815.260,291.3861,,,30,31,0,1,25.7993
20260203115815.261,291.3972,,,30,31,0,1,25.7993
20260203115815.263,291.4083,,,30,31,0,1,25.7993
20260203115815.265,291.4194,,,30,31,0,1,25.7993
20260203115815.266,291.4305,,,30,31,0,1,25.7993
20260203115815.268,291.4416,,,30,31,0,1,25.7993
20260203115815.270,291.4527,,,30,31,0,1,25.7993
20260203115815.272,291.4638,,,30,31,0,1,25.7993
20260203115815.273,291.4749,,,30,31,0,1,25.7993
20260203115815.275,291.4860,,,30,31,0,1,25.7993
20260203115815.277,291.4971,,,30,31,0,1,25.7993
20260203115815.279,291.5082,,,30,31,0,1,25.7993
20260203115815.280,291.5193,,,30,31,0,1,25.7993
20260203115815.282,291.5304,,,30,31,0,1,25.7993
20260203115815.284,291.5415,,,30,31,0,1,25.7993
20260203115815.285,291.5526,,,30,31,0,1,25.7993
20260203115815.287,291.5637,,,30,31,0,1,25.7993
20260203115815.288,291.5748,,,30,31,0,1,25.7993
20260203115815.290,291.5859,,,30,31,0,1,25.7993
20260203115815.292,291.5970,,,30,31,0,1,25.7993
20260203115815.293,291.6081,,,30,31,0,1,25.7993
20260203115815.295,291.6192,,,30,31,0,1,25.7993
20260203115815.296,291.6303,,,30,31,0,1,25.7993
20260203115815.299,291.6414,,,30,31,0,1,25.7993
20260203115815.300,291.6525,,,30,31,0,1,25.7993
20260203115815.302,291.6636,,,30,31,0,1,25.7993
20260203115815.303,291.6747,,,30,31,0,1,25.7993
20260203115815.305,291.6858,,,30,31,0,1,25.7993
20260203115815.307,291.6969,,,30,31,0,1,25.7993
20260203115815.309,291.7080,,,30,31,0,1,25.7993
20260203115815.311,291.7191,,,30,31,0,1,25.7993
20260203115815.312,291.7302,,,30,31,0,1,25.7993
20260203115815.313,291.7413,,,30,31,0,1,25.7993
20260203115815.319,291.7524,,,30,31,0,1,25.7993
20260203115815.320,291.7635,,,30,31,0,1,25.7993
20260203115815.322,291.7746,,,30,31,0,1,25.7993
20260203115815.324,291.7857,,,30,31,0,1,25.7993
20260203115815.327,291.7968,,,30,31,0,1,25.7993
20260203115815.333,291.8079,,,30,31,0,1,25.7993
20260203115815.335,291.8190,,,30,31,0,1,25.7993
20260203115815.347,291.8301,,,30,31,0,1,25.7993
20260203115815.349,291.8412,,,30,31,0,1,25.7993
20260203115815.351,291.8523,,,30,31,0,1,25.7993
20260203115815.352,291.8634,,,30,31,0,1,25.7993
20260203115815.354,291.8745,,,30,31,0,1,25.7993
20260203115815.355,291.8856,,,30,31,0,1,25.7993
20260203115815.357,291.8967,,,30,31,0,1,25.7993
20260203115815.359,291.9078,,,30,31,0,1,25.7993
20260203115815.361,291.9189,,,30,31,0,1,25.7993
20260203115815.362,291.9300,,,30,31,0,1,25.7993
20260203115815.363,291.9411,,,30,31,0,1,25.7993
20260203115815.366,291.9522,,,30,31,0,1,25.7993
20260203115815.367,291.9633,,,30,31,0,1,25.7993
20260203115815.369,291.9744,,,30,31,0,1,25.7993
20260203115815.371,291.9855,,,30,31,0,1,25.7993
20260203115815.372,291.9966,,,30,31,0,1,25.7993
20260203115815.374,292.0077,,,30,31,0,1,25.7993
20260203115815.376,292.0188,,,30,31,0,1,25.7993
20260203115815.378,292.0299,,,30,31,0,1,25.7993
20260203115815.379,292.0410,,,30,31,0,1,25.7993
20260203115815.381,292.0521,,,30,31,0,1,25.7993
20260203115815.383,292.0632,,,30,31,0,1,25.7993
20260203115815.385,292.0743,,,30,31,0,1,25.7993
20260203115815.386,292.0854,,,30,31,0,1,25.7993
20260203115815.388,292.0965,,,30,31,0,1,25.7993
20260203115815.390,292.1076,,,30,31,0,1,25.7993
20260203115815.391,292.1187,,,30,31,0,1,25.7993
20260203115815.393,292.1298,,,30,31,0,1,25.7993
20260203115815.394,292.1409,,,30,31,0,1,25.7993
20260203115815.396,292.1520,,,30,31,0,1,25.7993
20260203115815.398,292.1631,,,30,31,0,1,25.7993
20260203115815.400,292.1742,,,30,31,0,1,25.7993
20260203115815.401,292.1853,,,30,31,0,1,25.7993
20260203115815.403,292.1964,,,30,31,0,1,25.7993
20260203115815.404,292.2075,,,30,31,0,1,25.7993
20260203115815.405,292.2186,,,30,31,0,1,25.7993
20260203115815.408,292.2297,,,30,31,0,1,25.7993
20260203115815.410,292.2408,,,30,31,0,1,25.7993
20260203115815.411,292.2519,,,30,31,0,1,25.7993
20260203115815.413,292.2630,,,30,31,0,1,25.7993
20260203115815.415,292.2741,,,30,31,0,1,25.7993
20260203115815.417,292.2852,,,30,31,0,1,25.7993
20260203115815.418,292.2963,,,30,31,0,1,25.7993
20260203115815.423,292.3074,,,30,31,0,1,25.7993
20260203115815.424,292.3185,,,30,31,0,1,25.7993
20260203115815.426,292.3296,,,30,31,0,1,25.7993
20260203115815.428,292.3407,,,30,31,0,1,25.7993
20260203115815.431,292.3518,,,30,31,0,1,25.7993
20260203115815.437,292.3629,,,30,31,0,1,25.7993
20260203115815.439,292.3740,,,30,31,0,1,25.7993
20260203115815.449,292.3851,,,30,31,0,1,25.7993
20260203115815.451,292.3962,,,30,31,0,1,25.7993
20260203115815.452,292.4073,,,30,31,0,1,25.7993
20260203115815.454,292.4184,,,30,31,0,1,25.7993
20260203115815.456,292.4295,,,30,31,0,1,25.7993
20260203115815.458,292.4406,,,30,31,0,1,25.7993
20260203115815.460,292.4517,,,30,31,0,1,25.7993
20260203115815.461,292.4628,,,30,31,0,1,25.7993
20260203115815.463,292.4739,,,30,31,0,1,25.7993
20260203115815.465,292.4850,,,30,31,0,1,25.7993
20260203115815.466,292.4961,,,30,31,0,1,25.7993
20260203115815.468,292.5072,,,30,31,0,1,25.7993
20260203115815.470,292.5183,,,30,31,0,1,25.7993
20260203115815.471,292.5294,,,30,31,0,1,25.7993
20260203115815.473,292.5405,,,30,31,0,1,25.7993
20260203115815.474,292.5516,,,30,31,0,1,25.7993
20260203115815.476,292.5627,,,30,31,0,1,25.7993
20260203115815.478,292.5738,,,30,31,0,1,25.7993
20260203115815.480,292.5849,,,30,31,0,1,25.7993
20260203115815.481,292.5960,,,30,31,0,1,25.7993
20260203115815.483,292.6071,,,30,31,0,1,25.7993
20260203115815.484,292.6182,,,30,31,0,1,25.7993
20260203115815.486,292.6293,,,30,31,0,1,25.7993
20260203115815.488,292.6404,,,30,31,0,1,25.7993
20260203115815.490,292.6515,,,30,31,0,1,25.7993
20260203115815.492,292.6626,,,30,31,0,1,25.7993
20260203115815.493,292.6737,,,30,31,0,1,25.7993
20260203115815.495,292.6848,,,30,31,0,1,25.7993
20260203115815.497,292.6959,,,30,31,0,1,25.7993
20260203115815.498,292.7070,,,30,31,0,1,25.7993
20260203115815.500,292.7181,,,30,31,0,1,25.7993
20260203115815.501,292.7292,,,30,31,0,1,25.7993
20260203115815.503,292.7403,,,30,31,0,1,25.7993
20260203115815.505,292.7514,,,30,31,0,1,25.7993
20260203115815.507,292.7625,,,30,31,0,1,25.7993
20260203115815.509,292.7736,,,30,31,0,1,25.7993
20260203115815.510,292.7847,,,30,31,0,1,25.7993
20260203115815.512,292.7958,,,30,31,0,1,25.7993
20260203115815.513,292.8069,,,30,31,0,1,25.7993
20260203115815.515,292.8180,,,30,31,0,1,25.7993
20260203115815.517,292.8291,,,30,31,0,1,25.7993
20260203115815.518,292.8402,,,30,31,0,1,25.7993
20260203115815.520,292.8513,,,30,31,0,1,25.7993
20260203115815.525,292.8624,,,30,31,0,1,25.7993
20260203115815.527,292.8735,,,30,31,0,1,25.7993
20260203115815.528,292.8846,,,30,31,0,1,25.7993
20260203115815.530,292.8957,,,30,31,0,1,25.7993
20260203115815.533,292.9068,,,30,31,0,1,25.7993
20260203115815.535,292.9179,,,30,31,0,1,25.7993
20260203115815.542,292.9290,,,30,31,0,1,25.7993
20260203115815.553,292.9401,,,30,31,0,1,25.7993
20260203115815.555,292.9512,,,30,31,0,1,25.7993
20260203115815.557,292.9623,,,30,31,0,1,25.7993
20260203115815.559,292.9734,,,30,31,0,1,25.7993
20260203115815.560,292.9845,,,30,31,0,1,25.7993
20260203115815.562,292.9956,,,30,31,0,1,25.7993
20260203115815.563,293.0067,,,30,31,0,1,25.7993
20260203115815.565,293.0178,,,30,31,0,1,25.7993
20260203115815.567,293.0289,,,30,31,0,1,25.7993
20260203115815.569,293.0400,,,30,31,0,1,25.7993
20260203115815.570,293.0511,,,30,31,0,1,25.7993
20260203115815.572,293.0622,,,30,31,0,1,25.7993
20260203115815.573,293.0733,,,30,31,0,1,25.7993
20260203115815.575,293.0844,,,30,31,0,1,25.7993
20260203115815.577,293.0955,,,30,31,0,1,25.7993
20260203115815.578,293.1066,,,30,31,0,1,25.7993
20260203115815.580,293.1177,,,30,31,0,1,25.7993
20260203115815.582,293.1288,,,30,31,0,1,25.7993
20260203115815.583,293.1399,,,30,31,0,1,25.7993
20260203115815.585,293.1510,,,30,31,0,1,25.7993
20260203115815.587,293.1621,,,30,31,0,1,25.7993
20260203115815.589,293.1732,,,30,31,0,1,25.7993
20260203115815.591,293.1843,,,30,31,0,1,25.7993
20260203115815.592,293.1954,,,30,31,0,1,25.7993
20260203115815.594,293.2065,,,30,31,0,1,25.7993
20260203115815.596,293.2176,,,30,31,0,1,25.7993
20260203115815.597,293.2287,,,30,31,0,1,25.7993
20260203115815.598,293.2398,,,30,31,0,1,25.7993
20260203115815.600,293.2509,,,30,31,0,1,25.7993
20260203115815.601,293.2620,,,30,31,0,1,25.7993
20260203115815.604,293.2731,,,30,31,0,1,25.7993
20260203115815.605,293.2842,,,30,31,0,1,25.7993
20260203115815.607,293.2953,,,30,31,0,1,25.7993
20260203115815.608,293.3064,,,30,31,0,1,25.7993
20260203115815.610,293.3175,,,30,31,0,1,25.7993
20260203115815.612,293.3286,,,30,31,0,1,25.7993
20260203115815.614,293.3397,,,30,31,0,1,25.7993
20260203115815.615,293.3508,,,30,31,0,1,25.7993
20260203115815.617,293.3619,,,30,31,0,1,25.7993
20260203115815.619,293.3730,,,30,31,0,1,25.7993
20260203115815.621,293.3841,,,30,31,0,1,25.7993
20260203115815.623,293.3952,,,30,31,0,1,25.7993
20260203115815.624,293.4063,,,30,31,0,1,25.7993
20260203115815.629,293.4174,,,30,31,0,1,25.7993
20260203115815.630,293.4285,,,30,31,0,1,25.7993
20260203115815.633,293.4396,,,30,31,0,1,25.7993
20260203115815.634,293.4507,,,30,31,0,1,25.7993
20260203115815.636,293.4618,,,30,31,0,1,25.7993
20260203115815.640,293.4729,,,30,31,0,1,25.7993
20260203115815.645,293.4840,,,30,31,0,1,25.7993
20260203115815.656,293.4951,,,30,31,0,1,25.7993
20260203115815.658,293.5062,,,30,31,0,1,25.7993
20260203115815.660,293.5173,,,30,31,0,1,25.7993
20260203115815.661,293.5284,,,30,31,0,1,25.7993
20260203115815.663,293.5395,,,30,31,0,1,25.7993
20260203115815.664,293.5506,,,30,31,0,1,25.7993
20260203115815.666,293.5617,,,30,31,0,1,25.7993
20260203115815.668,293.5728,,,30,31,0,1,25.7993
20260203115815.669,293.5839,,,30,31,0,1,25.7993
20260203115815.671,293.5950,,,30,31,0,1,25.7993
20260203115815.673,293.6061,,,30,31,0,1,25.7993
20260203115815.674,293.6172,,,30,31,0,1,25.7993
20260203115815.677,293.6283,,,30,31,0,1,25.7993
20260203115815.678,293.6394,,,30,31,0,1,25.7993
20260203115815.679,293.6505,,,30,31,0,1,25.7993
20260203115815.681,293.6616,,,30,31,0,1,25.7993
20260203115815.683,293.6727,,,30,31,0,1,25.7993
20260203115815.685,293.6838,,,30,31,0,1,25.7993
20260203115815.687,293.6949,,,30,31,0,1,25.7993
20260203115815.689,293.7060,,,30,31,0,1,25.7993
20260203115815.690,293.7171,,,30,31,0,1,25.7993
20260203115815.692,293.7282,,,30,31,0,1,25.7993
20260203115815.693,293.7393,,,30,31,0,1,25.7993
20260203115815.695,293.7504,,,30,31,0,1,25.7993
20260203115815.696,293.7615,,,30,31,0,1,25.7993
20260203115815.698,293.7726,,,30,31,0,1,25.7993
20260203115815.699,293.7837,,,30,31,0,1,25.7993
20260203115815.702,293.7948,,,30,31,0,1,25.7993
20260203115815.703,293.8059,,,30,31,0,1,25.7993
20260203115815.705,293.8170,,,30,31,0,1,25.7993
20260203115815.707,293.8281,,,30,31,0,1,25.7993
20260203115815.709,293.8392,,,30,31,0,1,25.7993
20260203115815.710,293.8503,,,30,31,0,1,25.7993
20260203115815.712,293.8614,,,30,31,0,1,25.7993
20260203115815.714,293.8725,,,30,31,0,1,25.7993
20260203115815.715,293.8836,,,30,31,0,1,25.7993
20260203115815.717,293.8947,,,30,31,0,1,25.7993
20260203115815.719,293.9058,,,30,31,0,1,25.7993
20260203115815.721,293.9169,,,30,31,0,1,25.7993
20260203115815.722,293.9280,,,30,31,0,1,25.7993
20260203115815.724,293.9391,,,30,31,0,1,25.7993
20260203115815.725,293.9502,,,30,31,0,1,25.7993
20260203115815.727,293.9613,,,30,31,0,1,25.7993
20260203115815.729,293.9724,,,30,31,0,1,25.7993
20260203115815.733,293.9835,,,30,31,0,1,25.7993
20260203115815.735,293.9946,,,30,31,0,1,25.7993
20260203115815.737,294.0057,,,30,31,0,1,25.7993
20260203115815.739,294.0168,,,30,31,0,1,25.7993
20260203115815.741,294.0279,,,30,31,0,1,25.7993
20260203115815.744,294.0390,,,30,31,0,1,25.7993
20260203115815.760,294.0501,,,30,31,0,1,25.7993
20260203115815.762,294.0612,,,30,31,0,1,25.7993
20260203115815.764,294.0723,,,30,31,0,1,25.7993
20260203115815.766,294.0834,,,30,31,0,1,25.7993
20260203115815.768,294.0945,,,30,31,0,1,25.7993
20260203115815.769,294.1056,,,30,31,0,1,25.7993
20260203115815.771,294.1167,,,30,31,0,1,25.7993
20260203115815.773,294.1278,,,30,31,0,1,25.7993
20260203115815.774,294.1389,,,30,31,0,1,25.7993
20260203115815.776,294.1500,,,30,31,0,1,25.7993
20260203115815.778,294.1611,,,30,31,0,1,25.7993
20260203115815.779,294.1722,,,30,31,0,1,25.7993
20260203115815.781,294.1833,,,30,31,0,1,25.7993
20260203115815.783,294.1944,,,30,31,0,1,25.7993
20260203115815.784,294.2055,,,30,31,0,1,25.7993
20260203115815.786,294.2166,,,30,31,0,1,25.7993
20260203115815.787,294.2277,,,30,31,0,1,25.7993
20260203115815.789,294.2388,,,30,31,0,1,25.7993
20260203115815.791,294.2499,,,30,31,0,1,25.7993
20260203115815.793,294.2610,,,30,31,0,1,25.7993
20260203115815.795,294.2721,,,30,31,0,1,25.7993
20260203115815.796,294.2832,,,30,31,0,1,25.7993
20260203115815.798,294.2943,,,30,31,0,1,25.7993
20260203115815.799,294.3054,,,30,31,0,1,25.7993
20260203115815.801,294.3165,,,30,31,0,1,25.7993
20260203115815.803,294.3276,,,30,31,0,1,25.7993
20260203115815.805,294.3387,,,30,31,0,1,25.7993
20260203115815.806,294.3498,,,30,31,0,1,25.7993
20260203115815.808,294.3609,,,30,31,0,1,25.7993
20260203115815.810,294.3720,,,30,31,0,1,25.7993
20260203115815.811,294.3831,,,30,31,0,1,25.7993
20260203115815.813,294.3942,,,30,31,0,1,25.7993
20260203115815.814,294.4053,,,30,31,0,1,25.7993
20260203115815.817,294.4164,,,30,31,0,1,25.7993
20260203115815.818,294.4275,,,30,31,0,1,25.7993
20260203115815.820,294.4386,,,30,31,0,1,25.7993
20260203115815.822,294.4497,,,30,31,0,1,25.7993
20260203115815.823,294.4608,,,30,31,0,1,25.7993
20260203115815.825,294.4719,,,30,31,0,1,25.7993
20260203115815.826,294.4830,,,30,31,0,1,25.7993
20260203115815.829,294.4941,,,30,31,0,1,25.7993
20260203115815.830,294.5052,,,30,31,0,1,25.7993
20260203115815.832,294.5163,,,30,31,0,1,25.7993
20260203115815.833,294.5274,,,30,31,0,1,25.7993
20260203115815.834,294.5385,,,30,31,0,1,25.7993
20260203115815.840,294.5496,,,30,31,0,1,25.7993
20260203115815.841,294.5607,,,30,31,0,1,25.7993
20260203115815.843,294.5718,,,30,31,0,1,25.7993
20260203115815.845,294.5829,,,30,31,0,1,25.7993
20260203115815.847,294.5940,,,30,31,0,1,25.7993
20260203115815.865,294.6051,,,30,31,0,1,25.7993
20260203115815.867,294.6162,,,30,31,0,1,25.7993
20260203115815.868,294.6273,,,30,31,0,1,25.7993
20260203115815.870,294.6384,,,30,31,0,1,25.7993
20260203115815.871,294.6495,,,30,31,0,1,25.7993
20260203115815.873,294.6606,,,30,31,0,1,25.7993
20260203115815.875,294.6717,,,30,31,0,1,25.7993
20260203115815.877,294.6828,,,30,31,0,1,25.7993
20260203115815.879,294.6939,,,30,31,0,1,25.7993
20260203115815.880,294.7050,,,30,31,0,1,25.7993
20260203115815.882,294.7161,,,30,31,0,1,25.7993
20260203115815.883,294.7272,,,30,31,0,1,25.7993
20260203115815.885,294.7383,,,30,31,0,1,25.7993
20260203115815.886,294.7494,,,30,31,0,1,25.7993
20260203115815.888,294.7605,,,30,31,0,1,25.7993
20260203115815.890,294.7716,,,30,31,0,1,25.7993
20260203115815.892,294.7827,,,30,31,0,1,25.7993
20260203115815.894,294.7938,,,30,31,0,1,25.7993
20260203115815.896,294.8049,,,30,31,0,1,25.7993
20260203115815.898,294.8160,,,30,31,0,1,25.7993
20260203115815.899,294.8271,,,30,31,0,1,25.7993
20260203115815.901,294.8382,,,30,31,0,1,25.7993
20260203115815.903,294.8493,,,30,31,0,1,25.7993
20260203115815.904,294.8604,,,30,31,0,1,25.7993
20260203115815.906,294.8715,,,30,31,0,1,25.7993
20260203115815.907,294.8826,,,30,31,0,1,25.7993
20260203115815.908,294.8937,,,30,31,0,1,25.7993
20260203115815.910,294.9048,,,30,31,0,1,25.7993
20260203115815.912,294.9159,,,30,31,0,1,25.7993
20260203115815.913,294.9270,,,30,31,0,1,25.7993
20260203115815.916,294.9381,,,30,31,0,1,25.7993
20260203115815.917,294.9492,,,30,31,0,1,25.7993
20260203115815.918,294.9603,,,30,31,0,1,25.7993
20260203115815.921,294.9714,,,30,31,0,1,25.7993
20260203115815.922,294.9825,,,30,31,0,1,25.7993
20260203115815.924,294.9936,,,30,31,0,1,25.7993
20260203115815.925,295.0047,,,30,31,0,1,25.7993
20260203115815.927,295.0158,,,30,31,0,1,25.7993
20260203115815.929,295.0269,,,30,31,0,1,25.7993
20260203115815.931,295.0380,,,30,31,0,1,25.7993
20260203115815.932,295.0491,,,30,31,0,1,25.7993
20260203115815.934,295.0602,,,30,31,0,1,25.7993
20260203115815.936,295.0713,,,30,31,0,1,25.7993
20260203115815.937,295.0824,,,30,31,0,1,25.7993
20260203115815.939,295.0935,,,30,31,0,1,25.7993
20260203115815.943,295.1046,,,30,31,0,1,25.7993
20260203115815.945,295.1157,,,30,31,0,1,25.7993
20260203115815.946,295.1268,,,30,31,0,1,25.7993
20260203115815.948,295.1379,,,30,31,0,1,25.7993
20260203115815.950,295.1490,,,30,31,0,1,25.7993
20260203115815.971,295.1601,,,30,31,0,1,25.7993
20260203115815.973,295.1712,,,30,31,0,1,25.7993
20260203115815.975,295.1823,,,30,31,0,1,25.7993
20260203115815.976,295.1934,,,30,31,0,1,25.7993
20260203115815.977,295.2045,,,30,31,0,1,25.7993
20260203115815.979,295.2156,,,30,31,0,1,25.7993
20260203115815.981,295.2267,,,30,31,0,1,25.7993
20260203115815.983,295.2378,,,30,31,0,1,25.7993
20260203115815.984,295.2489,,,30,31,0,1,25.7993
20260203115815.986,295.2600,,,30,31,0,1,25.7993
20260203115815.988,295.2711,,,30,31,0,1,25.7993
20260203115815.989,295.2822,,,30,31,0,1,25.7993
20260203115815.991,295.2933,,,30,31,0,1,25.7993
20260203115815.992,295.3044,,,30,31,0,1,25.7993
20260203115815.994,295.3155,,,30,31,0,1,25.7993
20260203115815.996,295.3266,,,30,31,0,1,25.7993
20260203115815.998,295.3377,,,30,31,0,1,25.7993
20260203115816.000,295.3488,,,30,31,0,1,25.7993
20260203115816.002,295.3599,,,30,31,0,1,25.7993
20260203115816.003,295.3710,,,30,31,0,1,25.7993
20260203115816.005,295.3821,,,30,31,0,1,25.7993
20260203115816.006,295.3932,,,30,31,0,1,25.7993
20260203115816.008,295.4043,,,30,31,0,1,25.7993
20260203115816.009,295.4154,,,30,31,0,1,25.7993
20260203115816.011,295.4265,,,30,31,0,1,25.7993
20260203115816.013,295.4376,,,30,31,0,1,25.7993
20260203115816.015,295.4487,,,30,31,0,1,25.7993
20260203115816.016,295.4598,,,30,31,0,1,25.7993
20260203115816.018,295.4709,,,30,31,0,1,25.7993
20260203115816.019,295.4820,,,30,31,0,1,25.7993
20260203115816.020,295.4931,,,30,31,0,1,25.7993
20260203115816.023,295.5042,,,30,31,0,1,25.7993
20260203115816.025,295.5153,,,30,31,0,1,25.7993
20260203115816.027,295.5264,,,30,31,0,1,25.7993
20260203115816.028,295.5375,,,30,31,0,1,25.7993
20260203115816.030,295.5486,,,30,31,0,1,25.7993
20260203115816.031,295.5597,,,30,31,0,1,25.7993
20260203115816.034,295.5708,,,30,31,0,1,25.7993
20260203115816.035,295.5819,,,30,31,0,1,25.7993
20260203115816.036,295.5930,,,30,31,0,1,25.7993
20260203115816.038,295.6041,,,30,31,0,1,25.7993
20260203115816.040,295.6152,,,30,31,0,1,25.7993
20260203115816.042,295.6263,,,30,31,0,1,25.7993
20260203115816.044,295.6374,,,30,31,0,1,25.7993
20260203115816.045,295.6485,,,30,31,0,1,25.7993
20260203115816.047,295.6596,,,30,31,0,1,25.7993
20260203115816.051,295.6707,,,30,31,0,1,25.7993
20260203115816.053,295.6818,,,30,31,0,1,25.7993
20260203115816.054,295.6929,,,30,31,0,1,25.7993
20260203115816.055,295.7040,,,30,31,0,1,25.7993
20260203115816.074,295.7151,,,30,31,0,1,25.7993
20260203115816.075,295.7262,,,30,31,0,1,25.7993
20260203115816.077,295.7373,,,30,31,0,1,25.7993
20260203115816.078,295.7484,,,30,31,0,1,25.7993
20260203115816.080,295.7595,,,30,31,0,1,25.7993
20260203115816.082,295.7706,,,30,31,0,1,25.7993
20260203115816.084,295.7817,,,30,31,0,1,25.7993
20260203115816.085,295.7928,,,30,31,0,1,25.7993
20260203115816.088,295.8039,,,30,31,0,1,25.7993
20260203115816.089,295.8150,,,30,31,0,1,25.7993
20260203115816.091,295.8261,,,30,31,0,1,25.7993
20260203115816.093,295.8372,,,30,31,0,1,25.7993
20260203115816.095,295.8483,,,30,31,0,1,25.7993
20260203115816.096,295.8594,,,30,31,0,1,25.7993
20260203115816.098,295.8705,,,30,31,0,1,25.7993
20260203115816.099,295.8816,,,30,31,0,1,25.7993
20260203115816.101,295.8927,,,30,31,0,1,25.7993
20260203115816.103,295.9038,,,30,31,0,1,25.7993
20260203115816.105,295.9149,,,30,31,0,1,25.7993
20260203115816.106,295.9260,,,30,31,0,1,25.7993
20260203115816.107,295.9371,,,30,31,0,1,25.7993
20260203115816.110,295.9482,,,30,31,0,1,25.7993
20260203115816.111,295.9593,,,30,31,0,1,25.7993
20260203115816.113,295.9704,,,30,31,0,1,25.7993
20260203115816.114,295.9815,,,30,31,0,1,25.7993
20260203115816.116,295.9926,,,30,31,0,1,25.7993
20260203115816.118,296.0037,,,30,31,0,1,25.7993
20260203115816.120,296.0148,,,30,31,0,1,25.7993
20260203115816.121,296.0259,,,30,31,0,1,25.7993
20260203115816.123,296.0370,,,30,31,0,1,25.7993
20260203115816.124,296.0481,,,30,31,0,1,25.7993
20260203115816.127,296.0592,,,30,31,0,1,25.7993
20260203115816.128,296.0703,,,30,31,0,1,25.7993
20260203115816.130,296.0814,,,30,31,0,1,25.7993
20260203115816.131,296.0925,,,30,31,0,1,25.7993
20260203115816.133,296.1036,,,30,31,0,1,25.7993
20260203115816.135,296.1147,,,30,31,0,1,25.7993
20260203115816.137,296.1258,,,30,31,0,1,25.7993
20260203115816.138,296.1369,,,30,31,0,1,25.7993
20260203115816.139,296.1480,,,30,31,0,1,25.7993
20260203115816.141,296.1591,,,30,31,0,1,25.7993
20260203115816.143,296.1702,,,30,31,0,1,25.7993
20260203115816.144,296.1813,,,30,31,0,1,25.7993
20260203115816.146,296.1924,,,30,31,0,1,25.7993
20260203115816.148,296.2035,,,30,31,0,1,25.7993
20260203115816.150,296.2146,,,30,31,0,1,25.7993
20260203115816.155,296.2257,,,30,31,0,1,25.7993
20260203115816.157,296.2368,,,30,31,0,1,25.7993
20260203115816.158,296.2479,,,30,31,0,1,25.7993
20260203115816.160,296.2590,,,30,31,0,1,25.7993
20260203115816.179,296.2701,,,30,31,0,1,25.7993
20260203115816.181,296.2812,,,30,31,0,1,25.7993
20260203115816.183,296.2923,,,30,31,0,1,25.7993
20260203115816.184,296.3034,,,30,31,0,1,25.7993
20260203115816.187,296.3145,,,30,31,0,1,25.7993
20260203115816.188,296.3256,,,30,31,0,1,25.7993
20260203115816.190,296.3367,,,30,31,0,1,25.7993
20260203115816.192,296.3478,,,30,31,0,1,25.7993
20260203115816.193,296.3589,,,30,31,0,1,25.7993
20260203115816.195,296.3700,,,30,31,0,1,25.7993
20260203115816.197,296.3811,,,30,31,0,1,25.7993
20260203115816.198,296.3922,,,30,31,0,1,25.7993
20260203115816.200,296.4033,,,30,31,0,1,25.7993
20260203115816.201,296.4144,,,30,31,0,1,25.7993
20260203115816.203,296.4255,,,30,31,0,1,25.7993
20260203115816.205,296.4366,,,30,31,0,1,25.7993
20260203115816.207,296.4477,,,30,31,0,1,25.7993
20260203115816.208,296.4588,,,30,31,0,1,25.7993
20260203115816.210,296.4699,,,30,31,0,1,25.7993
20260203115816.211,296.4810,,,30,31,0,1,25.7993
20260203115816.213,296.4921,,,30,31,0,1,25.7993
20260203115816.214,296.5032,,,30,31,0,1,25.7993
20260203115816.217,296.5143,,,30,31,0,1,25.7993
20260203115816.218,296.5254,,,30,31,0,1,25.7993
20260203115816.219,296.5365,,,30,31,0,1,25.7993
20260203115816.222,296.5476,,,30,31,0,1,25.7993
20260203115816.223,296.5587,,,30,31,0,1,25.7993
20260203115816.225,296.5698,,,30,31,0,1,25.7993
20260203115816.226,296.5809,,,30,31,0,1,25.7993
20260203115816.227,296.5920,,,30,31,0,1,25.7993
20260203115816.230,296.6031,,,30,31,0,1,25.7993
20260203115816.232,296.6142,,,30,31,0,1,25.7993
20260203115816.234,296.6253,,,30,31,0,1,25.7993
20260203115816.235,296.6364,,,30,31,0,1,25.7993
20260203115816.237,296.6475,,,30,31,0,1,25.7993
20260203115816.238,296.6586,,,30,31,0,1,25.7993
20260203115816.240,296.6697,,,30,31,0,1,25.7993
20260203115816.241,296.6808,,,30,31,0,1,25.7993
20260203115816.243,296.6919,,,30,31,0,1,25.7993
20260203115816.245,296.7030,,,30,31,0,1,25.7993
20260203115816.247,296.7141,,,30,31,0,1,25.7993
20260203115816.248,296.7252,,,30,31,0,1,25.7993
20260203115816.250,296.7363,,,30,31,0,1,25.7993
20260203115816.252,296.7474,,,30,31,0,1,25.7993
20260203115816.253,296.7585,,,30,31,0,1,25.7993
20260203115816.255,296.7696,,,30,31,0,1,25.7993
20260203115816.260,296.7807,,,30,31,0,1,25.7993
20260203115816.261,296.7918,,,30,31,0,1,25.7993
20260203115816.263,296.8029,,,30,31,0,1,25.7993
20260203115816.265,296.8140,,,30,31,0,1,25.7993
20260203115816.283,296.8251,,,30,31,0,1,25.7993
20260203115816.285,296.8362,,,30,31,0,1,25.7993
20260203115816.287,296.8473,,,30,31,0,1,25.7993
20260203115816.289,296.8584,,,30,31,0,1,25.7993
20260203115816.290,296.8695,,,30,31,0,1,25.7993
20260203115816.292,296.8806,,,30,31,0,1,25.7993
20260203115816.294,296.8917,,,30,31,0,1,25.7993
20260203115816.296,296.9028,,,30,31,0,1,25.7993
20260203115816.297,296.9139,,,30,31,0,1,25.7993
20260203115816.299,296.9250,,,30,31,0,1,25.7993
20260203115816.301,296.9361,,,30,31,0,1,25.7993
20260203115816.302,296.9472,,,30,31,0,1,25.7993
20260203115816.304,296.9583,,,30,31,0,1,25.7993
20260203115816.306,296.9694,,,30,31,0,1,25.7993
20260203115816.307,296.9805,,,30,31,0,1,25.7993
20260203115816.309,296.9916,,,30,31,0,1,25.7993
20260203115816.310,297.0027,,,30,31,0,1,25.7993
20260203115816.312,297.0138,,,30,31,0,1,25.7993
20260203115816.314,297.0249,,,30,31,0,1,25.7993
20260203115816.315,297.0360,,,30,31,0,1,25.7993
20260203115816.318,297.0471,,,30,31,0,1,25.7993
20260203115816.320,297.0582,,,30,31,0,1,25.7993
20260203115816.321,297.0693,,,30,31,0,1,25.7993
20260203115816.323,297.0804,,,30,31,0,1,25.7993
20260203115816.324,297.0915,,,30,31,0,1,25.7993
20260203115816.325,297.1026,,,30,31,0,1,25.7993
20260203115816.328,297.1137,,,30,31,0,1,25.7993
20260203115816.330,297.1248,,,30,31,0,1,25.7993
20260203115816.331,297.1359,,,30,31,0,1,25.7993
20260203115816.333,297.1470,,,30,31,0,1,25.7993
20260203115816.335,297.1581,,,30,31,0,1,25.7993
20260203115816.337,297.1692,,,30,31,0,1,25.7993
20260203115816.338,297.1803,,,30,31,0,1,25.7993
20260203115816.340,297.1914,,,30,31,0,1,25.7993
20260203115816.342,297.2025,,,30,31,0,1,25.7993
20260203115816.343,297.2136,,,30,31,0,1,25.7993
20260203115816.345,297.2247,,,30,31,0,1,25.7993
20260203115816.347,297.2358,,,30,31,0,1,25.7993
20260203115816.348,297.2469,,,30,31,0,1,25.7993
20260203115816.350,297.2580,,,30,31,0,1,25.7993
20260203115816.351,297.2691,,,30,31,0,1,25.7993
20260203115816.353,297.2802,,,30,31,0,1,25.7993
20260203115816.354,297.2913,,,30,31,0,1,25.7993
20260203115816.357,297.3024,,,30,31,0,1,25.7993
20260203115816.358,297.3135,,,30,31,0,1,25.7993
20260203115816.360,297.3246,,,30,31,0,1,25.7993
20260203115816.364,297.3357,,,30,31,0,1,25.7993
20260203115816.367,297.3468,,,30,31,0,1,25.7993
20260203115816.368,297.3579,,,30,31,0,1,25.7993
20260203115816.370,297.3690,,,30,31,0,1,25.7993
20260203115816.390,297.3801,,,30,31,0,1,25.7993
20260203115816.393,297.3912,,,30,31,0,1,25.7993
20260203115816.394,297.4023,,,30,31,0,1,25.7993
20260203115816.396,297.4134,,,30,31,0,1,25.7993
20260203115816.397,297.4245,,,30,31,0,1,25.7993
20260203115816.399,297.4356,,,30,31,0,1,25.7993
20260203115816.401,297.4467,,,30,31,0,1,25.7993
20260203115816.403,297.4578,,,30,31,0,1,25.7993
20260203115816.405,297.4689,,,30,31,0,1,25.7993
20260203115816.407,297.4800,,,30,31,0,1,25.7993
20260203115816.408,297.4911,,,30,31,0,1,25.7993
20260203115816.410,297.5022,,,30,31,0,1,25.7993
20260203115816.412,297.5133,,,30,31,0,1,25.7993
20260203115816.413,297.5244,,,30,31,0,1,25.7993
20260203115816.414,297.5355,,,30,31,0,1,25.7993
20260203115816.417,297.5466,,,30,31,0,1,25.7993
20260203115816.418,297.5577,,,30,31,0,1,25.7993
20260203115816.420,297.5688,,,30,31,0,1,25.7993
20260203115816.422,297.5799,,,30,31,0,1,25.7993
20260203115816.423,297.5910,,,30,31,0,1,25.7993
20260203115816.425,297.6021,,,30,31,0,1,25.7993
20260203115816.427,297.6132,,,30,31,0,1,25.7993
20260203115816.429,297.6243,,,30,31,0,1,25.7993
20260203115816.431,297.6354,,,30,31,0,1,25.7993
20260203115816.432,297.6465,,,30,31,0,1,25.7993
20260203115816.434,297.6576,,,30,31,0,1,25.7993
20260203115816.436,297.6687,,,30,31,0,1,25.7993
20260203115816.437,297.6798,,,30,31,0,1,25.7993
20260203115816.439,297.6909,,,30,31,0,1,25.7993
20260203115816.441,297.7020,,,30,31,0,1,25.7993
20260203115816.442,297.7131,,,30,31,0,1,25.7993
20260203115816.444,297.7242,,,30,31,0,1,25.7993
20260203115816.445,297.7353,,,30,31,0,1,25.7993
20260203115816.447,297.7464,,,30,31,0,1,25.7993
20260203115816.449,297.7575,,,30,31,0,1,25.7993
20260203115816.450,297.7686,,,30,31,0,1,25.7993
20260203115816.452,297.7797,,,30,31,0,1,25.7993
20260203115816.454,297.7908,,,30,31,0,1,25.7993
20260203115816.455,297.8019,,,30,31,0,1,25.7993
20260203115816.457,297.8130,,,30,31,0,1,25.7993
20260203115816.459,297.8241,,,30,31,0,1,25.7993
20260203115816.461,297.8352,,,30,31,0,1,25.7993
20260203115816.462,297.8463,,,30,31,0,1,25.7993
20260203115816.464,297.8574,,,30,31,0,1,25.7993
20260203115816.465,297.8685,,,30,31,0,1,25.7993
20260203115816.467,297.8796,,,30,31,0,1,25.7993
20260203115816.472,297.8907,,,30,31,0,1,25.7993
20260203115816.473,297.9018,,,30,31,0,1,25.7993
20260203115816.475,297.9129,,,30,31,0,1,25.7993
20260203115816.477,297.9240,,,30,31,0,1,25.7993
20260203115816.495,297.9351,,,30,31,0,1,25.7993
20260203115816.498,297.9462,,,30,31,0,1,25.7993
20260203115816.500,297.9573,,,30,31,0,1,25.7993
20260203115816.501,297.9684,,,30,31,0,1,25.7993
20260203115816.503,297.9795,,,30,31,0,1,25.7993
20260203115816.504,297.9906,,,30,31,0,1,25.7993
20260203115816.506,298.0017,,,30,31,0,1,25.7993
20260203115816.507,298.0128,,,30,31,0,1,25.7993
20260203115816.509,298.0239,,,30,31,0,1,25.7993
20260203115816.511,298.0350,,,30,31,0,1,25.7993
20260203115816.513,298.0461,,,30,31,0,1,25.7993
20260203115816.515,298.0572,,,30,31,0,1,25.7993
20260203115816.515,298.0683,,,30,31,0,1,25.7993
20260203115816.518,298.0794,,,30,31,0,1,25.7993
20260203115816.520,298.0905,,,30,31,0,1,25.7993
20260203115816.521,298.1016,,,30,31,0,1,25.7993
20260203115816.523,298.1127,,,30,31,0,1,25.7993
20260203115816.525,298.1238,,,30,31,0,1,25.7993
20260203115816.527,298.1349,,,30,31,0,1,25.7993
20260203115816.528,298.1460,,,30,31,0,1,25.7993
20260203115816.529,298.1571,,,30,31,0,1,25.7993
20260203115816.531,298.1682,,,30,31,0,1,25.7993
20260203115816.533,298.1793,,,30,31,0,1,25.7993
20260203115816.534,298.1904,,,30,31,0,1,25.7993
20260203115816.535,298.2015,,,30,31,0,1,25.7993
20260203115816.538,298.2126,,,30,31,0,1,25.7993
20260203115816.540,298.2237,,,30,31,0,1,25.7993
20260203115816.541,298.2348,,,30,31,0,1,25.7993
20260203115816.543,298.2459,,,30,31,0,1,25.7993
20260203115816.544,298.2570,,,30,31,0,1,25.7993
20260203115816.546,298.2681,,,30,31,0,1,25.7993
20260203115816.548,298.2792,,,30,31,0,1,25.7993
20260203115816.550,298.2903,,,30,31,0,1,25.7993
20260203115816.551,298.3014,,,30,31,0,1,25.7993
20260203115816.553,298.3125,,,30,31,0,1,25.7993
20260203115816.555,298.3236,,,30,31,0,1,25.7993
20260203115816.556,298.3347,,,30,31,0,1,25.7993
20260203115816.558,298.3458,,,30,31,0,1,25.7993
20260203115816.559,298.3569,,,30,31,0,1,25.7993
20260203115816.561,298.3680,,,30,31,0,1,25.7993
20260203115816.562,298.3791,,,30,31,0,1,25.7993
20260203115816.564,298.3902,,,30,31,0,1,25.7993
20260203115816.566,298.4013,,,30,31,0,1,25.7993
20260203115816.568,298.4124,,,30,31,0,1,25.7993
20260203115816.569,298.4235,,,30,31,0,1,25.7993
20260203115816.571,298.4346,,,30,31,0,1,25.7993
20260203115816.573,298.4457,,,30,31,0,1,25.7993
20260203115816.578,298.4568,,,30,31,0,1,25.7993
20260203115816.579,298.4679,,,30,31,0,1,25.7993
20260203115816.581,298.4790,,,30,31,0,1,25.7993
20260203115816.600,298.4901,,,30,31,0,1,25.7993
20260203115816.602,298.5012,,,30,31,0,1,25.7993
20260203115816.604,298.5123,,,30,31,0,1,25.7993
20260203115816.605,298.5234,,,30,31,0,1,25.7993
20260203115816.608,298.5345,,,30,31,0,1,25.7993
20260203115816.610,298.5456,,,30,31,0,1,25.7993
20260203115816.611,298.5567,,,30,31,0,1,25.7993
20260203115816.613,298.5678,,,30,31,0,1,25.7993
20260203115816.614,298.5789,,,30,31,0,1,25.7993
20260203115816.615,298.5900,,,30,31,0,1,25.7993
20260203115816.617,298.6011,,,30,31,0,1,25.7993
20260203115816.627,298.6122,,,30,31,0,1,25.7993
20260203115816.629,298.6233,,,30,31,0,1,25.7993
20260203115816.631,298.6344,,,30,31,0,1,25.7993
20260203115816.632,298.6455,,,30,31,0,1,25.7993
20260203115816.634,298.6566,,,30,31,0,1,25.7993
20260203115816.635,298.6677,,,30,31,0,1,25.7993
20260203115816.637,298.6788,,,30,31,0,1,25.7993
20260203115816.639,298.6899,,,30,31,0,1,25.7993
20260203115816.641,298.7010,,,30,31,0,1,25.7993
20260203115816.642,298.7121,,,30,31,0,1,25.7993
20260203115816.644,298.7232,,,30,31,0,1,25.7993
20260203115816.646,298.7343,,,30,31,0,1,25.7993
20260203115816.647,298.7454,,,30,31,0,1,25.7993
20260203115816.649,298.7565,,,30,31,0,1,25.7993
20260203115816.651,298.7676,,,30,31,0,1,25.7993
20260203115816.652,298.7787,,,30,31,0,1,25.7993
20260203115816.653,298.7898,,,30,31,0,1,25.7993
20260203115816.656,298.8009,,,30,31,0,1,25.7993
20260203115816.658,298.8120,,,30,31,0,1,25.7993
20260203115816.659,298.8231,,,30,31,0,1,25.7993
20260203115816.661,298.8342,,,30,31,0,1,25.7993
20260203115816.663,298.8453,,,30,31,0,1,25.7993
20260203115816.664,298.8564,,,30,31,0,1,25.7993
20260203115816.666,298.8675,,,30,31,0,1,25.7993
20260203115816.667,298.8786,,,30,31,0,1,25.7993
20260203115816.669,298.8897,,,30,31,0,1,25.7993
20260203115816.670,298.9008,,,30,31,0,1,25.7993
20260203115816.672,298.9119,,,30,31,0,1,25.7993
20260203115816.674,298.9230,,,30,31,0,1,25.7993
20260203115816.675,298.9341,,,30,31,0,1,25.7993
20260203115816.677,298.9452,,,30,31,0,1,25.7993
20260203115816.679,298.9563,,,30,31,0,1,25.7993
20260203115816.680,298.9674,,,30,31,0,1,25.7993
20260203115816.682,298.9785,,,30,31,0,1,25.7993
20260203115816.683,298.9896,,,30,31,0,1,25.7993
20260203115816.685,299.0007,,,30,31,0,1,25.7993
20260203115816.690,299.0118,,,30,31,0,1,25.7993
20260203115816.692,299.0229,,,30,31,0,1,25.7993
20260203115816.694,299.0340,,,30,31,0,1,25.7993
20260203115816.711,299.0451,,,30,31,0,1,25.7993
20260203115816.713,299.0562,,,30,31,0,1,25.7993
20260203115816.715,299.0673,,,30,31,0,1,25.7993
20260203115816.717,299.0784,,,30,31,0,1,25.7993
20260203115816.718,299.0895,,,30,31,0,1,25.7993
20260203115816.720,299.1006,,,30,31,0,1,25.7993
20260203115816.721,299.1117,,,30,31,0,1,25.7993
20260203115816.723,299.1228,,,30,31,0,1,25.7993
20260203115816.724,299.1339,,,30,31,0,1,25.7993
20260203115816.725,299.1450,,,30,31,0,1,25.7993
20260203115816.728,299.1561,,,30,31,0,1,25.7993
20260203115816.729,299.1672,,,30,31,0,1,25.7993
20260203115816.731,299.1783,,,30,31,0,1,25.7993
20260203115816.733,299.1894,,,30,31,0,1,25.7993
20260203115816.735,299.2005,,,30,31,0,1,25.7993
20260203115816.736,299.2116,,,30,31,0,1,25.7993
20260203115816.738,299.2227,,,30,31,0,1,25.7993
20260203115816.740,299.2338,,,30,31,0,1,25.7993
20260203115816.741,299.2449,,,30,31,0,1,25.7993
20260203115816.743,299.2560,,,30,31,0,1,25.7993
20260203115816.744,299.2671,,,30,31,0,1,25.7993
20260203115816.745,299.2782,,,30,31,0,1,25.7993
20260203115816.748,299.2893,,,30,31,0,1,25.7993
20260203115816.749,299.3004,,,30,31,0,1,25.7993
20260203115816.751,299.3115,,,30,31,0,1,25.7993
20260203115816.752,299.3226,,,30,31,0,1,25.7993
20260203115816.754,299.3337,,,30,31,0,1,25.7993
20260203115816.756,299.3448,,,30,31,0,1,25.7993
20260203115816.757,299.3559,,,30,31,0,1,25.7993
20260203115816.759,299.3670,,,30,31,0,1,25.7993
20260203115816.761,299.3781,,,30,31,0,1,25.7993
20260203115816.762,299.3892,,,30,31,0,1,25.7993
20260203115816.764,299.4003,,,30,31,0,1,25.7993
20260203115816.765,299.4114,,,30,31,0,1,25.7993
20260203115816.768,299.4225,,,30,31,0,1,25.7993
20260203115816.769,299.4336,,,30,31,0,1,25.7993
20260203115816.770,299.4447,,,30,31,0,1,25.7993
20260203115816.773,299.4558,,,30,31,0,1,25.7993
20260203115816.774,299.4669,,,30,31,0,1,25.7993
20260203115816.776,299.4780,,,30,31,0,1,25.7993
20260203115816.778,299.4891,,,30,31,0,1,25.7993
20260203115816.779,299.5002,,,30,31,0,1,25.7993
20260203115816.781,299.5113,,,30,31,0,1,25.7993
20260203115816.783,299.5224,,,30,31,0,1,25.7993
20260203115816.784,299.5335,,,30,31,0,1,25.7993
20260203115816.785,299.5446,,,30,31,0,1,25.7993
20260203115816.788,299.5557,,,30,31,0,1,25.7993
20260203115816.792,299.5668,,,30,31,0,1,25.7993
20260203115816.794,299.5779,,,30,31,0,1,25.7993
20260203115816.796,299.5890,,,30,31,0,1,25.7993
20260203115816.816,299.6001,,,30,31,0,1,25.7993
20260203115816.817,299.6112,,,30,31,0,1,25.7993
20260203115816.819,299.6223,,,30,31,0,1,25.7993
20260203115816.821,299.6334,,,30,31,0,1,25.7993
20260203115816.822,299.6445,,,30,31,0,1,25.7993
20260203115816.824,299.6556,,,30,31,0,1,25.7993
20260203115816.825,299.6667,,,30,31,0,1,25.7993
20260203115816.828,299.6778,,,30,31,0,1,25.7993
20260203115816.829,299.6889,,,30,31,0,1,25.7993
20260203115816.831,299.7000,,,30,31,0,1,25.7993
20260203115816.833,299.7111,,,30,31,0,1,25.7993
20260203115816.835,299.7222,,,30,31,0,1,25.7993
20260203115816.836,299.7333,,,30,31,0,1,25.7993
20260203115816.838,299.7444,,,30,31,0,1,25.7993
20260203115816.839,299.7555,,,30,31,0,1,25.7993
20260203115816.841,299.7666,,,30,31,0,1,25.7993
20260203115816.843,299.7777,,,30,31,0,1,25.7993
20260203115816.845,299.7888,,,30,31,0,1,25.7993
20260203115816.846,299.7999,,,30,31,0,1,25.7993
20260203115816.847,299.8110,,,30,31,0,1,25.7993
20260203115816.849,299.8221,,,30,31,0,1,25.7993
20260203115816.850,299.8332,,,30,31,0,1,25.7993
20260203115816.853,299.8443,,,30,31,0,1,25.7993
20260203115816.854,299.8554,,,30,31,0,1,25.7993
20260203115816.856,299.8665,,,30,31,0,1,25.7993
20260203115816.858,299.8776,,,30,31,0,1,25.7993
20260203115816.859,299.8887,,,30,31,0,1,25.7993
20260203115816.861,299.8998,,,30,31,0,1,25.7993
20260203115816.863,299.9109,,,30,31,0,1,25.7993
20260203115816.864,299.9220,,,30,31,0,1,25.7993
20260203115816.866,299.9331,,,30,31,0,1,25.7993
20260203115816.867,299.9442,,,30,31,0,1,25.7993
20260203115816.869,299.9553,,,30,31,0,1,25.7993
20260203115816.871,299.9664,,,30,31,0,1,25.7993
20260203115816.873,299.9775,,,30,31,0,1,25.7993
20260203115816.875,299.9886,,,30,31,0,1,25.7993
20260203115816.876,299.9997,,,30,31,0,1,25.7993
20260203115816.878,300.0108,,,30,31,0,1,25.7993
20260203115816.879,300.0219,,,30,31,0,1,25.7993
20260203115816.881,300.0330,,,30,31,0,1,25.7993
20260203115816.882,300.0441,,,30,31,0,1,25.7993
20260203115816.885,300.0552,,,30,31,0,1,25.7993
20260203115816.886,300.0663,,,30,31,0,1,25.7993
20260203115816.887,300.0774,,,30,31,0,1,25.7993
20260203115816.889,300.0885,,,30,31,0,1,25.7993
20260203115816.891,300.0996,,,30,31,0,1,25.7993
20260203115816.893,300.1107,,,30,31,0,1,25.7993
20260203115816.897,300.1218,,,30,31,0,1,25.7993
20260203115816.900,300.1329,,,30,31,0,1,25.7993
20260203115816.902,300.1440,,,30,31,0,1,25.7993
20260203115816.919,300.1551,,,30,31,0,1,25.7993
20260203115816.921,300.1662,,,30,31,0,1,25.7993
20260203115816.923,300.1773,,,30,31,0,1,25.7993
20260203115816.925,300.1884,,,30,31,0,1,25.7993
20260203115816.926,300.1995,,,30,31,0,1,25.7993
20260203115816.928,300.2106,,,30,31,0,1,25.7993
20260203115816.929,300.2217,,,30,31,0,1,25.7993
20260203115816.931,300.2328,,,30,31,0,1,25.7993
20260203115816.933,300.2439,,,30,31,0,1,25.7993
20260203115816.934,300.2550,,,30,31,0,1,25.7993
20260203115816.935,300.2661,,,30,31,0,1,25.7993
20260203115816.938,300.2772,,,30,31,0,1,25.7993
20260203115816.940,300.2883,,,30,31,0,1,25.7993
20260203115816.941,300.2994,,,30,31,0,1,25.7993
20260203115816.943,300.3105,,,30,31,0,1,25.7993
20260203115816.945,300.3216,,,30,31,0,1,25.7993
20260203115816.945,300.3327,,,30,31,0,1,25.7993
20260203115816.948,300.3438,,,30,31,0,1,25.7993
20260203115816.949,300.3549,,,30,31,0,1,25.7993
20260203115816.950,300.3660,,,30,31,0,1,25.7993
20260203115816.953,300.3771,,,30,31,0,1,25.7993
20260203115816.954,300.3882,,,30,31,0,1,25.7993
20260203115816.956,300.3993,,,30,31,0,1,25.7993
20260203115816.957,300.4104,,,30,31,0,1,25.7993
20260203115816.959,300.4215,,,30,31,0,1,25.7993
20260203115816.960,300.4326,,,30,31,0,1,25.7993
20260203115816.962,300.4437,,,30,31,0,1,25.7993
20260203115816.964,300.4548,,,30,31,0,1,25.7993
20260203115816.965,300.4659,,,30,31,0,1,25.7993
20260203115816.968,300.4770,,,30,31,0,1,25.7993
20260203115816.969,300.4881,,,30,31,0,1,25.7993
20260203115816.971,300.4992,,,30,31,0,1,25.7993
20260203115816.972,300.5103,,,30,31,0,1,25.7993
20260203115816.974,300.5214,,,30,31,0,1,25.7993
20260203115816.976,300.5325,,,30,31,0,1,25.7993
20260203115816.977,300.5436,,,30,31,0,1,25.7993
20260203115816.979,300.5547,,,30,31,0,1,25.7993
20260203115816.981,300.5658,,,30,31,0,1,25.7993
20260203115816.982,300.5769,,,30,31,0,1,25.7993
20260203115816.984,300.5880,,,30,31,0,1,25.7993
20260203115816.986,300.5991,,,30,31,0,1,25.7993
20260203115816.987,300.6102,,,30,31,0,1,25.7993
20260203115816.989,300.6213,,,30,31,0,1,25.7993
20260203115816.991,300.6324,,,30,31,0,1,25.7993
20260203115816.993,300.6435,,,30,31,0,1,25.7993
20260203115816.994,300.6546,,,30,31,0,1,25.7993
20260203115816.995,300.6657,,,30,31,0,1,25.7993
20260203115817.001,300.6768,,,30,31,0,1,25.7993
20260203115817.003,300.6879,,,30,31,0,1,25.7993
20260203115817.004,300.6990,,,30,31,0,1,25.7993
20260203115817.023,300.7101,,,30,31,0,1,25.7993
20260203115817.025,300.7212,,,30,31,0,1,25.7993
20260203115817.027,300.7323,,,30,31,0,1,25.7993
20260203115817.029,300.7434,,,30,31,0,1,25.7993
20260203115817.030,300.7545,,,30,31,0,1,25.7993
20260203115817.031,300.7656,,,30,31,0,1,25.7993
20260203115817.032,300.7767,,,30,31,0,1,25.7993
20260203115817.035,300.7878,,,30,31,0,1,25.7993
20260203115817.037,300.7989,,,30,31,0,1,25.7993
20260203115817.038,300.8100,,,30,31,0,1,25.7993
20260203115817.040,300.8211,,,30,31,0,1,25.7993
20260203115817.042,300.8322,,,30,31,0,1,25.7993
20260203115817.043,300.8433,,,30,31,0,1,25.7993
20260203115817.045,300.8544,,,30,31,0,1,25.7993
20260203115817.047,300.8655,,,30,31,0,1,25.7993
20260203115817.048,300.8766,,,30,31,0,1,25.7993
20260203115817.050,300.8877,,,30,31,0,1,25.7993
20260203115817.052,300.8988,,,30,31,0,1,25.7993
20260203115817.053,300.9099,,,30,31,0,1,25.7993
20260203115817.055,300.9210,,,30,31,0,1,25.7993
20260203115817.057,300.9321,,,30,31,0,1,25.7993
20260203115817.058,300.9432,,,30,31,0,1,25.7993
20260203115817.060,300.9543,,,30,31,0,1,25.7993
20260203115817.062,300.9654,,,30,31,0,1,25.7993
20260203115817.063,300.9765,,,30,31,0,1,25.7993
20260203115817.065,300.9876,,,30,31,0,1,25.7993
20260203115817.067,300.9987,,,30,31,0,1,25.7993
20260203115817.068,301.0098,,,30,31,0,1,25.7993
20260203115817.070,301.0209,,,30,31,0,1,25.7993
20260203115817.072,301.0320,,,30,31,0,1,25.7993
20260203115817.074,301.0431,,,30,31,0,1,25.7993
20260203115817.075,301.0542,,,30,31,0,1,25.7993
20260203115817.077,301.0653,,,30,31,0,1,25.7993
20260203115817.078,301.0764,,,30,31,0,1,25.7993
20260203115817.080,301.0875,,,30,31,0,1,25.7993
20260203115817.082,301.0986,,,30,31,0,1,25.7993
20260203115817.083,301.1097,,,30,31,0,1,25.7993
20260203115817.085,301.1208,,,30,31,0,1,25.7993
20260203115817.087,301.1319,,,30,31,0,1,25.7993
20260203115817.088,301.1430,,,30,31,0,1,25.7993
20260203115817.090,301.1541,,,30,31,0,1,25.7993
20260203115817.092,301.1652,,,30,31,0,1,25.7993
20260203115817.093,301.1763,,,30,31,0,1,25.7993
20260203115817.095,301.1874,,,30,31,0,1,25.7993
20260203115817.097,301.1985,,,30,31,0,1,25.7993
20260203115817.098,301.2096,,,30,31,0,1,25.7993
20260203115817.100,301.2207,,,30,31,0,1,25.7993
20260203115817.105,301.2318,,,30,31,0,1,25.7993
20260203115817.107,301.2429,,,30,31,0,1,25.7993
20260203115817.109,301.2540,,,30,31,0,1,25.7993
20260203115817.128,301.2651,,,30,31,0,1,25.7993
20260203115817.130,301.2762,,,30,31,0,1,25.7993
20260203115817.131,301.2873,,,30,31,0,1,25.7993
20260203115817.133,301.2984,,,30,31,0,1,25.7993
20260203115817.135,301.3095,,,30,31,0,1,25.7993
20260203115817.136,301.3206,,,30,31,0,1,25.7993
20260203115817.137,301.3317,,,30,31,0,1,25.7993
20260203115817.139,301.3428,,,30,31,0,1,25.7993
20260203115817.140,301.3539,,,30,31,0,1,25.7993
20260203115817.142,301.3650,,,30,31,0,1,25.7993
20260203115817.144,301.3761,,,30,31,0,1,25.7993
20260203115817.146,301.3872,,,30,31,0,1,25.7993
20260203115817.148,301.3983,,,30,31,0,1,25.7993
20260203115817.149,301.4094,,,30,31,0,1,25.7993
20260203115817.151,301.4205,,,30,31,0,1,25.7993
20260203115817.153,301.4316,,,30,31,0,1,25.7993
20260203115817.154,301.4427,,,30,31,0,1,25.7993
20260203115817.156,301.4538,,,30,31,0,1,25.7993
20260203115817.157,301.4649,,,30,31,0,1,25.7993
20260203115817.159,301.4760,,,30,31,0,1,25.7993
20260203115817.161,301.4871,,,30,31,0,1,25.7993
20260203115817.162,301.4982,,,30,31,0,1,25.7993
20260203115817.164,301.5093,,,30,31,0,1,25.7993
20260203115817.166,301.5204,,,30,31,0,1,25.7993
20260203115817.168,301.5315,,,30,31,0,1,25.7993
20260203115817.169,301.5426,,,30,31,0,1,25.7993
20260203115817.172,301.5537,,,30,31,0,1,25.7993
20260203115817.173,301.5648,,,30,31,0,1,25.7993
20260203115817.175,301.5759,,,30,31,0,1,25.7993
20260203115817.176,301.5870,,,30,31,0,1,25.7993
20260203115817.178,301.5981,,,30,31,0,1,25.7993
20260203115817.179,301.6092,,,30,31,0,1,25.7993
20260203115817.185,301.6203,,,30,31,0,1,25.7993
20260203115817.188,301.6314,,,30,31,0,1,25.7993
20260203115817.189,301.6425,,,30,31,0,1,25.7993
20260203115817.191,301.6536,,,30,31,0,1,25.7993
20260203115817.193,301.6647,,,30,31,0,1,25.7993
20260203115817.194,301.6758,,,30,31,0,1,25.7993
20260203115817.196,301.6869,,,30,31,0,1,25.7993
20260203115817.197,301.6980,,,30,31,0,1,25.7993
20260203115817.199,301.7091,,,30,31,0,1,25.7993
20260203115817.201,301.7202,,,30,31,0,1,25.7993
20260203115817.202,301.7313,,,30,31,0,1,25.7993
20260203115817.204,301.7424,,,30,31,0,1,25.7993
20260203115817.206,301.7535,,,30,31,0,1,25.7993
20260203115817.208,301.7646,,,30,31,0,1,25.7993
20260203115817.209,301.7757,,,30,31,0,1,25.7993
20260203115817.214,301.7868,,,30,31,0,1,25.7993
20260203115817.216,301.7979,,,30,31,0,1,25.7993
20260203115817.219,301.8090,,,30,31,0,1,25.7993
20260203115817.237,301.8201,,,30,31,0,1,25.7993
20260203115817.242,301.8312,,,30,31,0,1,25.7993
20260203115817.246,301.8423,,,30,31,0,1,25.7993
20260203115817.249,301.8534,,,30,31,0,1,25.7993
20260203115817.254,301.8645,,,30,31,0,1,25.7993
20260203115817.257,301.8756,,,30,31,0,1,25.7993
20260203115817.261,301.8867,,,30,31,0,1,25.7993
20260203115817.266,301.8978,,,30,31,0,1,25.7993
20260203115817.271,301.9089,,,30,31,0,1,25.7993
20260203115817.273,301.9200,,,30,31,0,1,25.7993
20260203115817.275,301.9311,,,30,31,0,1,25.7993
20260203115817.281,301.9422,,,30,31,0,1,25.7993
20260203115817.282,301.9533,,,30,31,0,1,25.7993
20260203115817.284,301.9644,,,30,31,0,1,25.7993
20260203115817.286,301.9755,,,30,31,0,1,25.7993
20260203115817.287,301.9866,,,30,31,0,1,25.7993
20260203115817.289,301.9977,,,30,31,0,1,25.7993
20260203115817.291,302.0088,,,30,31,0,1,25.7993
20260203115817.292,302.0199,,,30,31,0,1,25.7993
20260203115817.294,302.0310,,,30,31,0,1,25.7993
20260203115817.296,302.0421,,,30,31,0,1,25.7993
20260203115817.298,302.0532,,,30,31,0,1,25.7993
20260203115817.299,302.0643,,,30,31,0,1,25.7993
20260203115817.301,302.0754,,,30,31,0,1,25.7993
20260203115817.303,302.0865,,,30,31,0,1,25.7993
20260203115817.304,302.0976,,,30,31,0,1,25.7993
20260203115817.306,302.1087,,,30,31,0,1,25.7993
20260203115817.308,302.1198,,,30,31,0,1,25.7993
20260203115817.309,302.1309,,,30,31,0,1,25.7993
20260203115817.311,302.1420,,,30,31,0,1,25.7993
20260203115817.312,302.1531,,,30,31,0,1,25.7993
20260203115817.314,302.1642,,,30,31,0,1,25.7993
20260203115817.316,302.1753,,,30,31,0,1,25.7993
20260203115817.317,302.1864,,,30,31,0,1,25.7993
20260203115817.319,302.1975,,,30,31,0,1,25.7993
20260203115817.320,302.2086,,,30,31,0,1,25.7993
20260203115817.322,302.2197,,,30,31,0,1,25.7993
20260203115817.324,302.2308,,,30,31,0,1,25.7993
20260203115817.325,302.2419,,,30,31,0,1,25.7993
20260203115817.328,302.2530,,,30,31,0,1,25.7993
20260203115817.329,302.2641,,,30,31,0,1,25.7993
20260203115817.331,302.2752,,,30,31,0,1,25.7993
20260203115817.333,302.2863,,,30,31,0,1,25.7993
20260203115817.334,302.2974,,,30,31,0,1,25.7993
20260203115817.335,302.3085,,,30,31,0,1,25.7993
20260203115817.337,302.3196,,,30,31,0,1,25.7993
20260203115817.339,302.3307,,,30,31,0,1,25.7993
20260203115817.340,302.3418,,,30,31,0,1,25.7993
20260203115817.342,302.3529,,,30,31,0,1,25.7993
20260203115817.344,302.3640,,,30,31,0,1,25.7993
20260203115817.355,302.3751,,,30,31,0,1,25.7993
20260203115817.356,302.3862,,,30,31,0,1,25.7993
20260203115817.358,302.3973,,,30,31,0,1,25.7993
20260203115817.360,302.4084,,,30,31,0,1,25.7993
20260203115817.362,302.4195,,,30,31,0,1,25.7993
20260203115817.363,302.4306,,,30,31,0,1,25.7993
20260203115817.365,302.4417,,,30,31,0,1,25.7993
20260203115817.367,302.4528,,,30,31,0,1,25.7993
20260203115817.371,302.4639,,,30,31,0,1,25.7993
20260203115817.373,302.4750,,,30,31,0,1,25.7993
20260203115817.375,302.4861,,,30,31,0,1,25.7993
20260203115817.376,302.4972,,,30,31,0,1,25.7993
20260203115817.379,302.5083,,,30,31,0,1,25.7993
20260203115817.387,302.5194,,,30,31,0,1,25.7993
20260203115817.388,302.5305,,,30,31,0,1,25.7993
20260203115817.389,302.5416,,,30,31,0,1,25.7993
20260203115817.391,302.5527,,,30,31,0,1,25.7993
20260203115817.393,302.5638,,,30,31,0,1,25.7993
20260203115817.394,302.5749,,,30,31,0,1,25.7993
20260203115817.397,302.5860,,,30,31,0,1,25.7993
20260203115817.398,302.5971,,,30,31,0,1,25.7993
20260203115817.400,302.6082,,,30,31,0,1,25.7993
20260203115817.402,302.6193,,,30,31,0,1,25.7993
20260203115817.403,302.6304,,,30,31,0,1,25.7993
20260203115817.405,302.6415,,,30,31,0,1,25.7993
20260203115817.406,302.6526,,,30,31,0,1,25.7993
20260203115817.408,302.6637,,,30,31,0,1,25.7993
20260203115817.409,302.6748,,,30,31,0,1,25.7993
20260203115817.411,302.6859,,,30,31,0,1,25.7993
20260203115817.412,302.6970,,,30,31,0,1,25.7993
20260203115817.414,302.7081,,,30,31,0,1,25.7993
20260203115817.417,302.7192,,,30,31,0,1,25.7993
20260203115817.418,302.7303,,,30,31,0,1,25.7993
20260203115817.420,302.7414,,,30,31,0,1,25.7993
20260203115817.422,302.7525,,,30,31,0,1,25.7993
20260203115817.423,302.7636,,,30,31,0,1,25.7993
20260203115817.425,302.7747,,,30,31,0,1,25.7993
20260203115817.427,302.7858,,,30,31,0,1,25.7993
20260203115817.428,302.7969,,,30,31,0,1,25.7993
20260203115817.430,302.8080,,,30,31,0,1,25.7993
20260203115817.432,302.8191,,,30,31,0,1,25.7993
20260203115817.433,302.8302,,,30,31,0,1,25.7993
20260203115817.435,302.8413,,,30,31,0,1,25.7993
20260203115817.437,302.8524,,,30,31,0,1,25.7993
20260203115817.438,302.8635,,,30,31,0,1,25.7993
20260203115817.439,302.8746,,,30,31,0,1,25.7993
20260203115817.441,302.8857,,,30,31,0,1,25.7993
20260203115817.443,302.8968,,,30,31,0,1,25.7993
20260203115817.444,302.9079,,,30,31,0,1,25.7993
20260203115817.446,302.9190,,,30,31,0,1,25.7993
20260203115817.457,302.9301,,,30,31,0,1,25.7993
20260203115817.459,302.9412,,,30,31,0,1,25.7993
20260203115817.461,302.9523,,,30,31,0,1,25.7993
20260203115817.463,302.9634,,,30,31,0,1,25.7993
20260203115817.464,302.9745,,,30,31,0,1,25.7993
20260203115817.465,302.9856,,,30,31,0,1,25.7993
20260203115817.468,302.9967,,,30,31,0,1,25.7993
20260203115817.469,303.0078,,,30,31,0,1,25.7993
20260203115817.471,303.0189,,,30,31,0,1,25.7993
20260203115817.473,303.0300,,,30,31,0,1,25.7993
20260203115817.477,303.0411,,,30,31,0,1,25.7993
20260203115817.478,303.0522,,,30,31,0,1,25.7993
20260203115817.480,303.0633,,,30,31,0,1,25.7993
20260203115817.482,303.0744,,,30,31,0,1,25.7993
20260203115817.484,303.0855,,,30,31,0,1,25.7993
20260203115817.493,303.0966,,,30,31,0,1,25.7993
20260203115817.495,303.1077,,,30,31,0,1,25.7993
20260203115817.497,303.1188,,,30,31,0,1,25.7993
20260203115817.498,303.1299,,,30,31,0,1,25.7993
20260203115817.500,303.1410,,,30,31,0,1,25.7993
20260203115817.501,303.1521,,,30,31,0,1,25.7993
20260203115817.503,303.1632,,,30,31,0,1,25.7993
20260203115817.505,303.1743,,,30,31,0,1,25.7993
20260203115817.507,303.1854,,,30,31,0,1,25.7993
20260203115817.508,303.1965,,,30,31,0,1,25.7993
20260203115817.510,303.2076,,,30,31,0,1,25.7993
20260203115817.512,303.2187,,,30,31,0,1,25.7993
20260203115817.513,303.2298,,,30,31,0,1,25.7993
20260203115817.514,303.2409,,,30,31,0,1,25.7993
20260203115817.517,303.2520,,,30,31,0,1,25.7993
20260203115817.518,303.2631,,,30,31,0,1,25.7993
20260203115817.520,303.2742,,,30,31,0,1,25.7993
20260203115817.522,303.2853,,,30,31,0,1,25.7993
20260203115817.523,303.2964,,,30,31,0,1,25.7993
20260203115817.524,303.3075,,,30,31,0,1,25.7993
20260203115817.527,303.3186,,,30,31,0,1,25.7993
20260203115817.528,303.3297,,,30,31,0,1,25.7993
20260203115817.530,303.3408,,,30,31,0,1,25.7993
20260203115817.531,303.3519,,,30,31,0,1,25.7993
20260203115817.533,303.3630,,,30,31,0,1,25.7993
20260203115817.535,303.3741,,,30,31,0,1,25.7993
20260203115817.537,303.3852,,,30,31,0,1,25.7993
20260203115817.538,303.3963,,,30,31,0,1,25.7993
20260203115817.540,303.4074,,,30,31,0,1,25.7993
20260203115817.542,303.4185,,,30,31,0,1,25.7993
20260203115817.543,303.4296,,,30,31,0,1,25.7993
20260203115817.545,303.4407,,,30,31,0,1,25.7993
20260203115817.547,303.4518,,,30,31,0,1,25.7993
20260203115817.548,303.4629,,,30,31,0,1,25.7993
20260203115817.549,303.4740,,,30,31,0,1,25.7993
20260203115817.561,303.4851,,,30,31,0,1,25.7993
20260203115817.563,303.4962,,,30,31,0,1,25.7993
20260203115817.564,303.5073,,,30,31,0,1,25.7993
20260203115817.566,303.5184,,,30,31,0,1,25.7993
20260203115817.567,303.5295,,,30,31,0,1,25.7993
20260203115817.569,303.5406,,,30,31,0,1,25.7993
20260203115817.571,303.5517,,,30,31,0,1,25.7993
20260203115817.572,303.5628,,,30,31,0,1,25.7993
20260203115817.574,303.5739,,,30,31,0,1,25.7993
20260203115817.576,303.5850,,,30,31,0,1,25.7993
20260203115817.577,303.5961,,,30,31,0,1,25.7993
20260203115817.578,303.6072,,,30,31,0,1,25.7993
20260203115817.580,303.6183,,,30,31,0,1,25.7993
20260203115817.585,303.6294,,,30,31,0,1,25.7993
20260203115817.587,303.6405,,,30,31,0,1,25.7993
20260203115817.589,303.6516,,,30,31,0,1,25.7993
20260203115817.591,303.6627,,,30,31,0,1,25.7993
20260203115817.594,303.6738,,,30,31,0,1,25.7993
20260203115817.600,303.6849,,,30,31,0,1,25.7993
20260203115817.602,303.6960,,,30,31,0,1,25.7993
20260203115817.604,303.7071,,,30,31,0,1,25.7993
20260203115817.605,303.7182,,,30,31,0,1,25.7993
20260203115817.608,303.7293,,,30,31,0,1,25.7993
20260203115817.609,303.7404,,,30,31,0,1,25.7993
20260203115817.611,303.7515,,,30,31,0,1,25.7993
20260203115817.613,303.7626,,,30,31,0,1,25.7993
20260203115817.614,303.7737,,,30,31,0,1,25.7993
20260203115817.615,303.7848,,,30,31,0,1,25.7993
20260203115817.617,303.7959,,,30,31,0,1,25.7993
20260203115817.619,303.8070,,,30,31,0,1,25.7993
20260203115817.621,303.8181,,,30,31,0,1,25.7993
20260203115817.622,303.8292,,,30,31,0,1,25.7993
20260203115817.624,303.8403,,,30,31,0,1,25.7993
20260203115817.625,303.8514,,,30,31,0,1,25.7993
20260203115817.628,303.8625,,,30,31,0,1,25.7993
20260203115817.630,303.8736,,,30,31,0,1,25.7993
20260203115817.631,303.8847,,,30,31,0,1,25.7993
20260203115817.633,303.8958,,,30,31,0,1,25.7993
20260203115817.634,303.9069,,,30,31,0,1,25.7993
20260203115817.636,303.9180,,,30,31,0,1,25.7993
20260203115817.637,303.9291,,,30,31,0,1,25.7993
20260203115817.639,303.9402,,,30,31,0,1,25.7993
20260203115817.641,303.9513,,,30,31,0,1,25.7993
20260203115817.642,303.9624,,,30,31,0,1,25.7993
20260203115817.644,303.9735,,,30,31,0,1,25.7993
20260203115817.645,303.9846,,,30,31,0,1,25.7993
20260203115817.648,303.9957,,,30,31,0,1,25.7993
20260203115817.649,304.0068,,,30,31,0,1,25.7993
20260203115817.650,304.0179,,,30,31,0,1,25.7993
20260203115817.652,304.0290,,,30,31,0,1,25.7993
20260203115817.665,304.0401,,,30,31,0,1,25.7993
20260203115817.668,304.0512,,,30,31,0,1,25.7993
20260203115817.670,304.0623,,,30,31,0,1,25.7993
20260203115817.672,304.0734,,,30,31,0,1,25.7993
20260203115817.674,304.0845,,,30,31,0,1,25.7993
20260203115817.675,304.0956,,,30,31,0,1,25.7993
20260203115817.677,304.1067,,,30,31,0,1,25.7993
20260203115817.678,304.1178,,,30,31,0,1,25.7993
20260203115817.680,304.1289,,,30,31,0,1,25.7993
20260203115817.682,304.1400,,,30,31,0,1,25.7993
20260203115817.683,304.1511,,,30,31,0,1,25.7993
20260203115817.685,304.1622,,,30,31,0,1,25.7993
20260203115817.687,304.1733,,,30,31,0,1,25.7993
20260203115817.689,304.1844,,,30,31,0,1,25.7993
20260203115817.691,304.1955,,,30,31,0,1,25.7993
20260203115817.695,304.2066,,,30,31,0,1,25.7993
20260203115817.697,304.2177,,,30,31,0,1,25.7993
20260203115817.698,304.2288,,,30,31,0,1,25.7993
20260203115817.700,304.2399,,,30,31,0,1,25.7993
20260203115817.703,304.2510,,,30,31,0,1,25.7993
20260203115817.707,304.2621,,,30,31,0,1,25.7993
20260203115817.713,304.2732,,,30,31,0,1,25.7993
20260203115817.714,304.2843,,,30,31,0,1,25.7993
20260203115817.715,304.2954,,,30,31,0,1,25.7993
20260203115817.718,304.3065,,,30,31,0,1,25.7993
20260203115817.719,304.3176,,,30,31,0,1,25.7993
20260203115817.721,304.3287,,,30,31,0,1,25.7993
20260203115817.722,304.3398,,,30,31,0,1,25.7993
20260203115817.725,304.3509,,,30,31,0,1,25.7993
20260203115817.726,304.3620,,,30,31,0,1,25.7993
20260203115817.728,304.3731,,,30,31,0,1,25.7993
20260203115817.729,304.3842,,,30,31,0,1,25.7993
20260203115817.731,304.3953,,,30,31,0,1,25.7993
20260203115817.733,304.4064,,,30,31,0,1,25.7993
20260203115817.734,304.4175,,,30,31,0,1,25.7993
20260203115817.736,304.4286,,,30,31,0,1,25.7993
20260203115817.737,304.4397,,,30,31,0,1,25.7993
20260203115817.739,304.4508,,,30,31,0,1,25.7993
20260203115817.741,304.4619,,,30,31,0,1,25.7993
20260203115817.742,304.4730,,,30,31,0,1,25.7993
20260203115817.744,304.4841,,,30,31,0,1,25.7993
20260203115817.745,304.4952,,,30,31,0,1,25.7993
20260203115817.748,304.5063,,,30,31,0,1,25.7993
20260203115817.749,304.5174,,,30,31,0,1,25.7993
20260203115817.751,304.5285,,,30,31,0,1,25.7993
20260203115817.752,304.5396,,,30,31,0,1,25.7993
20260203115817.754,304.5507,,,30,31,0,1,25.7993
20260203115817.755,304.5618,,,30,31,0,1,25.7993
20260203115817.757,304.5729,,,30,31,0,1,25.7993
20260203115817.759,304.5840,,,30,31,0,1,25.7993
20260203115817.774,304.5951,,,30,31,0,1,25.7993
20260203115817.777,304.6062,,,30,31,0,1,25.7993
20260203115817.778,304.6173,,,30,31,0,1,25.7993
20260203115817.780,304.6284,,,30,31,0,1,25.7993
20260203115817.782,304.6395,,,30,31,0,1,25.7993
20260203115817.783,304.6506,,,30,31,0,1,25.7993
20260203115817.785,304.6617,,,30,31,0,1,25.7993
20260203115817.787,304.6728,,,30,31,0,1,25.7993
20260203115817.788,304.6839,,,30,31,0,1,25.7993
20260203115817.790,304.6950,,,30,31,0,1,25.7993
20260203115817.791,304.7061,,,30,31,0,1,25.7993
20260203115817.793,304.7172,,,30,31,0,1,25.7993
20260203115817.795,304.7283,,,30,31,0,1,25.7993
20260203115817.797,304.7394,,,30,31,0,1,25.7993
20260203115817.798,304.7505,,,30,31,0,1,25.7993
20260203115817.800,304.7616,,,30,31,0,1,25.7993
20260203115817.801,304.7727,,,30,31,0,1,25.7993
20260203115817.803,304.7838,,,30,31,0,1,25.7993
20260203115817.805,304.7949,,,30,31,0,1,25.7993
20260203115817.810,304.8060,,,30,31,0,1,25.7993
20260203115817.812,304.8171,,,30,31,0,1,25.7993
20260203115817.813,304.8282,,,30,31,0,1,25.7993
20260203115817.815,304.8393,,,30,31,0,1,25.7993
20260203115817.817,304.8504,,,30,31,0,1,25.7993
20260203115817.820,304.8615,,,30,31,0,1,25.7993
20260203115817.824,304.8726,,,30,31,0,1,25.7993
20260203115817.830,304.8837,,,30,31,0,1,25.7993
20260203115817.832,304.8948,,,30,31,0,1,25.7993
20260203115817.834,304.9059,,,30,31,0,1,25.7993
20260203115817.835,304.9170,,,30,31,0,1,25.7993
20260203115817.837,304.9281,,,30,31,0,1,25.7993
20260203115817.838,304.9392,,,30,31,0,1,25.7993
20260203115817.841,304.9503,,,30,31,0,1,25.7993
20260203115817.842,304.9614,,,30,31,0,1,25.7993
20260203115817.843,304.9725,,,30,31,0,1,25.7993
20260203115817.845,304.9836,,,30,31,0,1,25.7993
20260203115817.848,304.9947,,,30,31,0,1,25.7993
20260203115817.849,305.0058,,,30,31,0,1,25.7993
20260203115817.851,305.0169,,,30,31,0,1,25.7993
20260203115817.853,305.0280,,,30,31,0,1,25.7993
20260203115817.854,305.0391,,,30,31,0,1,25.7993
20260203115817.855,305.0502,,,30,31,0,1,25.7993
20260203115817.858,305.0613,,,30,31,0,1,25.7993
20260203115817.859,305.0724,,,30,31,0,1,25.7993
20260203115817.861,305.0835,,,30,31,0,1,25.7993
20260203115817.863,305.0946,,,30,31,0,1,25.7993
20260203115817.864,305.1057,,,30,31,0,1,25.7993
20260203115817.866,305.1168,,,30,31,0,1,25.7993
20260203115817.867,305.1279,,,30,31,0,1,25.7993
20260203115817.869,305.1390,,,30,31,0,1,25.7993
20260203115817.881,305.1501,,,30,31,0,1,25.7993
20260203115817.883,305.1612,,,30,31,0,1,25.7993
20260203115817.885,305.1723,,,30,31,0,1,25.7993
20260203115817.887,305.1834,,,30,31,0,1,25.7993
20260203115817.889,305.1945,,,30,31,0,1,25.7993
20260203115817.890,305.2056,,,30,31,0,1,25.7993
20260203115817.892,305.2167,,,30,31,0,1,25.7993
20260203115817.894,305.2278,,,30,31,0,1,25.7993
20260203115817.895,305.2389,,,30,31,0,1,25.7993
20260203115817.897,305.2500,,,30,31,0,1,25.7993
20260203115817.899,305.2611,,,30,31,0,1,25.7993
20260203115817.900,305.2722,,,30,31,0,1,25.7993
20260203115817.902,305.2833,,,30,31,0,1,25.7993
20260203115817.904,305.2944,,,30,31,0,1,25.7993
20260203115817.905,305.3055,,,30,31,0,1,25.7993
20260203115817.907,305.3166,,,30,31,0,1,25.7993
20260203115817.909,305.3277,,,30,31,0,1,25.7993
20260203115817.910,305.3388,,,30,31,0,1,25.7993
20260203115817.912,305.3499,,,30,31,0,1,25.7993
20260203115817.914,305.3610,,,30,31,0,1,25.7993
20260203115817.915,305.3721,,,30,31,0,1,25.7993
20260203115817.917,305.3832,,,30,31,0,1,25.7993
20260203115817.918,305.3943,,,30,31,0,1,25.7993
20260203115817.923,305.4054,,,30,31,0,1,25.7993
20260203115817.925,305.4165,,,30,31,0,1,25.7993
20260203115817.927,305.4276,,,30,31,0,1,25.7993
20260203115817.929,305.4387,,,30,31,0,1,25.7993
20260203115817.930,305.4498,,,30,31,0,1,25.7993
20260203115817.933,305.4609,,,30,31,0,1,25.7993
20260203115817.936,305.4720,,,30,31,0,1,25.7993
20260203115817.942,305.4831,,,30,31,0,1,25.7993
20260203115817.943,305.4942,,,30,31,0,1,25.7993
20260203115817.946,305.5053,,,30,31,0,1,25.7993
20260203115817.947,305.5164,,,30,31,0,1,25.7993
20260203115817.948,305.5275,,,30,31,0,1,25.7993
20260203115817.950,305.5386,,,30,31,0,1,25.7993
20260203115817.952,305.5497,,,30,31,0,1,25.7993
20260203115817.953,305.5608,,,30,31,0,1,25.7993
20260203115817.955,305.5719,,,30,31,0,1,25.7993
20260203115817.956,305.5830,,,30,31,0,1,25.7993
20260203115817.959,305.5941,,,30,31,0,1,25.7993
20260203115817.961,305.6052,,,30,31,0,1,25.7993
20260203115817.962,305.6163,,,30,31,0,1,25.7993
20260203115817.964,305.6274,,,30,31,0,1,25.7993
20260203115817.965,305.6385,,,30,31,0,1,25.7993
20260203115817.968,305.6496,,,30,31,0,1,25.7993
20260203115817.969,305.6607,,,30,31,0,1,25.7993
20260203115817.971,305.6718,,,30,31,0,1,25.7993
20260203115817.972,305.6829,,,30,31,0,1,25.7993
20260203115817.974,305.6940,,,30,31,0,1,25.7993
20260203115817.985,305.7051,,,30,31,0,1,25.7993
20260203115817.989,305.7162,,,30,31,0,1,25.7993
20260203115817.990,305.7273,,,30,31,0,1,25.7993
20260203115817.992,305.7384,,,30,31,0,1,25.7993
20260203115817.994,305.7495,,,30,31,0,1,25.7993
20260203115817.996,305.7606,,,30,31,0,1,25.7993
20260203115817.997,305.7717,,,30,31,0,1,25.7993
20260203115817.998,305.7828,,,30,31,0,1,25.7993
20260203115818.000,305.7939,,,30,31,0,1,25.7993
20260203115818.002,305.8050,,,30,31,0,1,25.7993
20260203115818.003,305.8161,,,30,31,0,1,25.7993
20260203115818.005,305.8272,,,30,31,0,1,25.7993
20260203115818.007,305.8383,,,30,31,0,1,25.7993
20260203115818.009,305.8494,,,30,31,0,1,25.7993
20260203115818.011,305.8605,,,30,31,0,1,25.7993
20260203115818.012,305.8716,,,30,31,0,1,25.7993
20260203115818.014,305.8827,,,30,31,0,1,25.7993
20260203115818.015,305.8938,,,30,31,0,1,25.7993
20260203115818.017,305.9049,,,30,31,0,1,25.7993
20260203115818.019,305.9160,,,30,31,0,1,25.7993
20260203115818.021,305.9271,,,30,31,0,1,25.7993
20260203115818.022,305.9382,,,30,31,0,1,25.7993
20260203115818.024,305.9493,,,30,31,0,1,25.7993
20260203115818.026,305.9604,,,30,31,0,1,25.7993
20260203115818.027,305.9715,,,30,31,0,1,25.7993
20260203115818.029,305.9826,,,30,31,0,1,25.7993
20260203115818.031,305.9937,,,30,31,0,1,25.7993
20260203115818.032,306.0048,,,30,31,0,1,25.7993
20260203115818.037,306.0159,,,30,31,0,1,25.7993
20260203115818.039,306.0270,,,30,31,0,1,25.7993
20260203115818.040,306.0381,,,30,31,0,1,25.7993
20260203115818.042,306.0492,,,30,31,0,1,25.7993
20260203115818.044,306.0603,,,30,31,0,1,25.7993
20260203115818.047,306.0714,,,30,31,0,1,25.7993
20260203115818.054,306.0825,,,30,31,0,1,25.7993
20260203115818.055,306.0936,,,30,31,0,1,25.7993
20260203115818.058,306.1047,,,30,31,0,1,25.7993
20260203115818.060,306.1158,,,30,31,0,1,25.7993
20260203115818.062,306.1269,,,30,31,0,1,25.7993
20260203115818.063,306.1380,,,30,31,0,1,25.7993
20260203115818.065,306.1491,,,30,31,0,1,25.7993
20260203115818.066,306.1602,,,30,31,0,1,25.7993
20260203115818.068,306.1713,,,30,31,0,1,25.7993
20260203115818.069,306.1824,,,30,31,0,1,25.7993
20260203115818.071,306.1935,,,30,31,0,1,25.7993
20260203115818.073,306.2046,,,30,31,0,1,25.7993
20260203115818.074,306.2157,,,30,31,0,1,25.7993
20260203115818.075,306.2268,,,30,31,0,1,25.7993
20260203115818.078,306.2379,,,30,31,0,1,25.7993
20260203115818.080,306.2490,,,30,31,0,1,25.7993
20260203115818.092,306.2601,,,30,31,0,1,25.7993
20260203115818.094,306.2712,,,30,31,0,1,25.7993
20260203115818.095,306.2823,,,30,31,0,1,25.7993
20260203115818.098,306.2934,,,30,31,0,1,25.7993
20260203115818.100,306.3045,,,30,31,0,1,25.7993
20260203115818.101,306.3156,,,30,31,0,1,25.7993
20260203115818.103,306.3267,,,30,31,0,1,25.7993
20260203115818.104,306.3378,,,30,31,0,1,25.7993
20260203115818.107,306.3489,,,30,31,0,1,25.7993
20260203115818.108,306.3600,,,30,31,0,1,25.7993
20260203115818.110,306.3711,,,30,31,0,1,25.7993
20260203115818.112,306.3822,,,30,31,0,1,25.7993
20260203115818.113,306.3933,,,30,31,0,1,25.7993
20260203115818.115,306.4044,,,30,31,0,1,25.7993
20260203115818.117,306.4155,,,30,31,0,1,25.7993
20260203115818.118,306.4266,,,30,31,0,1,25.7993
20260203115818.120,306.4377,,,30,31,0,1,25.7993
20260203115818.121,306.4488,,,30,31,0,1,25.7993
20260203115818.123,306.4599,,,30,31,0,1,25.7993
20260203115818.124,306.4710,,,30,31,0,1,25.7993
20260203115818.127,306.4821,,,30,31,0,1,25.7993
20260203115818.128,306.4932,,,30,31,0,1,25.7993
20260203115818.130,306.5043,,,30,31,0,1,25.7993
20260203115818.131,306.5154,,,30,31,0,1,25.7993
20260203115818.133,306.5265,,,30,31,0,1,25.7993
20260203115818.135,306.5376,,,30,31,0,1,25.7993
20260203115818.137,306.5487,,,30,31,0,1,25.7993
20260203115818.138,306.5598,,,30,31,0,1,25.7993
20260203115818.140,306.5709,,,30,31,0,1,25.7993
20260203115818.142,306.5820,,,30,31,0,1,25.7993
20260203115818.143,306.5931,,,30,31,0,1,25.7993
20260203115818.145,306.6042,,,30,31,0,1,25.7993
20260203115818.147,306.6153,,,30,31,0,1,25.7993
20260203115818.152,306.6264,,,30,31,0,1,25.7993
20260203115818.153,306.6375,,,30,31,0,1,25.7993
20260203115818.155,306.6486,,,30,31,0,1,25.7993
20260203115818.157,306.6597,,,30,31,0,1,25.7993
20260203115818.159,306.6708,,,30,31,0,1,25.7993
20260203115818.162,306.6819,,,30,31,0,1,25.7993
20260203115818.169,306.6930,,,30,31,0,1,25.7993
20260203115818.170,306.7041,,,30,31,0,1,25.7993
20260203115818.172,306.7152,,,30,31,0,1,25.7993
20260203115818.174,306.7263,,,30,31,0,1,25.7993
20260203115818.175,306.7374,,,30,31,0,1,25.7993
20260203115818.177,306.7485,,,30,31,0,1,25.7993
20260203115818.178,306.7596,,,30,31,0,1,25.7993
20260203115818.180,306.7707,,,30,31,0,1,25.7993
20260203115818.182,306.7818,,,30,31,0,1,25.7993
20260203115818.183,306.7929,,,30,31,0,1,25.7993
20260203115818.186,306.8040,,,30,31,0,1,25.7993
20260203115818.199,306.8151,,,30,31,0,1,25.7993
20260203115818.201,306.8262,,,30,31,0,1,25.7993
20260203115818.202,306.8373,,,30,31,0,1,25.7993
20260203115818.204,306.8484,,,30,31,0,1,25.7993
20260203115818.205,306.8595,,,30,31,0,1,25.7993
20260203115818.208,306.8706,,,30,31,0,1,25.7993
20260203115818.209,306.8817,,,30,31,0,1,25.7993
20260203115818.211,306.8928,,,30,31,0,1,25.7993
20260203115818.212,306.9039,,,30,31,0,1,25.7993
20260203115818.215,306.9150,,,30,31,0,1,25.7993
20260203115818.216,306.9261,,,30,31,0,1,25.7993
20260203115818.217,306.9372,,,30,31,0,1,25.7993
20260203115818.219,306.9483,,,30,31,0,1,25.7993
20260203115818.221,306.9594,,,30,31,0,1,25.7993
20260203115818.223,306.9705,,,30,31,0,1,25.7993
20260203115818.224,306.9816,,,30,31,0,1,25.7993
20260203115818.226,306.9927,,,30,31,0,1,25.7993
20260203115818.228,307.0038,,,30,31,0,1,25.7993
20260203115818.229,307.0149,,,30,31,0,1,25.7993
20260203115818.231,307.0260,,,30,31,0,1,25.7993
20260203115818.233,307.0371,,,30,31,0,1,25.7993
20260203115818.234,307.0482,,,30,31,0,1,25.7993
20260203115818.236,307.0593,,,30,31,0,1,25.7993
20260203115818.237,307.0704,,,30,31,0,1,25.7993
20260203115818.239,307.0815,,,30,31,0,1,25.7993
20260203115818.241,307.0926,,,30,31,0,1,25.7993
20260203115818.242,307.1037,,,30,31,0,1,25.7993
20260203115818.244,307.1148,,,30,31,0,1,25.7993
20260203115818.245,307.1259,,,30,31,0,1,25.7993
20260203115818.248,307.1370,,,30,31,0,1,25.7993
20260203115818.249,307.1481,,,30,31,0,1,25.7993
20260203115818.250,307.1592,,,30,31,0,1,25.7993
20260203115818.252,307.1703,,,30,31,0,1,25.7993
20260203115818.254,307.1814,,,30,31,0,1,25.7993
20260203115818.255,307.1925,,,30,31,0,1,25.7993
20260203115818.258,307.2036,,,30,31,0,1,25.7993
20260203115818.259,307.2147,,,30,31,0,1,25.7993
20260203115818.261,307.2258,,,30,31,0,1,25.7993
20260203115818.266,307.2369,,,30,31,0,1,25.7993
20260203115818.268,307.2480,,,30,31,0,1,25.7993
20260203115818.269,307.2591,,,30,31,0,1,25.7993
20260203115818.271,307.2702,,,30,31,0,1,25.7993
20260203115818.273,307.2813,,,30,31,0,1,25.7993
20260203115818.276,307.2924,,,30,31,0,1,25.7993
20260203115818.282,307.3035,,,30,31,0,1,25.7993
20260203115818.284,307.3146,,,30,31,0,1,25.7993
20260203115818.285,307.3257,,,30,31,0,1,25.7993
20260203115818.288,307.3368,,,30,31,0,1,25.7993
20260203115818.289,307.3479,,,30,31,0,1,25.7993
20260203115818.291,307.3590,,,30,31,0,1,25.7993
20260203115818.302,307.3701,,,30,31,0,1,25.7993
20260203115818.305,307.3812,,,30,31,0,1,25.7993
20260203115818.307,307.3923,,,30,31,0,1,25.7993
20260203115818.308,307.4034,,,30,31,0,1,25.7993
20260203115818.309,307.4145,,,30,31,0,1,25.7993
20260203115818.311,307.4256,,,30,31,0,1,25.7993
20260203115818.313,307.4367,,,30,31,0,1,25.7993
20260203115818.315,307.4478,,,30,31,0,1,25.7993
20260203115818.317,307.4589,,,30,31,0,1,25.7993
20260203115818.318,307.4700,,,30,31,0,1,25.7993
20260203115818.320,307.4811,,,30,31,0,1,25.7993
20260203115818.322,307.4922,,,30,31,0,1,25.7993
20260203115818.323,307.5033,,,30,31,0,1,25.7993
20260203115818.325,307.5144,,,30,31,0,1,25.7993
20260203115818.327,307.5255,,,30,31,0,1,25.7993
20260203115818.329,307.5366,,,30,31,0,1,25.7993
20260203115818.330,307.5477,,,30,31,0,1,25.7993
20260203115818.332,307.5588,,,30,31,0,1,25.7993
20260203115818.334,307.5699,,,30,31,0,1,25.7993
20260203115818.336,307.5810,,,30,31,0,1,25.7993
20260203115818.337,307.5921,,,30,31,0,1,25.7993
20260203115818.338,307.6032,,,30,31,0,1,25.7993
20260203115818.340,307.6143,,,30,31,0,1,25.7993
20260203115818.342,307.6254,,,30,31,0,1,25.7993
20260203115818.343,307.6365,,,30,31,0,1,25.7993
20260203115818.345,307.6476,,,30,31,0,1,25.7993
20260203115818.347,307.6587,,,30,31,0,1,25.7993
20260203115818.349,307.6698,,,30,31,0,1,25.7993
20260203115818.350,307.6809,,,30,31,0,1,25.7993
20260203115818.352,307.6920,,,30,31,0,1,25.7993
20260203115818.354,307.7031,,,30,31,0,1,25.7993
20260203115818.355,307.7142,,,30,31,0,1,25.7993
20260203115818.357,307.7253,,,30,31,0,1,25.7993
20260203115818.359,307.7364,,,30,31,0,1,25.7993
20260203115818.361,307.7475,,,30,31,0,1,25.7993
20260203115818.362,307.7586,,,30,31,0,1,25.7993
20260203115818.364,307.7697,,,30,31,0,1,25.7993
20260203115818.365,307.7808,,,30,31,0,1,25.7993
20260203115818.368,307.7919,,,30,31,0,1,25.7993
20260203115818.369,307.8030,,,30,31,0,1,25.7993
20260203115818.371,307.8141,,,30,31,0,1,25.7993
20260203115818.373,307.8252,,,30,31,0,1,25.7993
20260203115818.375,307.8363,,,30,31,0,1,25.7993
20260203115818.379,307.8474,,,30,31,0,1,25.7993
20260203115818.380,307.8585,,,30,31,0,1,25.7993
20260203115818.382,307.8696,,,30,31,0,1,25.7993
20260203115818.384,307.8807,,,30,31,0,1,25.7993
20260203115818.387,307.8918,,,30,31,0,1,25.7993
20260203115818.390,307.9029,,,30,31,0,1,25.7993
20260203115818.397,307.9140,,,30,31,0,1,25.7993
20260203115818.407,307.9251,,,30,31,0,1,25.7993
20260203115818.409,307.9362,,,30,31,0,1,25.7993
20260203115818.410,307.9473,,,30,31,0,1,25.7993
20260203115818.412,307.9584,,,30,31,0,1,25.7993
20260203115818.413,307.9695,,,30,31,0,1,25.7993
20260203115818.415,307.9806,,,30,31,0,1,25.7993
20260203115818.417,307.9917,,,30,31,0,1,25.7993
20260203115818.419,308.0028,,,30,31,0,1,25.7993
20260203115818.420,308.0139,,,30,31,0,1,25.7993
20260203115818.421,308.0250,,,30,31,0,1,25.7993
20260203115818.423,308.0361,,,30,31,0,1,25.7993
20260203115818.425,308.0472,,,30,31,0,1,25.7993
20260203115818.427,308.0583,,,30,31,0,1,25.7993
20260203115818.429,308.0694,,,30,31,0,1,25.7993
20260203115818.430,308.0805,,,30,31,0,1,25.7993
20260203115818.432,308.0916,,,30,31,0,1,25.7993
20260203115818.434,308.1027,,,30,31,0,1,25.7993
20260203115818.436,308.1138,,,30,31,0,1,25.7993
20260203115818.437,308.1249,,,30,31,0,1,25.7993
20260203115818.439,308.1360,,,30,31,0,1,25.7993
20260203115818.440,308.1471,,,30,31,0,1,25.7993
20260203115818.442,308.1582,,,30,31,0,1,25.7993
20260203115818.444,308.1693,,,30,31,0,1,25.7993
20260203115818.446,308.1804,,,30,31,0,1,25.7993
20260203115818.447,308.1915,,,30,31,0,1,25.7993
20260203115818.448,308.2026,,,30,31,0,1,25.7993
20260203115818.451,308.2137,,,30,31,0,1,25.7993
20260203115818.452,308.2248,,,30,31,0,1,25.7993
20260203115818.454,308.2359,,,30,31,0,1,25.7993
20260203115818.456,308.2470,,,30,31,0,1,25.7993
20260203115818.457,308.2581,,,30,31,0,1,25.7993
20260203115818.459,308.2692,,,30,31,0,1,25.7993
20260203115818.460,308.2803,,,30,31,0,1,25.7993
20260203115818.463,308.2914,,,30,31,0,1,25.7993
20260203115818.464,308.3025,,,30,31,0,1,25.7993
20260203115818.466,308.3136,,,30,31,0,1,25.7993
20260203115818.467,308.3247,,,30,31,0,1,25.7993
20260203115818.469,308.3358,,,30,31,0,1,25.7993
20260203115818.470,308.3469,,,30,31,0,1,25.7993
20260203115818.472,308.3580,,,30,31,0,1,25.7993
20260203115818.474,308.3691,,,30,31,0,1,25.7993
20260203115818.475,308.3802,,,30,31,0,1,25.7993
20260203115818.477,308.3913,,,30,31,0,1,25.7993
20260203115818.479,308.4024,,,30,31,0,1,25.7993
20260203115818.481,308.4135,,,30,31,0,1,25.7993
20260203115818.482,308.4246,,,30,31,0,1,25.7993
20260203115818.484,308.4357,,,30,31,0,1,25.7993
20260203115818.486,308.4468,,,30,31,0,1,25.7993
20260203115818.490,308.4579,,,30,31,0,1,25.7993
20260203115818.492,308.4690,,,30,31,0,1,25.7993
20260203115818.513,308.4801,,,30,31,0,1,25.7993
20260203115818.515,308.4912,,,30,31,0,1,25.7993
20260203115818.517,308.5023,,,30,31,0,1,25.7993
20260203115818.518,308.5134,,,30,31,0,1,25.7993
20260203115818.520,308.5245,,,30,31,0,1,25.7993
20260203115818.521,308.5356,,,30,31,0,1,25.7993
20260203115818.523,308.5467,,,30,31,0,1,25.7993
20260203115818.525,308.5578,,,30,31,0,1,25.7993
20260203115818.527,308.5689,,,30,31,0,1,25.7993
20260203115818.528,308.5800,,,30,31,0,1,25.7993
20260203115818.529,308.5911,,,30,31,0,1,25.7993
20260203115818.531,308.6022,,,30,31,0,1,25.7993
20260203115818.533,308.6133,,,30,31,0,1,25.7993
20260203115818.535,308.6244,,,30,31,0,1,25.7993
20260203115818.537,308.6355,,,30,31,0,1,25.7993
20260203115818.538,308.6466,,,30,31,0,1,25.7993
20260203115818.540,308.6577,,,30,31,0,1,25.7993
20260203115818.542,308.6688,,,30,31,0,1,25.7993
20260203115818.543,308.6799,,,30,31,0,1,25.7993
20260203115818.545,308.6910,,,30,31,0,1,25.7993
20260203115818.547,308.7021,,,30,31,0,1,25.7993
20260203115818.548,308.7132,,,30,31,0,1,25.7993
20260203115818.549,308.7243,,,30,31,0,1,25.7993
20260203115818.552,308.7354,,,30,31,0,1,25.7993
20260203115818.553,308.7465,,,30,31,0,1,25.7993
20260203115818.555,308.7576,,,30,31,0,1,25.7993
20260203115818.557,308.7687,,,30,31,0,1,25.7993
20260203115818.559,308.7798,,,30,31,0,1,25.7993
20260203115818.560,308.7909,,,30,31,0,1,25.7993
20260203115818.562,308.8020,,,30,31,0,1,25.7993
20260203115818.564,308.8131,,,30,31,0,1,25.7993
20260203115818.566,308.8242,,,30,31,0,1,25.7993
20260203115818.567,308.8353,,,30,31,0,1,25.7993
20260203115818.569,308.8464,,,30,31,0,1,25.7993
20260203115818.571,308.8575,,,30,31,0,1,25.7993
20260203115818.572,308.8686,,,30,31,0,1,25.7993
20260203115818.574,308.8797,,,30,31,0,1,25.7993
20260203115818.576,308.8908,,,30,31,0,1,25.7993
20260203115818.577,308.9019,,,30,31,0,1,25.7993
20260203115818.579,308.9130,,,30,31,0,1,25.7993
20260203115818.580,308.9241,,,30,31,0,1,25.7993
20260203115818.582,308.9352,,,30,31,0,1,25.7993
20260203115818.584,308.9463,,,30,31,0,1,25.7993
20260203115818.585,308.9574,,,30,31,0,1,25.7993
20260203115818.587,308.9685,,,30,31,0,1,25.7993
20260203115818.589,308.9796,,,30,31,0,1,25.7993
20260203115818.591,308.9907,,,30,31,0,1,25.7993
20260203115818.592,309.0018,,,30,31,0,1,25.7993
20260203115818.594,309.0129,,,30,31,0,1,25.7993
20260203115818.595,309.0240,,,30,31,0,1,25.7993
20260203115818.617,309.0351,,,30,31,0,1,25.7993
20260203115818.618,309.0462,,,30,31,0,1,25.7993
20260203115818.620,309.0573,,,30,31,0,1,25.7993
20260203115818.622,309.0684,,,30,31,0,1,25.7993
20260203115818.624,309.0795,,,30,31,0,1,25.7993
20260203115818.626,309.0906,,,30,31,0,1,25.7993
20260203115818.627,309.1017,,,30,31,0,1,25.7993
20260203115818.628,309.1128,,,30,31,0,1,25.7993
20260203115818.630,309.1239,,,30,31,0,1,25.7993
20260203115818.632,309.1350,,,30,31,0,1,25.7993
20260203115818.634,309.1461,,,30,31,0,1,25.7993
20260203115818.635,309.1572,,,30,31,0,1,25.7993
20260203115818.637,309.1683,,,30,31,0,1,25.7993
20260203115818.639,309.1794,,,30,31,0,1,25.7993
20260203115818.641,309.1905,,,30,31,0,1,25.7993
20260203115818.642,309.2016,,,30,31,0,1,25.7993
20260203115818.644,309.2127,,,30,31,0,1,25.7993
20260203115818.645,309.2238,,,30,31,0,1,25.7993
20260203115818.647,309.2349,,,30,31,0,1,25.7993
20260203115818.649,309.2460,,,30,31,0,1,25.7993
20260203115818.651,309.2571,,,30,31,0,1,25.7993
20260203115818.652,309.2682,,,30,31,0,1,25.7993
20260203115818.654,309.2793,,,30,31,0,1,25.7993
20260203115818.655,309.2904,,,30,31,0,1,25.7993
20260203115818.658,309.3015,,,30,31,0,1,25.7993
20260203115818.659,309.3126,,,30,31,0,1,25.7993
20260203115818.661,309.3237,,,30,31,0,1,25.7993
20260203115818.663,309.3348,,,30,31,0,1,25.7993
20260203115818.664,309.3459,,,30,31,0,1,25.7993
20260203115818.666,309.3570,,,30,31,0,1,25.7993
20260203115818.667,309.3681,,,30,31,0,1,25.7993
20260203115818.669,309.3792,,,30,31,0,1,25.7993
20260203115818.671,309.3903,,,30,31,0,1,25.7993
20260203115818.673,309.4014,,,30,31,0,1,25.7993
20260203115818.674,309.4125,,,30,31,0,1,25.7993
20260203115818.675,309.4236,,,30,31,0,1,25.7993
20260203115818.678,309.4347,,,30,31,0,1,25.7993
20260203115818.680,309.4458,,,30,31,0,1,25.7993
20260203115818.681,309.4569,,,30,31,0,1,25.7993
20260203115818.683,309.4680,,,30,31,0,1,25.7993
20260203115818.685,309.4791,,,30,31,0,1,25.7993
20260203115818.686,309.4902,,,30,31,0,1,25.7993
20260203115818.688,309.5013,,,30,31,0,1,25.7993
20260203115818.689,309.5124,,,30,31,0,1,25.7993
20260203115818.691,309.5235,,,30,31,0,1,25.7993
20260203115818.692,309.5346,,,30,31,0,1,25.7993
20260203115818.694,309.5457,,,30,31,0,1,25.7993
20260203115818.696,309.5568,,,30,31,0,1,25.7993
20260203115818.698,309.5679,,,30,31,0,1,25.7993
20260203115818.703,309.5790,,,30,31,0,1,25.7993
20260203115818.723,309.5901,,,30,31,0,1,25.7993
20260203115818.725,309.6012,,,30,31,0,1,25.7993
20260203115818.727,309.6123,,,30,31,0,1,25.7993
20260203115818.729,309.6234,,,30,31,0,1,25.7993
20260203115818.730,309.6345,,,30,31,0,1,25.7993
20260203115818.732,309.6456,,,30,31,0,1,25.7993
20260203115818.733,309.6567,,,30,31,0,1,25.7993
20260203115818.735,309.6678,,,30,31,0,1,25.7993
20260203115818.737,309.6789,,,30,31,0,1,25.7993
20260203115818.739,309.6900,,,30,31,0,1,25.7993
20260203115818.740,309.7011,,,30,31,0,1,25.7993
20260203115818.742,309.7122,,,30,31,0,1,25.7993
20260203115818.744,309.7233,,,30,31,0,1,25.7993
20260203115818.745,309.7344,,,30,31,0,1,25.7993
20260203115818.747,309.7455,,,30,31,0,1,25.7993
20260203115818.749,309.7566,,,30,31,0,1,25.7993
20260203115818.750,309.7677,,,30,31,0,1,25.7993
20260203115818.752,309.7788,,,30,31,0,1,25.7993
20260203115818.754,309.7899,,,30,31,0,1,25.7993
20260203115818.755,309.8010,,,30,31,0,1,25.7993
20260203115818.757,309.8121,,,30,31,0,1,25.7993
20260203115818.759,309.8232,,,30,31,0,1,25.7993
20260203115818.760,309.8343,,,30,31,0,1,25.7993
20260203115818.762,309.8454,,,30,31,0,1,25.7993
20260203115818.764,309.8565,,,30,31,0,1,25.7993
20260203115818.765,309.8676,,,30,31,0,1,25.7993
20260203115818.767,309.8787,,,30,31,0,1,25.7993
20260203115818.769,309.8898,,,30,31,0,1,25.7993
20260203115818.771,309.9009,,,30,31,0,1,25.7993
20260203115818.772,309.9120,,,30,31,0,1,25.7993
20260203115818.774,309.9231,,,30,31,0,1,25.7993
20260203115818.776,309.9342,,,30,31,0,1,25.7993
20260203115818.777,309.9453,,,30,31,0,1,25.7993
20260203115818.778,309.9564,,,30,31,0,1,25.7993
20260203115818.780,309.9675,,,30,31,0,1,25.7993
20260203115818.782,309.9786,,,30,31,0,1,25.7993
20260203115818.783,309.9897,,,30,31,0,1,25.7993
20260203115818.785,310.0008,,,30,31,0,1,25.7993
20260203115818.787,310.0119,,,30,31,0,1,25.7993
20260203115818.789,310.0230,,,30,31,0,1,25.7993
20260203115818.791,310.0341,,,30,31,0,1,25.7993
20260203115818.792,310.0452,,,30,31,0,1,25.7993
20260203115818.794,310.0563,,,30,31,0,1,25.7993
20260203115818.795,310.0674,,,30,31,0,1,25.7993
20260203115818.797,310.0785,,,30,31,0,1,25.7993
20260203115818.799,310.0896,,,30,31,0,1,25.7993
20260203115818.800,310.1007,,,30,31,0,1,25.7993
20260203115818.802,310.1118,,,30,31,0,1,25.7993
20260203115818.805,310.1229,,,30,31,0,1,25.7993
20260203115818.809,310.1340,,,30,31,0,1,25.7993
20260203115818.832,310.1451,,,30,31,0,1,25.7993
20260203115818.834,310.1562,,,30,31,0,1,25.7993
20260203115818.836,310.1673,,,30,31,0,1,25.7993
20260203115818.838,310.1784,,,30,31,0,1,25.7993
20260203115818.840,310.1895,,,30,31,0,1,25.7993
20260203115818.841,310.2006,,,30,31,0,1,25.7993
20260203115818.843,310.2117,,,30,31,0,1,25.7993
20260203115818.844,310.2228,,,30,31,0,1,25.7993
20260203115818.846,310.2339,,,30,31,0,1,25.7993
20260203115818.848,310.2450,,,30,31,0,1,25.7993
20260203115818.849,310.2561,,,30,31,0,1,25.7993
20260203115818.851,310.2672,,,30,31,0,1,25.7993
20260203115818.853,310.2783,,,30,31,0,1,25.7993
20260203115818.854,310.2894,,,30,31,0,1,25.7993
20260203115818.856,310.3005,,,30,31,0,1,25.7993
20260203115818.858,310.3116,,,30,31,0,1,25.7993
20260203115818.860,310.3227,,,30,31,0,1,25.7993
20260203115818.861,310.3338,,,30,31,0,1,25.7993
20260203115818.863,310.3449,,,30,31,0,1,25.7993
20260203115818.865,310.3560,,,30,31,0,1,25.7993
20260203115818.866,310.3671,,,30,31,0,1,25.7993
20260203115818.868,310.3782,,,30,31,0,1,25.7993
20260203115818.870,310.3893,,,30,31,0,1,25.7993
20260203115818.871,310.4004,,,30,31,0,1,25.7993
20260203115818.873,310.4115,,,30,31,0,1,25.7993
20260203115818.875,310.4226,,,30,31,0,1,25.7993
20260203115818.876,310.4337,,,30,31,0,1,25.7993
20260203115818.878,310.4448,,,30,31,0,1,25.7993
20260203115818.879,310.4559,,,30,31,0,1,25.7993
20260203115818.881,310.4670,,,30,31,0,1,25.7993
20260203115818.883,310.4781,,,30,31,0,1,25.7993
20260203115818.885,310.4892,,,30,31,0,1,25.7993
20260203115818.886,310.5003,,,30,31,0,1,25.7993
20260203115818.888,310.5114,,,30,31,0,1,25.7993
20260203115818.889,310.5225,,,30,31,0,1,25.7993
20260203115818.891,310.5336,,,30,31,0,1,25.7993
20260203115818.893,310.5447,,,30,31,0,1,25.7993
20260203115818.895,310.5558,,,30,31,0,1,25.7993
20260203115818.897,310.5669,,,30,31,0,1,25.7993
20260203115818.898,310.5780,,,30,31,0,1,25.7993
20260203115818.901,310.5891,,,30,31,0,1,25.7993
20260203115818.902,310.6002,,,30,31,0,1,25.7993
20260203115818.904,310.6113,,,30,31,0,1,25.7993
20260203115818.906,310.6224,,,30,31,0,1,25.7993
20260203115818.907,310.6335,,,30,31,0,1,25.7993
20260203115818.909,310.6446,,,30,31,0,1,25.7993
20260203115818.911,310.6557,,,30,31,0,1,25.7993
20260203115818.913,310.6668,,,30,31,0,1,25.7993
20260203115818.914,310.6779,,,30,31,0,1,25.7993
20260203115818.919,310.6890,,,30,31,0,1,25.7993
20260203115818.937,310.7001,,,30,31,0,1,25.7993
20260203115818.939,310.7112,,,30,31,0,1,25.7993
20260203115818.941,310.7223,,,30,31,0,1,25.7993
20260203115818.943,310.7334,,,30,31,0,1,25.7993
20260203115818.944,310.7445,,,30,31,0,1,25.7993
20260203115818.947,310.7556,,,30,31,0,1,25.7993
20260203115818.948,310.7667,,,30,31,0,1,25.7993
20260203115818.950,310.7778,,,30,31,0,1,25.7993
20260203115818.952,310.7889,,,30,31,0,1,25.7993
20260203115818.953,310.8000,,,30,31,0,1,25.7993
20260203115818.955,310.8111,,,30,31,0,1,25.7993
20260203115818.957,310.8222,,,30,31,0,1,25.7993
20260203115818.959,310.8333,,,30,31,0,1,25.7993
20260203115818.961,310.8444,,,30,31,0,1,25.7993
20260203115818.962,310.8555,,,30,31,0,1,25.7993
20260203115818.964,310.8666,,,30,31,0,1,25.7993
20260203115818.966,310.8777,,,30,31,0,1,25.7993
20260203115818.967,310.8888,,,30,31,0,1,25.7993
20260203115818.969,310.8999,,,30,31,0,1,25.7993
20260203115818.970,310.9110,,,30,31,0,1,25.7993
20260203115818.972,310.9221,,,30,31,0,1,25.7993
20260203115818.974,310.9332,,,30,31,0,1,25.7993
20260203115818.975,310.9443,,,30,31,0,1,25.7993
20260203115818.977,310.9554,,,30,31,0,1,25.7993
20260203115818.979,310.9665,,,30,31,0,1,25.7993
20260203115818.981,310.9776,,,30,31,0,1,25.7993
20260203115818.982,310.9887,,,30,31,0,1,25.7993
20260203115818.984,310.9998,,,30,31,0,1,25.7993
20260203115818.986,311.0109,,,30,31,0,1,25.7993
20260203115818.987,311.0220,,,30,31,0,1,25.7993
20260203115818.989,311.0331,,,30,31,0,1,25.7993
20260203115818.990,311.0442,,,30,31,0,1,25.7993
20260203115818.992,311.0553,,,30,31,0,1,25.7993
20260203115818.994,311.0664,,,30,31,0,1,25.7993
20260203115818.995,311.0775,,,30,31,0,1,25.7993
20260203115818.998,311.0886,,,30,31,0,1,25.7993
20260203115819.000,311.0997,,,30,31,0,1,25.7993
20260203115819.001,311.1108,,,30,31,0,1,25.7993
20260203115819.003,311.1219,,,30,31,0,1,25.7993
20260203115819.005,311.1330,,,30,31,0,1,25.7993
20260203115819.006,311.1441,,,30,31,0,1,25.7993
20260203115819.008,311.1552,,,30,31,0,1,25.7993
20260203115819.010,311.1663,,,30,31,0,1,25.7993
20260203115819.011,311.1774,,,30,31,0,1,25.7993
20260203115819.013,311.1885,,,30,31,0,1,25.7993
20260203115819.014,311.1996,,,30,31,0,1,25.7993
20260203115819.015,311.2107,,,30,31,0,1,25.7993
20260203115819.018,311.2218,,,30,31,0,1,25.7993
20260203115819.020,311.2329,,,30,31,0,1,25.7993
20260203115819.021,311.2440,,,30,31,0,1,25.7993
20260203115819.037,311.2551,,,30,31,0,1,25.7993
20260203115819.039,311.2662,,,30,31,0,1,25.7993
20260203115819.041,311.2773,,,30,31,0,1,25.7993
20260203115819.042,311.2884,,,30,31,0,1,25.7993
20260203115819.044,311.2995,,,30,31,0,1,25.7993
20260203115819.046,311.3106,,,30,31,0,1,25.7993
20260203115819.050,311.3217,,,30,31,0,1,25.7993
20260203115819.057,311.3328,,,30,31,0,1,25.7993
20260203115819.059,311.3439,,,30,31,0,1,25.7993
20260203115819.061,311.3550,,,30,31,0,1,25.7993
20260203115819.062,311.3661,,,30,31,0,1,25.7993
20260203115819.064,311.3772,,,30,31,0,1,25.7993
20260203115819.066,311.3883,,,30,31,0,1,25.7993
20260203115819.067,311.3994,,,30,31,0,1,25.7993
20260203115819.068,311.4105,,,30,31,0,1,25.7993
20260203115819.070,311.4216,,,30,31,0,1,25.7993
20260203115819.071,311.4327,,,30,31,0,1,25.7993
20260203115819.073,311.4438,,,30,31,0,1,25.7993
20260203115819.075,311.4549,,,30,31,0,1,25.7993
20260203115819.077,311.4660,,,30,31,0,1,25.7993
20260203115819.079,311.4771,,,30,31,0,1,25.7993
20260203115819.080,311.4882,,,30,31,0,1,25.7993
20260203115819.082,311.4993,,,30,31,0,1,25.7993
20260203115819.084,311.5104,,,30,31,0,1,25.7993
20260203115819.085,311.5215,,,30,31,0,1,25.7993
20260203115819.088,311.5326,,,30,31,0,1,25.7993
20260203115819.089,311.5437,,,30,31,0,1,25.7993
20260203115819.090,311.5548,,,30,31,0,1,25.7993
20260203115819.092,311.5659,,,30,31,0,1,25.7993
20260203115819.094,311.5770,,,30,31,0,1,25.7993
20260203115819.095,311.5881,,,30,31,0,1,25.7993
20260203115819.098,311.5992,,,30,31,0,1,25.7993
20260203115819.099,311.6103,,,30,31,0,1,25.7993
20260203115819.101,311.6214,,,30,31,0,1,25.7993
20260203115819.103,311.6325,,,30,31,0,1,25.7993
20260203115819.104,311.6436,,,30,31,0,1,25.7993
20260203115819.105,311.6547,,,30,31,0,1,25.7993
20260203115819.108,311.6658,,,30,31,0,1,25.7993
20260203115819.109,311.6769,,,30,31,0,1,25.7993
20260203115819.111,311.6880,,,30,31,0,1,25.7993
20260203115819.112,311.6991,,,30,31,0,1,25.7993
20260203115819.114,311.7102,,,30,31,0,1,25.7993
20260203115819.115,311.7213,,,30,31,0,1,25.7993
20260203115819.117,311.7324,,,30,31,0,1,25.7993
20260203115819.119,311.7435,,,30,31,0,1,25.7993
20260203115819.121,311.7546,,,30,31,0,1,25.7993
20260203115819.123,311.7657,,,30,31,0,1,25.7993
20260203115819.125,311.7768,,,30,31,0,1,25.7993
20260203115819.126,311.7879,,,30,31,0,1,25.7993
20260203115819.127,311.7990,,,30,31,0,1,25.7993
20260203115819.141,311.8101,,,30,31,0,1,25.7993
20260203115819.142,311.8212,,,30,31,0,1,25.7993
20260203115819.144,311.8323,,,30,31,0,1,25.7993
20260203115819.146,311.8434,,,30,31,0,1,25.7993
20260203115819.147,311.8545,,,30,31,0,1,25.7993
20260203115819.149,311.8656,,,30,31,0,1,25.7993
20260203115819.151,311.8767,,,30,31,0,1,25.7993
20260203115819.155,311.8878,,,30,31,0,1,25.7993
20260203115819.158,311.8989,,,30,31,0,1,25.7993
20260203115819.159,311.9100,,,30,31,0,1,25.7993
20260203115819.161,311.9211,,,30,31,0,1,25.7993
20260203115819.163,311.9322,,,30,31,0,1,25.7993
20260203115819.166,311.9433,,,30,31,0,1,25.7993
20260203115819.168,311.9544,,,30,31,0,1,25.7993
20260203115819.174,311.9655,,,30,31,0,1,25.7993
20260203115819.175,311.9766,,,30,31,0,1,25.7993
20260203115819.178,311.9877,,,30,31,0,1,25.7993
20260203115819.180,311.9988,,,30,31,0,1,25.7993
20260203115819.181,312.0099,,,30,31,0,1,25.7993
20260203115819.183,312.0210,,,30,31,0,1,25.7993
20260203115819.184,312.0321,,,30,31,0,1,25.7993
20260203115819.185,312.0432,,,30,31,0,1,25.7993
20260203115819.188,312.0543,,,30,31,0,1,25.7993
20260203115819.190,312.0654,,,30,31,0,1,25.7993
20260203115819.191,312.0765,,,30,31,0,1,25.7993
20260203115819.192,312.0876,,,30,31,0,1,25.7993
20260203115819.194,312.0987,,,30,31,0,1,25.7993
20260203115819.197,312.1098,,,30,31,0,1,25.7993
20260203115819.198,312.1209,,,30,31,0,1,25.7993
20260203115819.200,312.1320,,,30,31,0,1,25.7993
20260203115819.202,312.1431,,,30,31,0,1,25.7993
20260203115819.203,312.1542,,,30,31,0,1,25.7993
20260203115819.205,312.1653,,,30,31,0,1,25.7993
20260203115819.207,312.1764,,,30,31,0,1,25.7993
20260203115819.208,312.1875,,,30,31,0,1,25.7993
20260203115819.210,312.1986,,,30,31,0,1,25.7993
20260203115819.211,312.2097,,,30,31,0,1,25.7993
20260203115819.214,312.2208,,,30,31,0,1,25.7993
20260203115819.216,312.2319,,,30,31,0,1,25.7993
20260203115819.217,312.2430,,,30,31,0,1,25.7993
20260203115819.218,312.2541,,,30,31,0,1,25.7993
20260203115819.220,312.2652,,,30,31,0,1,25.7993
20260203115819.222,312.2763,,,30,31,0,1,25.7993
20260203115819.224,312.2874,,,30,31,0,1,25.7993
20260203115819.225,312.2985,,,30,31,0,1,25.7993
20260203115819.227,312.3096,,,30,31,0,1,25.7993
20260203115819.229,312.3207,,,30,31,0,1,25.7993
20260203115819.231,312.3318,,,30,31,0,1,25.7993
20260203115819.232,312.3429,,,30,31,0,1,25.7993
20260203115819.234,312.3540,,,30,31,0,1,25.7993
20260203115819.245,312.3651,,,30,31,0,1,25.7993
20260203115819.248,312.3762,,,30,31,0,1,25.7993
20260203115819.249,312.3873,,,30,31,0,1,25.7993
20260203115819.251,312.3984,,,30,31,0,1,25.7993
20260203115819.253,312.4095,,,30,31,0,1,25.7993
20260203115819.254,312.4206,,,30,31,0,1,25.7993
20260203115819.257,312.4317,,,30,31,0,1,25.7993
20260203115819.258,312.4428,,,30,31,0,1,25.7993
20260203115819.260,312.4539,,,30,31,0,1,25.7993
20260203115819.261,312.4650,,,30,31,0,1,25.7993
20260203115819.263,312.4761,,,30,31,0,1,25.7993
20260203115819.265,312.4872,,,30,31,0,1,25.7993
20260203115819.267,312.4983,,,30,31,0,1,25.7993
20260203115819.268,312.5094,,,30,31,0,1,25.7993
20260203115819.273,312.5205,,,30,31,0,1,25.7993
20260203115819.275,312.5316,,,30,31,0,1,25.7993
20260203115819.277,312.5427,,,30,31,0,1,25.7993
20260203115819.278,312.5538,,,30,31,0,1,25.7993
20260203115819.280,312.5649,,,30,31,0,1,25.7993
20260203115819.283,312.5760,,,30,31,0,1,25.7993
20260203115819.290,312.5871,,,30,31,0,1,25.7993
20260203115819.292,312.5982,,,30,31,0,1,25.7993
20260203115819.293,312.6093,,,30,31,0,1,25.7993
20260203115819.295,312.6204,,,30,31,0,1,25.7993
20260203115819.297,312.6315,,,30,31,0,1,25.7993
20260203115819.298,312.6426,,,30,31,0,1,25.7993
20260203115819.300,312.6537,,,30,31,0,1,25.7993
20260203115819.301,312.6648,,,30,31,0,1,25.7993
20260203115819.303,312.6759,,,30,31,0,1,25.7993
20260203115819.305,312.6870,,,30,31,0,1,25.7993
20260203115819.307,312.6981,,,30,31,0,1,25.7993
20260203115819.308,312.7092,,,30,31,0,1,25.7993
20260203115819.310,312.7203,,,30,31,0,1,25.7993
20260203115819.312,312.7314,,,30,31,0,1,25.7993
20260203115819.313,312.7425,,,30,31,0,1,25.7993
20260203115819.315,312.7536,,,30,31,0,1,25.7993
20260203115819.317,312.7647,,,30,31,0,1,25.7993
20260203115819.319,312.7758,,,30,31,0,1,25.7993
20260203115819.320,312.7869,,,30,31,0,1,25.7993
20260203115819.321,312.7980,,,30,31,0,1,25.7993
20260203115819.323,312.8091,,,30,31,0,1,25.7993
20260203115819.326,312.8202,,,30,31,0,1,25.7993
20260203115819.327,312.8313,,,30,31,0,1,25.7993
20260203115819.329,312.8424,,,30,31,0,1,25.7993
20260203115819.330,312.8535,,,30,31,0,1,25.7993
20260203115819.332,312.8646,,,30,31,0,1,25.7993
20260203115819.334,312.8757,,,30,31,0,1,25.7993
20260203115819.335,312.8868,,,30,31,0,1,25.7993
20260203115819.337,312.8979,,,30,31,0,1,25.7993
20260203115819.339,312.9090,,,30,31,0,1,25.7993
20260203115819.350,312.9201,,,30,31,0,1,25.7993
20260203115819.352,312.9312,,,30,31,0,1,25.7993
20260203115819.355,312.9423,,,30,31,0,1,25.7993
20260203115819.356,312.9534,,,30,31,0,1,25.7993
20260203115819.358,312.9645,,,30,31,0,1,25.7993
20260203115819.359,312.9756,,,30,31,0,1,25.7993
20260203115819.361,312.9867,,,30,31,0,1,25.7993
20260203115819.363,312.9978,,,30,31,0,1,25.7993
20260203115819.364,313.0089,,,30,31,0,1,25.7993
20260203115819.367,313.0200,,,30,31,0,1,25.7993
20260203115819.368,313.0311,,,30,31,0,1,25.7993
20260203115819.370,313.0422,,,30,31,0,1,25.7993
20260203115819.371,313.0533,,,30,31,0,1,25.7993
20260203115819.373,313.0644,,,30,31,0,1,25.7993
20260203115819.375,313.0755,,,30,31,0,1,25.7993
20260203115819.376,313.0866,,,30,31,0,1,25.7993
20260203115819.378,313.0977,,,30,31,0,1,25.7993
20260203115819.379,313.1088,,,30,31,0,1,25.7993
20260203115819.381,313.1199,,,30,31,0,1,25.7993
20260203115819.383,313.1310,,,30,31,0,1,25.7993
20260203115819.384,313.1421,,,30,31,0,1,25.7993
20260203115819.390,313.1532,,,30,31,0,1,25.7993
20260203115819.391,313.1643,,,30,31,0,1,25.7993
20260203115819.393,313.1754,,,30,31,0,1,25.7993
20260203115819.395,313.1865,,,30,31,0,1,25.7993
20260203115819.397,313.1976,,,30,31,0,1,25.7993
20260203115819.400,313.2087,,,30,31,0,1,25.7993
20260203115819.407,313.2198,,,30,31,0,1,25.7993
20260203115819.409,313.2309,,,30,31,0,1,25.7993
20260203115819.411,313.2420,,,30,31,0,1,25.7993
20260203115819.412,313.2531,,,30,31,0,1,25.7993
20260203115819.413,313.2642,,,30,31,0,1,25.7993
20260203115819.416,313.2753,,,30,31,0,1,25.7993
20260203115819.417,313.2864,,,30,31,0,1,25.7993
20260203115819.419,313.2975,,,30,31,0,1,25.7993
20260203115819.420,313.3086,,,30,31,0,1,25.7993
20260203115819.423,313.3197,,,30,31,0,1,25.7993
20260203115819.424,313.3308,,,30,31,0,1,25.7993
20260203115819.426,313.3419,,,30,31,0,1,25.7993
20260203115819.427,313.3530,,,30,31,0,1,25.7993
20260203115819.429,313.3641,,,30,31,0,1,25.7993
20260203115819.430,313.3752,,,30,31,0,1,25.7993
20260203115819.432,313.3863,,,30,31,0,1,25.7993
20260203115819.434,313.3974,,,30,31,0,1,25.7993
20260203115819.435,313.4085,,,30,31,0,1,25.7993
20260203115819.438,313.4196,,,30,31,0,1,25.7993
20260203115819.439,313.4307,,,30,31,0,1,25.7993
20260203115819.441,313.4418,,,30,31,0,1,25.7993
20260203115819.443,313.4529,,,30,31,0,1,25.7993
20260203115819.444,313.4640,,,30,31,0,1,25.7993
20260203115819.455,313.4751,,,30,31,0,1,25.7993
20260203115819.456,313.4862,,,30,31,0,1,25.7993
20260203115819.458,313.4973,,,30,31,0,1,25.7993
20260203115819.460,313.5084,,,30,31,0,1,25.7993
20260203115819.462,313.5195,,,30,31,0,1,25.7993
20260203115819.463,313.5306,,,30,31,0,1,25.7993
20260203115819.465,313.5417,,,30,31,0,1,25.7993
20260203115819.467,313.5528,,,30,31,0,1,25.7993
20260203115819.468,313.5639,,,30,31,0,1,25.7993
20260203115819.470,313.5750,,,30,31,0,1,25.7993
20260203115819.472,313.5861,,,30,31,0,1,25.7993
20260203115819.473,313.5972,,,30,31,0,1,25.7993
20260203115819.475,313.6083,,,30,31,0,1,25.7993
20260203115819.477,313.6194,,,30,31,0,1,25.7993
20260203115819.479,313.6305,,,30,31,0,1,25.7993
20260203115819.480,313.6416,,,30,31,0,1,25.7993
20260203115819.482,313.6527,,,30,31,0,1,25.7993
20260203115819.484,313.6638,,,30,31,0,1,25.7993
20260203115819.485,313.6749,,,30,31,0,1,25.7993
20260203115819.487,313.6860,,,30,31,0,1,25.7993
20260203115819.488,313.6971,,,30,31,0,1,25.7993
20260203115819.490,313.7082,,,30,31,0,1,25.7993
20260203115819.492,313.7193,,,30,31,0,1,25.7993
20260203115819.493,313.7304,,,30,31,0,1,25.7993
20260203115819.495,313.7415,,,30,31,0,1,25.7993
20260203115819.497,313.7526,,,30,31,0,1,25.7993
20260203115819.499,313.7637,,,30,31,0,1,25.7993
20260203115819.500,313.7748,,,30,31,0,1,25.7993
20260203115819.506,313.7859,,,30,31,0,1,25.7993
20260203115819.507,313.7970,,,30,31,0,1,25.7993
20260203115819.509,313.8081,,,30,31,0,1,25.7993
20260203115819.513,313.8192,,,30,31,0,1,25.7993
20260203115819.517,313.8303,,,30,31,0,1,25.7993
20260203115819.522,313.8414,,,30,31,0,1,25.7993
20260203115819.525,313.8525,,,30,31,0,1,25.7993
20260203115819.531,313.8636,,,30,31,0,1,25.7993
20260203115819.535,313.8747,,,30,31,0,1,25.7993
20260203115819.539,313.8858,,,30,31,0,1,25.7993
20260203115819.544,313.8969,,,30,31,0,1,25.7993
20260203115819.548,313.9080,,,30,31,0,1,25.7993
20260203115819.555,313.9191,,,30,31,0,1,25.7993
20260203115819.557,313.9302,,,30,31,0,1,25.7993
20260203115819.558,313.9413,,,30,31,0,1,25.7993
20260203115819.564,313.9524,,,30,31,0,1,25.7993
20260203115819.565,313.9635,,,30,31,0,1,25.7993
20260203115819.568,313.9746,,,30,31,0,1,25.7993
20260203115819.570,313.9857,,,30,31,0,1,25.7993
20260203115819.572,313.9968,,,30,31,0,1,25.7993
20260203115819.573,314.0079,,,30,31,0,1,25.7993
20260203115819.575,314.0190,,,30,31,0,1,25.7993
20260203115819.587,314.0301,,,30,31,0,1,25.7993
20260203115819.589,314.0412,,,30,31,0,1,25.7993
20260203115819.591,314.0523,,,30,31,0,1,25.7993
20260203115819.592,314.0634,,,30,31,0,1,25.7993
20260203115819.594,314.0745,,,30,31,0,1,25.7993
20260203115819.596,314.0856,,,30,31,0,1,25.7993
20260203115819.597,314.0967,,,30,31,0,1,25.7993
20260203115819.599,314.1078,,,30,31,0,1,25.7993
20260203115819.601,314.1189,,,30,31,0,1,25.7993
20260203115819.602,314.1300,,,30,31,0,1,25.7993
20260203115819.604,314.1411,,,30,31,0,1,25.7993
20260203115819.606,314.1522,,,30,31,0,1,25.7993
20260203115819.607,314.1633,,,30,31,0,1,25.7993
20260203115819.609,314.1744,,,30,31,0,1,25.7993
20260203115819.610,314.1855,,,30,31,0,1,25.7993
20260203115819.612,314.1966,,,30,31,0,1,25.7993
20260203115819.614,314.2077,,,30,31,0,1,25.7993
20260203115819.616,314.2188,,,30,31,0,1,25.7993
20260203115819.617,314.2299,,,30,31,0,1,25.7993
20260203115819.618,314.2410,,,30,31,0,1,25.7993
20260203115819.620,314.2521,,,30,31,0,1,25.7993
20260203115819.622,314.2632,,,30,31,0,1,25.7993
20260203115819.624,314.2743,,,30,31,0,1,25.7993
20260203115819.626,314.2854,,,30,31,0,1,25.7993
20260203115819.627,314.2965,,,30,31,0,1,25.7993
20260203115819.628,314.3076,,,30,31,0,1,25.7993
20260203115819.630,314.3187,,,30,31,0,1,25.7993
20260203115819.632,314.3298,,,30,31,0,1,25.7993
20260203115819.633,314.3409,,,30,31,0,1,25.7993
20260203115819.635,314.3520,,,30,31,0,1,25.7993
20260203115819.637,314.3631,,,30,31,0,1,25.7993
20260203115819.639,314.3742,,,30,31,0,1,25.7993
20260203115819.641,314.3853,,,30,31,0,1,25.7993
20260203115819.642,314.3964,,,30,31,0,1,25.7993
20260203115819.644,314.4075,,,30,31,0,1,25.7993
20260203115819.645,314.4186,,,30,31,0,1,25.7993
20260203115819.647,314.4297,,,30,31,0,1,25.7993
20260203115819.649,314.4408,,,30,31,0,1,25.7993
20260203115819.651,314.4519,,,30,31,0,1,25.7993
20260203115819.652,314.4630,,,30,31,0,1,25.7993
20260203115819.654,314.4741,,,30,31,0,1,25.7993
20260203115819.656,314.4852,,,30,31,0,1,25.7993
20260203115819.657,314.4963,,,30,31,0,1,25.7993
20260203115819.662,314.5074,,,30,31,0,1,25.7993
20260203115819.664,314.5185,,,30,31,0,1,25.7993
20260203115819.666,314.5296,,,30,31,0,1,25.7993
20260203115819.668,314.5407,,,30,31,0,1,25.7993
20260203115819.670,314.5518,,,30,31,0,1,25.7993
20260203115819.673,314.5629,,,30,31,0,1,25.7993
20260203115819.679,314.5740,,,30,31,0,1,25.7993
20260203115819.690,314.5851,,,30,31,0,1,25.7993
20260203115819.692,314.5962,,,30,31,0,1,25.7993
20260203115819.693,314.6073,,,30,31,0,1,25.7993
20260203115819.695,314.6184,,,30,31,0,1,25.7993
20260203115819.697,314.6295,,,30,31,0,1,25.7993
20260203115819.699,314.6406,,,30,31,0,1,25.7993
20260203115819.700,314.6517,,,30,31,0,1,25.7993
20260203115819.702,314.6628,,,30,31,0,1,25.7993
20260203115819.704,314.6739,,,30,31,0,1,25.7993
20260203115819.705,314.6850,,,30,31,0,1,25.7993
20260203115819.707,314.6961,,,30,31,0,1,25.7993
20260203115819.709,314.7072,,,30,31,0,1,25.7993
20260203115819.710,314.7183,,,30,31,0,1,25.7993
20260203115819.712,314.7294,,,30,31,0,1,25.7993
20260203115819.713,314.7405,,,30,31,0,1,25.7993
20260203115819.715,314.7516,,,30,31,0,1,25.7993
20260203115819.717,314.7627,,,30,31,0,1,25.7993
20260203115819.719,314.7738,,,30,31,0,1,25.7993
20260203115819.720,314.7849,,,30,31,0,1,25.7993
20260203115819.722,314.7960,,,30,31,0,1,25.7993
20260203115819.723,314.8071,,,30,31,0,1,25.7993
20260203115819.726,314.8182,,,30,31,0,1,25.7993
20260203115819.728,314.8293,,,30,31,0,1,25.7993
20260203115819.729,314.8404,,,30,31,0,1,25.7993
20260203115819.731,314.8515,,,30,31,0,1,25.7993
20260203115819.732,314.8626,,,30,31,0,1,25.7993
20260203115819.734,314.8737,,,30,31,0,1,25.7993
20260203115819.735,314.8848,,,30,31,0,1,25.7993
20260203115819.737,314.8959,,,30,31,0,1,25.7993
20260203115819.739,314.9070,,,30,31,0,1,25.7993
20260203115819.740,314.9181,,,30,31,0,1,25.7993
20260203115819.742,314.9292,,,30,31,0,1,25.7993
20260203115819.744,314.9403,,,30,31,0,1,25.7993
20260203115819.745,314.9514,,,30,31,0,1,25.7993
20260203115819.748,314.9625,,,30,31,0,1,25.7993
20260203115819.749,314.9736,,,30,31,0,1,25.7993
20260203115819.751,314.9847,,,30,31,0,1,25.7993
20260203115819.753,314.9958,,,30,31,0,1,25.7993
20260203115819.754,315.0069,,,30,31,0,1,25.7993
20260203115819.756,315.0180,,,30,31,0,1,25.7993
20260203115819.757,315.0291,,,30,31,0,1,25.7993
20260203115819.759,315.0402,,,30,31,0,1,25.7993
20260203115819.761,315.0513,,,30,31,0,1,25.7993
20260203115819.762,315.0624,,,30,31,0,1,25.7993
20260203115819.764,315.0735,,,30,31,0,1,25.7993
20260203115819.765,315.0846,,,30,31,0,1,25.7993
20260203115819.768,315.0957,,,30,31,0,1,25.7993
20260203115819.769,315.1068,,,30,31,0,1,25.7993
20260203115819.771,315.1179,,,30,31,0,1,25.7993
20260203115819.776,315.1290,,,30,31,0,1,25.7993
20260203115819.796,315.1401,,,30,31,0,1,25.7993
20260203115819.798,315.1512,,,30,31,0,1,25.7993
20260203115819.800,315.1623,,,30,31,0,1,25.7993
20260203115819.802,315.1734,,,30,31,0,1,25.7993
20260203115819.803,315.1845,,,30,31,0,1,25.7993
20260203115819.804,315.1956,,,30,31,0,1,25.7993
20260203115819.807,315.2067,,,30,31,0,1,25.7993
20260203115819.808,315.2178,,,30,31,0,1,25.7993
20260203115819.810,315.2289,,,30,31,0,1,25.7993
20260203115819.812,315.2400,,,30,31,0,1,25.7993
20260203115819.813,315.2511,,,30,31,0,1,25.7993
20260203115819.815,315.2622,,,30,31,0,1,25.7993
20260203115819.817,315.2733,,,30,31,0,1,25.7993
20260203115819.818,315.2844,,,30,31,0,1,25.7993
20260203115819.820,315.2955,,,30,31,0,1,25.7993
20260203115819.821,315.3066,,,30,31,0,1,25.7993
20260203115819.823,315.3177,,,30,31,0,1,25.7993
20260203115819.825,315.3288,,,30,31,0,1,25.7993
20260203115819.827,315.3399,,,30,31,0,1,25.7993
20260203115819.828,315.3510,,,30,31,0,1,25.7993
20260203115819.830,315.3621,,,30,31,0,1,25.7993
20260203115819.831,315.3732,,,30,31,0,1,25.7993
20260203115819.833,315.3843,,,30,31,0,1,25.7993
20260203115819.835,315.3954,,,30,31,0,1,25.7993
20260203115819.837,315.4065,,,30,31,0,1,25.7993
20260203115819.838,315.4176,,,30,31,0,1,25.7993
20260203115819.840,315.4287,,,30,31,0,1,25.7993
20260203115819.841,315.4398,,,30,31,0,1,25.7993
20260203115819.843,315.4509,,,30,31,0,1,25.7993
20260203115819.846,315.4620,,,30,31,0,1,25.7993
20260203115819.848,315.4731,,,30,31,0,1,25.7993
20260203115819.849,315.4842,,,30,31,0,1,25.7993
20260203115819.851,315.4953,,,30,31,0,1,25.7993
20260203115819.852,315.5064,,,30,31,0,1,25.7993
20260203115819.854,315.5175,,,30,31,0,1,25.7993
20260203115819.855,315.5286,,,30,31,0,1,25.7993
20260203115819.858,315.5397,,,30,31,0,1,25.7993
20260203115819.860,315.5508,,,30,31,0,1,25.7993
20260203115819.861,315.5619,,,30,31,0,1,25.7993
20260203115819.863,315.5730,,,30,31,0,1,25.7993
20260203115819.864,315.5841,,,30,31,0,1,25.7993
20260203115819.866,315.5952,,,30,31,0,1,25.7993
20260203115819.867,315.6063,,,30,31,0,1,25.7993
20260203115819.868,315.6174,,,30,31,0,1,25.7993
20260203115819.871,315.6285,,,30,31,0,1,25.7993
20260203115819.873,315.6396,,,30,31,0,1,25.7993
20260203115819.874,315.6507,,,30,31,0,1,25.7993
20260203115819.876,315.6618,,,30,31,0,1,25.7993
20260203115819.877,315.6729,,,30,31,0,1,25.7993
20260203115819.879,315.6840,,,30,31,0,1,25.7993
20260203115819.893,315.6951,,,30,31,0,1,25.7993
20260203115819.895,315.7062,,,30,31,0,1,25.7993
20260203115819.896,315.7173,,,30,31,0,1,25.7993
20260203115819.898,315.7284,,,30,31,0,1,25.7993
20260203115819.902,315.7395,,,30,31,0,1,25.7993
20260203115819.922,315.7506,,,30,31,0,1,25.7993
20260203115819.924,315.7617,,,30,31,0,1,25.7993
20260203115819.925,315.7728,,,30,31,0,1,25.7993
20260203115819.928,315.7839,,,30,31,0,1,25.7993
20260203115819.930,315.7950,,,30,31,0,1,25.7993
20260203115819.931,315.8061,,,30,31,0,1,25.7993
20260203115819.933,315.8172,,,30,31,0,1,25.7993
20260203115819.934,315.8283,,,30,31,0,1,25.7993
20260203115819.936,315.8394,,,30,31,0,1,25.7993
20260203115819.937,315.8505,,,30,31,0,1,25.7993
20260203115819.940,315.8616,,,30,31,0,1,25.7993
20260203115819.941,315.8727,,,30,31,0,1,25.7993
20260203115819.943,315.8838,,,30,31,0,1,25.7993
20260203115819.945,315.8949,,,30,31,0,1,25.7993
20260203115819.946,315.9060,,,30,31,0,1,25.7993
20260203115819.947,315.9171,,,30,31,0,1,25.7993
20260203115819.949,315.9282,,,30,31,0,1,25.7993
20260203115819.951,315.9393,,,30,31,0,1,25.7993
20260203115819.952,315.9504,,,30,31,0,1,25.7993
20260203115819.954,315.9615,,,30,31,0,1,25.7993
20260203115819.955,315.9726,,,30,31,0,1,25.7993
20260203115819.958,315.9837,,,30,31,0,1,25.7993
20260203115819.959,315.9948,,,30,31,0,1,25.7993
20260203115819.961,316.0059,,,30,31,0,1,25.7993
20260203115819.963,316.0170,,,30,31,0,1,25.7993
20260203115819.964,316.0281,,,30,31,0,1,25.7993
20260203115819.966,316.0392,,,30,31,0,1,25.7993
20260203115819.967,316.0503,,,30,31,0,1,25.7993
20260203115819.969,316.0614,,,30,31,0,1,25.7993
20260203115819.971,316.0725,,,30,31,0,1,25.7993
20260203115819.972,316.0836,,,30,31,0,1,25.7993
20260203115819.974,316.0947,,,30,31,0,1,25.7993
20260203115819.975,316.1058,,,30,31,0,1,25.7993
20260203115819.977,316.1169,,,30,31,0,1,25.7993
20260203115819.979,316.1280,,,30,31,0,1,25.7993
20260203115819.981,316.1391,,,30,31,0,1,25.7993
20260203115819.982,316.1502,,,30,31,0,1,25.7993
20260203115819.984,316.1613,,,30,31,0,1,25.7993
20260203115819.985,316.1724,,,30,31,0,1,25.7993
20260203115819.987,316.1835,,,30,31,0,1,25.7993
20260203115819.989,316.1946,,,30,31,0,1,25.7993
20260203115819.991,316.2057,,,30,31,0,1,25.7993
20260203115819.992,316.2168,,,30,31,0,1,25.7993
20260203115819.994,316.2279,,,30,31,0,1,25.7993
20260203115819.996,316.2390,,,30,31,0,1,25.7993
20260203115820.005,316.2501,,,30,31,0,1,25.7993
20260203115820.007,316.2612,,,30,31,0,1,25.7993
20260203115820.008,316.2723,,,30,31,0,1,25.7993
20260203115820.010,316.2834,,,30,31,0,1,25.7993
20260203115820.012,316.2945,,,30,31,0,1,25.7993
20260203115820.013,316.3056,,,30,31,0,1,25.7993
20260203115820.019,316.3167,,,30,31,0,1,25.7993
20260203115820.020,316.3278,,,30,31,0,1,25.7993
20260203115820.022,316.3389,,,30,31,0,1,25.7993
20260203115820.023,316.3500,,,30,31,0,1,25.7993
20260203115820.026,316.3611,,,30,31,0,1,25.7993
20260203115820.029,316.3722,,,30,31,0,1,25.7993
20260203115820.035,316.3833,,,30,31,0,1,25.7993
20260203115820.037,316.3944,,,30,31,0,1,25.7993
20260203115820.038,316.4055,,,30,31,0,1,25.7993
20260203115820.040,316.4166,,,30,31,0,1,25.7993
20260203115820.042,316.4277,,,30,31,0,1,25.7993
20260203115820.043,316.4388,,,30,31,0,1,25.7993
20260203115820.045,316.4499,,,30,31,0,1,25.7993
20260203115820.047,316.4610,,,30,31,0,1,25.7993
20260203115820.049,316.4721,,,30,31,0,1,25.7993
20260203115820.050,316.4832,,,30,31,0,1,25.7993
20260203115820.052,316.4943,,,30,31,0,1,25.7993
20260203115820.053,316.5054,,,30,31,0,1,25.7993
20260203115820.055,316.5165,,,30,31,0,1,25.7993
20260203115820.057,316.5276,,,30,31,0,1,25.7993
20260203115820.058,316.5387,,,30,31,0,1,25.7993
20260203115820.060,316.5498,,,30,31,0,1,25.7993
20260203115820.061,316.5609,,,30,31,0,1,25.7993
20260203115820.063,316.5720,,,30,31,0,1,25.7993
20260203115820.065,316.5831,,,30,31,0,1,25.7993
20260203115820.067,316.5942,,,30,31,0,1,25.7993
20260203115820.068,316.6053,,,30,31,0,1,25.7993
20260203115820.070,316.6164,,,30,31,0,1,25.7993
20260203115820.072,316.6275,,,30,31,0,1,25.7993
20260203115820.073,316.6386,,,30,31,0,1,25.7993
20260203115820.075,316.6497,,,30,31,0,1,25.7993
20260203115820.076,316.6608,,,30,31,0,1,25.7993
20260203115820.077,316.6719,,,30,31,0,1,25.7993
20260203115820.079,316.6830,,,30,31,0,1,25.7993
20260203115820.081,316.6941,,,30,31,0,1,25.7993
20260203115820.082,316.7052,,,30,31,0,1,25.7993
20260203115820.084,316.7163,,,30,31,0,1,25.7993
20260203115820.086,316.7274,,,30,31,0,1,25.7993
20260203115820.088,316.7385,,,30,31,0,1,25.7993
20260203115820.090,316.7496,,,30,31,0,1,25.7993
20260203115820.091,316.7607,,,30,31,0,1,25.7993
20260203115820.093,316.7718,,,30,31,0,1,25.7993
20260203115820.095,316.7829,,,30,31,0,1,25.7993
20260203115820.096,316.7940,,,30,31,0,1,25.7993
20260203115820.107,316.8051,,,30,31,0,1,25.7993
20260203115820.109,316.8162,,,30,31,0,1,25.7993
20260203115820.110,316.8273,,,30,31,0,1,25.7993
20260203115820.112,316.8384,,,30,31,0,1,25.7993
20260203115820.114,316.8495,,,30,31,0,1,25.7993
20260203115820.115,316.8606,,,30,31,0,1,25.7993
20260203115820.118,316.8717,,,30,31,0,1,25.7993
20260203115820.119,316.8828,,,30,31,0,1,25.7993
20260203115820.121,316.8939,,,30,31,0,1,25.7993
20260203115820.122,316.9050,,,30,31,0,1,25.7993
20260203115820.124,316.9161,,,30,31,0,1,25.7993
20260203115820.125,316.9272,,,30,31,0,1,25.7993
20260203115820.130,316.9383,,,30,31,0,1,25.7993
20260203115820.132,316.9494,,,30,31,0,1,25.7993
20260203115820.134,316.9605,,,30,31,0,1,25.7993
20260203115820.135,316.9716,,,30,31,0,1,25.7993
20260203115820.137,316.9827,,,30,31,0,1,25.7993
20260203115820.141,316.9938,,,30,31,0,1,25.7993
20260203115820.143,317.0049,,,30,31,0,1,25.7993
20260203115820.149,317.0160,,,30,31,0,1,25.7993
20260203115820.150,317.0271,,,30,31,0,1,25.7993
20260203115820.152,317.0382,,,30,31,0,1,25.7993
20260203115820.154,317.0493,,,30,31,0,1,25.7993
20260203115820.155,317.0604,,,30,31,0,1,25.7993
20260203115820.157,317.0715,,,30,31,0,1,25.7993
20260203115820.159,317.0826,,,30,31,0,1,25.7993
20260203115820.160,317.0937,,,30,31,0,1,25.7993
20260203115820.162,317.1048,,,30,31,0,1,25.7993
20260203115820.164,317.1159,,,30,31,0,1,25.7993
20260203115820.165,317.1270,,,30,31,0,1,25.7993
20260203115820.167,317.1381,,,30,31,0,1,25.7993
20260203115820.168,317.1492,,,30,31,0,1,25.7993
20260203115820.170,317.1603,,,30,31,0,1,25.7993
20260203115820.172,317.1714,,,30,31,0,1,25.7993
20260203115820.173,317.1825,,,30,31,0,1,25.7993
20260203115820.175,317.1936,,,30,31,0,1,25.7993
20260203115820.177,317.2047,,,30,31,0,1,25.7993
20260203115820.178,317.2158,,,30,31,0,1,25.7993
20260203115820.180,317.2269,,,30,31,0,1,25.7993
20260203115820.181,317.2380,,,30,31,0,1,25.7993
20260203115820.183,317.2491,,,30,31,0,1,25.7993
20260203115820.185,317.2602,,,30,31,0,1,25.7993
20260203115820.187,317.2713,,,30,31,0,1,25.7993
20260203115820.189,317.2824,,,30,31,0,1,25.7993
20260203115820.190,317.2935,,,30,31,0,1,25.7993
20260203115820.192,317.3046,,,30,31,0,1,25.7993
20260203115820.194,317.3157,,,30,31,0,1,25.7993
20260203115820.195,317.3268,,,30,31,0,1,25.7993
20260203115820.197,317.3379,,,30,31,0,1,25.7993
20260203115820.199,317.3490,,,30,31,0,1,25.7993
20260203115820.207,317.3601,,,30,31,0,1,25.7993
20260203115820.209,317.3712,,,30,31,0,1,25.7993
20260203115820.210,317.3823,,,30,31,0,1,25.7993
20260203115820.212,317.3934,,,30,31,0,1,25.7993
20260203115820.214,317.4045,,,30,31,0,1,25.7993
20260203115820.215,317.4156,,,30,31,0,1,25.7993
20260203115820.217,317.4267,,,30,31,0,1,25.7993
20260203115820.218,317.4378,,,30,31,0,1,25.7993
20260203115820.220,317.4489,,,30,31,0,1,25.7993
20260203115820.221,317.4600,,,30,31,0,1,25.7993
20260203115820.224,317.4711,,,30,31,0,1,25.7993
20260203115820.225,317.4822,,,30,31,0,1,25.7993
20260203115820.227,317.4933,,,30,31,0,1,25.7993
20260203115820.229,317.5044,,,30,31,0,1,25.7993
20260203115820.231,317.5155,,,30,31,0,1,25.7993
20260203115820.232,317.5266,,,30,31,0,1,25.7993
20260203115820.234,317.5377,,,30,31,0,1,25.7993
20260203115820.236,317.5488,,,30,31,0,1,25.7993
20260203115820.237,317.5599,,,30,31,0,1,25.7993
20260203115820.238,317.5710,,,30,31,0,1,25.7993
20260203115820.243,317.5821,,,30,31,0,1,25.7993
20260203115820.245,317.5932,,,30,31,0,1,25.7993
20260203115820.247,317.6043,,,30,31,0,1,25.7993
20260203115820.249,317.6154,,,30,31,0,1,25.7993
20260203115820.251,317.6265,,,30,31,0,1,25.7993
20260203115820.254,317.6376,,,30,31,0,1,25.7993
20260203115820.261,317.6487,,,30,31,0,1,25.7993
20260203115820.263,317.6598,,,30,31,0,1,25.7993
20260203115820.265,317.6709,,,30,31,0,1,25.7993
20260203115820.266,317.6820,,,30,31,0,1,25.7993
20260203115820.267,317.6931,,,30,31,0,1,25.7993
20260203115820.269,317.7042,,,30,31,0,1,25.7993
20260203115820.271,317.7153,,,30,31,0,1,25.7993
20260203115820.272,317.7264,,,30,31,0,1,25.7993
20260203115820.274,317.7375,,,30,31,0,1,25.7993
20260203115820.275,317.7486,,,30,31,0,1,25.7993
20260203115820.278,317.7597,,,30,31,0,1,25.7993
20260203115820.280,317.7708,,,30,31,0,1,25.7993
20260203115820.281,317.7819,,,30,31,0,1,25.7993
20260203115820.283,317.7930,,,30,31,0,1,25.7993
20260203115820.284,317.8041,,,30,31,0,1,25.7993
20260203115820.285,317.8152,,,30,31,0,1,25.7993
20260203115820.288,317.8263,,,30,31,0,1,25.7993
20260203115820.290,317.8374,,,30,31,0,1,25.7993
20260203115820.291,317.8485,,,30,31,0,1,25.7993
20260203115820.293,317.8596,,,30,31,0,1,25.7993
20260203115820.295,317.8707,,,30,31,0,1,25.7993
20260203115820.296,317.8818,,,30,31,0,1,25.7993
20260203115820.298,317.8929,,,30,31,0,1,25.7993
20260203115820.299,317.9040,,,30,31,0,1,25.7993
20260203115820.310,317.9151,,,30,31,0,1,25.7993
20260203115820.312,317.9262,,,30,31,0,1,25.7993
20260203115820.313,317.9373,,,30,31,0,1,25.7993
20260203115820.315,317.9484,,,30,31,0,1,25.7993
20260203115820.317,317.9595,,,30,31,0,1,25.7993
20260203115820.319,317.9706,,,30,31,0,1,25.7993
20260203115820.320,317.9817,,,30,31,0,1,25.7993
20260203115820.322,317.9928,,,30,31,0,1,25.7993
20260203115820.323,318.0039,,,30,31,0,1,25.7993
20260203115820.325,318.0150,,,30,31,0,1,25.7993
20260203115820.327,318.0261,,,30,31,0,1,25.7993
20260203115820.329,318.0372,,,30,31,0,1,25.7993
20260203115820.330,318.0483,,,30,31,0,1,25.7993
20260203115820.332,318.0594,,,30,31,0,1,25.7993
20260203115820.334,318.0705,,,30,31,0,1,25.7993
20260203115820.335,318.0816,,,30,31,0,1,25.7993
20260203115820.337,318.0927,,,30,31,0,1,25.7993
20260203115820.338,318.1038,,,30,31,0,1,25.7993
20260203115820.340,318.1149,,,30,31,0,1,25.7993
20260203115820.341,318.1260,,,30,31,0,1,25.7993
20260203115820.343,318.1371,,,30,31,0,1,25.7993
20260203115820.345,318.1482,,,30,31,0,1,25.7993
20260203115820.347,318.1593,,,30,31,0,1,25.7993
20260203115820.349,318.1704,,,30,31,0,1,25.7993
20260203115820.350,318.1815,,,30,31,0,1,25.7993
20260203115820.352,318.1926,,,30,31,0,1,25.7993
20260203115820.353,318.2037,,,30,31,0,1,25.7993
20260203115820.359,318.2148,,,30,31,0,1,25.7993
20260203115820.361,318.2259,,,30,31,0,1,25.7993
20260203115820.362,318.2370,,,30,31,0,1,25.7993
20260203115820.364,318.2481,,,30,31,0,1,25.7993
20260203115820.367,318.2592,,,30,31,0,1,25.7993
20260203115820.370,318.2703,,,30,31,0,1,25.7993
20260203115820.373,318.2814,,,30,31,0,1,25.7993
20260203115820.379,318.2925,,,30,31,0,1,25.7993
20260203115820.380,318.3036,,,30,31,0,1,25.7993
20260203115820.382,318.3147,,,30,31,0,1,25.7993
20260203115820.384,318.3258,,,30,31,0,1,25.7993
20260203115820.385,318.3369,,,30,31,0,1,25.7993
20260203115820.387,318.3480,,,30,31,0,1,25.7993
20260203115820.389,318.3591,,,30,31,0,1,25.7993
20260203115820.391,318.3702,,,30,31,0,1,25.7993
20260203115820.392,318.3813,,,30,31,0,1,25.7993
20260203115820.394,318.3924,,,30,31,0,1,25.7993
20260203115820.395,318.4035,,,30,31,0,1,25.7993
20260203115820.397,318.4146,,,30,31,0,1,25.7993
20260203115820.399,318.4257,,,30,31,0,1,25.7993
20260203115820.401,318.4368,,,30,31,0,1,25.7993
20260203115820.402,318.4479,,,30,31,0,1,25.7993
20260203115820.404,318.4590,,,30,31,0,1,25.7993
20260203115820.413,318.4701,,,30,31,0,1,25.7993
20260203115820.416,318.4812,,,30,31,0,1,25.7993
20260203115820.417,318.4923,,,30,31,0,1,25.7993
20260203115820.418,318.5034,,,30,31,0,1,25.7993
20260203115820.420,318.5145,,,30,31,0,1,25.7993
20260203115820.421,318.5256,,,30,31,0,1,25.7993
20260203115820.424,318.5367,,,30,31,0,1,25.7993
20260203115820.426,318.5478,,,30,31,0,1,25.7993
20260203115820.427,318.5589,,,30,31,0,1,25.7993
20260203115820.429,318.5700,,,30,31,0,1,25.7993
20260203115820.430,318.5811,,,30,31,0,1,25.7993
20260203115820.432,318.5922,,,30,31,0,1,25.7993
20260203115820.433,318.6033,,,30,31,0,1,25.7993
20260203115820.435,318.6144,,,30,31,0,1,25.7993
20260203115820.437,318.6255,,,30,31,0,1,25.7993
20260203115820.439,318.6366,,,30,31,0,1,25.7993
20260203115820.441,318.6477,,,30,31,0,1,25.7993
20260203115820.442,318.6588,,,30,31,0,1,25.7993
20260203115820.444,318.6699,,,30,31,0,1,25.7993
20260203115820.445,318.6810,,,30,31,0,1,25.7993
20260203115820.447,318.6921,,,30,31,0,1,25.7993
20260203115820.448,318.7032,,,30,31,0,1,25.7993
20260203115820.450,318.7143,,,30,31,0,1,25.7993
20260203115820.452,318.7254,,,30,31,0,1,25.7993
20260203115820.453,318.7365,,,30,31,0,1,25.7993
20260203115820.455,318.7476,,,30,31,0,1,25.7993
20260203115820.457,318.7587,,,30,31,0,1,25.7993
20260203115820.459,318.7698,,,30,31,0,1,25.7993
20260203115820.461,318.7809,,,30,31,0,1,25.7993
20260203115820.462,318.7920,,,30,31,0,1,25.7993
20260203115820.464,318.8031,,,30,31,0,1,25.7993
20260203115820.465,318.8142,,,30,31,0,1,25.7993
20260203115820.466,318.8253,,,30,31,0,1,25.7993
20260203115820.469,318.8364,,,30,31,0,1,25.7993
20260203115820.471,318.8475,,,30,31,0,1,25.7993
20260203115820.475,318.8586,,,30,31,0,1,25.7993
20260203115820.477,318.8697,,,30,31,0,1,25.7993
20260203115820.479,318.8808,,,30,31,0,1,25.7993
20260203115820.480,318.8919,,,30,31,0,1,25.7993
20260203115820.482,318.9030,,,30,31,0,1,25.7993
20260203115820.484,318.9141,,,30,31,0,1,25.7993
20260203115820.488,318.9252,,,30,31,0,1,25.7993
20260203115820.494,318.9363,,,30,31,0,1,25.7993
20260203115820.497,318.9474,,,30,31,0,1,25.7993
20260203115820.498,318.9585,,,30,31,0,1,25.7993
20260203115820.500,318.9696,,,30,31,0,1,25.7993
20260203115820.502,318.9807,,,30,31,0,1,25.7993
20260203115820.503,318.9918,,,30,31,0,1,25.7993
20260203115820.505,319.0029,,,30,31,0,1,25.7993
20260203115820.507,319.0140,,,30,31,0,1,25.7993
20260203115820.517,319.0251,,,30,31,0,1,25.7993
20260203115820.519,319.0362,,,30,31,0,1,25.7993
20260203115820.521,319.0473,,,30,31,0,1,25.7993
20260203115820.523,319.0584,,,30,31,0,1,25.7993
20260203115820.524,319.0695,,,30,31,0,1,25.7993
20260203115820.525,319.0806,,,30,31,0,1,25.7993
20260203115820.528,319.0917,,,30,31,0,1,25.7993
20260203115820.530,319.1028,,,30,31,0,1,25.7993
20260203115820.531,319.1139,,,30,31,0,1,25.7993
20260203115820.533,319.1250,,,30,31,0,1,25.7993
20260203115820.535,319.1361,,,30,31,0,1,25.7993
20260203115820.536,319.1472,,,30,31,0,1,25.7993
20260203115820.537,319.1583,,,30,31,0,1,25.7993
20260203115820.539,319.1694,,,30,31,0,1,25.7993
20260203115820.541,319.1805,,,30,31,0,1,25.7993
20260203115820.542,319.1916,,,30,31,0,1,25.7993
20260203115820.544,319.2027,,,30,31,0,1,25.7993
20260203115820.546,319.2138,,,30,31,0,1,25.7993
20260203115820.548,319.2249,,,30,31,0,1,25.7993
20260203115820.549,319.2360,,,30,31,0,1,25.7993
20260203115820.551,319.2471,,,30,31,0,1,25.7993
20260203115820.553,319.2582,,,30,31,0,1,25.7993
20260203115820.555,319.2693,,,30,31,0,1,25.7993
20260203115820.556,319.2804,,,30,31,0,1,25.7993
20260203115820.557,319.2915,,,30,31,0,1,25.7993
20260203115820.560,319.3026,,,30,31,0,1,25.7993
20260203115820.561,319.3137,,,30,31,0,1,25.7993
20260203115820.563,319.3248,,,30,31,0,1,25.7993
20260203115820.565,319.3359,,,30,31,0,1,25.7993
20260203115820.566,319.3470,,,30,31,0,1,25.7993
20260203115820.568,319.3581,,,30,31,0,1,25.7993
20260203115820.569,319.3692,,,30,31,0,1,25.7993
20260203115820.571,319.3803,,,30,31,0,1,25.7993
20260203115820.573,319.3914,,,30,31,0,1,25.7993
20260203115820.574,319.4025,,,30,31,0,1,25.7993
20260203115820.575,319.4136,,,30,31,0,1,25.7993
20260203115820.578,319.4247,,,30,31,0,1,25.7993
20260203115820.580,319.4358,,,30,31,0,1,25.7993
20260203115820.581,319.4469,,,30,31,0,1,25.7993
20260203115820.583,319.4580,,,30,31,0,1,25.7993
20260203115820.585,319.4691,,,30,31,0,1,25.7993
20260203115820.587,319.4802,,,30,31,0,1,25.7993
20260203115820.589,319.4913,,,30,31,0,1,25.7993
20260203115820.590,319.5024,,,30,31,0,1,25.7993
20260203115820.595,319.5135,,,30,31,0,1,25.7993
20260203115820.597,319.5246,,,30,31,0,1,25.7993
20260203115820.599,319.5357,,,30,31,0,1,25.7993
20260203115820.600,319.5468,,,30,31,0,1,25.7993
20260203115820.603,319.5579,,,30,31,0,1,25.7993
20260203115820.607,319.5690,,,30,31,0,1,25.7993
20260203115820.623,319.5801,,,30,31,0,1,25.7993
20260203115820.625,319.5912,,,30,31,0,1,25.7993
20260203115820.627,319.6023,,,30,31,0,1,25.7993
20260203115820.628,319.6134,,,30,31,0,1,25.7993
20260203115820.629,319.6245,,,30,31,0,1,25.7993
20260203115820.631,319.6356,,,30,31,0,1,25.7993
20260203115820.633,319.6467,,,30,31,0,1,25.7993
20260203115820.634,319.6578,,,30,31,0,1,25.7993
20260203115820.637,319.6689,,,30,31,0,1,25.7993
20260203115820.638,319.6800,,,30,31,0,1,25.7993
20260203115820.640,319.6911,,,30,31,0,1,25.7993
20260203115820.642,319.7022,,,30,31,0,1,25.7993
20260203115820.643,319.7133,,,30,31,0,1,25.7993
20260203115820.645,319.7244,,,30,31,0,1,25.7993
20260203115820.647,319.7355,,,30,31,0,1,25.7993
20260203115820.648,319.7466,,,30,31,0,1,25.7993
20260203115820.650,319.7577,,,30,31,0,1,25.7993
20260203115820.652,319.7688,,,30,31,0,1,25.7993
20260203115820.653,319.7799,,,30,31,0,1,25.7993
20260203115820.655,319.7910,,,30,31,0,1,25.7993
20260203115820.657,319.8021,,,30,31,0,1,25.7993
20260203115820.658,319.8132,,,30,31,0,1,25.7993
20260203115820.660,319.8243,,,30,31,0,1,25.7993
20260203115820.661,319.8354,,,30,31,0,1,25.7993
20260203115820.663,319.8465,,,30,31,0,1,25.7993
20260203115820.665,319.8576,,,30,31,0,1,25.7993
20260203115820.667,319.8687,,,30,31,0,1,25.7993
20260203115820.668,319.8798,,,30,31,0,1,25.7993
20260203115820.670,319.8909,,,30,31,0,1,25.7993
20260203115820.671,319.9020,,,30,31,0,1,25.7993
20260203115820.673,319.9131,,,30,31,0,1,25.7993
20260203115820.674,319.9242,,,30,31,0,1,25.7993
20260203115820.677,319.9353,,,30,31,0,1,25.7993
20260203115820.678,319.9464,,,30,31,0,1,25.7993
20260203115820.680,319.9575,,,30,31,0,1,25.7993
20260203115820.682,319.9686,,,30,31,0,1,25.7993
20260203115820.684,319.9797,,,30,31,0,1,25.7993
20260203115820.685,319.9908,,,30,31,0,1,25.7993
20260203115820.687,320.0019,,,30,31,0,1,25.7993
20260203115820.688,320.0130,,,30,31,0,1,25.7993
20260203115820.690,320.0241,,,30,31,0,1,25.7993
20260203115820.691,320.0352,,,30,31,0,1,25.7993
20260203115820.693,320.0463,,,30,31,0,1,25.7993
20260203115820.695,320.0574,,,30,31,0,1,25.7993
20260203115820.697,320.0685,,,30,31,0,1,25.7993
20260203115820.699,320.0796,,,30,31,0,1,25.7993
20260203115820.700,320.0907,,,30,31,0,1,25.7993
20260203115820.702,320.1018,,,30,31,0,1,25.7993
20260203115820.704,320.1129,,,30,31,0,1,25.7993
20260203115820.705,320.1240,,,30,31,0,1,25.7993
20260203115820.720,320.1351,,,30,31,0,1,25.7993
20260203115820.725,320.1462,,,30,31,0,1,25.7993
20260203115820.727,320.1573,,,30,31,0,1,25.7993
20260203115820.729,320.1684,,,30,31,0,1,25.7993
20260203115820.730,320.1795,,,30,31,0,1,25.7993
20260203115820.733,320.1906,,,30,31,0,1,25.7993
20260203115820.736,320.2017,,,30,31,0,1,25.7993
20260203115820.739,320.2128,,,30,31,0,1,25.7993
20260203115820.744,320.2239,,,30,31,0,1,25.7993
20260203115820.747,320.2350,,,30,31,0,1,25.7993
20260203115820.748,320.2461,,,30,31,0,1,25.7993
20260203115820.750,320.2572,,,30,31,0,1,25.7993
20260203115820.752,320.2683,,,30,31,0,1,25.7993
20260203115820.753,320.2794,,,30,31,0,1,25.7993
20260203115820.755,320.2905,,,30,31,0,1,25.7993
20260203115820.757,320.3016,,,30,31,0,1,25.7993
20260203115820.759,320.3127,,,30,31,0,1,25.7993
20260203115820.760,320.3238,,,30,31,0,1,25.7993
20260203115820.762,320.3349,,,30,31,0,1,25.7993
